ISO-10303-21;
HEADER;
FILE_DESCRIPTION(('Open CASCADE Model'),'2;1');
FILE_NAME('holder','2000-01-01T00:00:00',('Author'),('Open CASCADE'),
  'Open CASCADE STEP processor 7.9','cadgen','Unknown');
FILE_SCHEMA(('AUTOMOTIVE_DESIGN { 1 0 10303 214 1 1 1 1 }'));
ENDSEC;
DATA;
#1 = APPLICATION_PROTOCOL_DEFINITION('international standard',
  'automotive_design',2000,#2);
#2 = APPLICATION_CONTEXT(
  'core data for automotive mechanical design processes');
#3 = SHAPE_DEFINITION_REPRESENTATION(#4,#10);
#4 = PRODUCT_DEFINITION_SHAPE('','',#5);
#5 = PRODUCT_DEFINITION('design','',#6,#9);
#6 = PRODUCT_DEFINITION_FORMATION('','',#7);
#7 = PRODUCT('=>[0:1:1:2]','=>[0:1:1:2]','',(#8));
#8 = PRODUCT_CONTEXT('',#2,'mechanical');
#9 = PRODUCT_DEFINITION_CONTEXT('part definition',#2,'design');
#10 = SHAPE_REPRESENTATION('',(#11,#15),#19);
#11 = AXIS2_PLACEMENT_3D('',#12,#13,#14);
#12 = CARTESIAN_POINT('',(0.,0.,0.));
#13 = DIRECTION('',(0.,0.,1.));
#14 = DIRECTION('',(1.,0.,0.));
#15 = AXIS2_PLACEMENT_3D('',#16,#17,#18);
#16 = CARTESIAN_POINT('',(0.,0.,0.));
#17 = DIRECTION('',(0.,0.,1.));
#18 = DIRECTION('',(1.,0.,0.));
#19 = ( GEOMETRIC_REPRESENTATION_CONTEXT(3) 
GLOBAL_UNCERTAINTY_ASSIGNED_CONTEXT((#23)) GLOBAL_UNIT_ASSIGNED_CONTEXT(
(#20,#21,#22)) REPRESENTATION_CONTEXT('Context #1',
  '3D Context with UNIT and UNCERTAINTY') );
#20 = ( LENGTH_UNIT() NAMED_UNIT(*) SI_UNIT(.MILLI.,.METRE.) );
#21 = ( NAMED_UNIT(*) PLANE_ANGLE_UNIT() SI_UNIT($,.RADIAN.) );
#22 = ( NAMED_UNIT(*) SI_UNIT($,.STERADIAN.) SOLID_ANGLE_UNIT() );
#23 = UNCERTAINTY_MEASURE_WITH_UNIT(LENGTH_MEASURE(5.E-06),#20,
  'distance_accuracy_value','confusion accuracy');
#24 = PRODUCT_RELATED_PRODUCT_CATEGORY('part',$,(#7));
#25 = SHAPE_DEFINITION_REPRESENTATION(#26,#32);
#26 = PRODUCT_DEFINITION_SHAPE('','',#27);
#27 = PRODUCT_DEFINITION('design','',#28,#31);
#28 = PRODUCT_DEFINITION_FORMATION('','',#29);
#29 = PRODUCT('holder','holder','',(#30));
#30 = PRODUCT_CONTEXT('',#2,'mechanical');
#31 = PRODUCT_DEFINITION_CONTEXT('part definition',#2,'design');
#32 = ADVANCED_BREP_SHAPE_REPRESENTATION('',(#11,#33),#6295);
#33 = MANIFOLD_SOLID_BREP('',#34);
#34 = CLOSED_SHELL('',(#35,#155,#243,#320,#397,#475,#532,#589,#665,#2073
    ,#2098,#3450,#3475,#3551,#3576,#3601,#3679,#3746,#3798,#3805,#3858,
    #3910,#3963,#4017,#4069,#4094,#4122,#4169,#4196,#4223,#4250,#4277,
    #4304,#4331,#4338,#4385,#4412,#4439,#4466,#4493,#4520,#4547,#4554,
    #4601,#4628,#4655,#4662,#4709,#4736,#4763,#4790,#4817,#4844,#4871,
    #4878,#4925,#4952,#4979,#5006,#5033,#5060,#5087,#5094,#5161,#5208,
    #5215,#5263,#5310,#5358,#5407,#5454,#5479,#5507,#5562,#5617,#5672,
    #5727,#5754,#5779,#5806,#5833,#5860,#5887,#5912,#5919,#5954,#5989,
    #6024,#6059,#6114,#6169,#6224,#6279,#6283,#6287,#6291));
#35 = ADVANCED_FACE('',(#36),#50,.T.);
#36 = FACE_BOUND('',#37,.T.);
#37 = EDGE_LOOP('',(#38,#73,#101,#129));
#38 = ORIENTED_EDGE('',*,*,#39,.T.);
#39 = EDGE_CURVE('',#40,#42,#44,.T.);
#40 = VERTEX_POINT('',#41);
#41 = CARTESIAN_POINT('',(-16.7,-14.,0.4));
#42 = VERTEX_POINT('',#43);
#43 = CARTESIAN_POINT('',(-16.7,-14.,1.6));
#44 = SURFACE_CURVE('',#45,(#49,#61),.PCURVE_S1.);
#45 = LINE('',#46,#47);
#46 = CARTESIAN_POINT('',(-16.7,-14.,0.));
#47 = VECTOR('',#48,1.);
#48 = DIRECTION('',(0.,0.,1.));
#49 = PCURVE('',#50,#55);
#50 = PLANE('',#51);
#51 = AXIS2_PLACEMENT_3D('',#52,#53,#54);
#52 = CARTESIAN_POINT('',(-16.7,-14.,0.));
#53 = DIRECTION('',(-1.,0.,0.));
#54 = DIRECTION('',(0.,1.,0.));
#55 = DEFINITIONAL_REPRESENTATION('',(#56),#60);
#56 = LINE('',#57,#58);
#57 = CARTESIAN_POINT('',(0.,0.));
#58 = VECTOR('',#59,1.);
#59 = DIRECTION('',(0.,-1.));
#60 = ( GEOMETRIC_REPRESENTATION_CONTEXT(2) 
PARAMETRIC_REPRESENTATION_CONTEXT() REPRESENTATION_CONTEXT('2D SPACE',''
  ) );
#61 = PCURVE('',#62,#67);
#62 = CYLINDRICAL_SURFACE('',#63,1.);
#63 = AXIS2_PLACEMENT_3D('',#64,#65,#66);
#64 = CARTESIAN_POINT('',(-15.7,-14.,0.));
#65 = DIRECTION('',(0.,0.,-1.));
#66 = DIRECTION('',(1.,0.,0.));
#67 = DEFINITIONAL_REPRESENTATION('',(#68),#72);
#68 = LINE('',#69,#70);
#69 = CARTESIAN_POINT('',(-3.14159265359,0.));
#70 = VECTOR('',#71,1.);
#71 = DIRECTION('',(0.,-1.));
#72 = ( GEOMETRIC_REPRESENTATION_CONTEXT(2) 
PARAMETRIC_REPRESENTATION_CONTEXT() REPRESENTATION_CONTEXT('2D SPACE',''
  ) );
#73 = ORIENTED_EDGE('',*,*,#74,.T.);
#74 = EDGE_CURVE('',#42,#75,#77,.T.);
#75 = VERTEX_POINT('',#76);
#76 = CARTESIAN_POINT('',(-16.7,13.999999994414,1.6));
#77 = SURFACE_CURVE('',#78,(#82,#89),.PCURVE_S1.);
#78 = LINE('',#79,#80);
#79 = CARTESIAN_POINT('',(-16.7,-14.,1.6));
#80 = VECTOR('',#81,1.);
#81 = DIRECTION('',(0.,1.,0.));
#82 = PCURVE('',#50,#83);
#83 = DEFINITIONAL_REPRESENTATION('',(#84),#88);
#84 = LINE('',#85,#86);
#85 = CARTESIAN_POINT('',(0.,-1.6));
#86 = VECTOR('',#87,1.);
#87 = DIRECTION('',(1.,0.));
#88 = ( GEOMETRIC_REPRESENTATION_CONTEXT(2) 
PARAMETRIC_REPRESENTATION_CONTEXT() REPRESENTATION_CONTEXT('2D SPACE',''
  ) );
#89 = PCURVE('',#90,#95);
#90 = PLANE('',#91);
#91 = AXIS2_PLACEMENT_3D('',#92,#93,#94);
#92 = CARTESIAN_POINT('',(-16.5,-14.,1.8));
#93 = DIRECTION('',(-0.707106781187,0.,0.707106781187));
#94 = DIRECTION('',(0.,-1.,0.));
#95 = DEFINITIONAL_REPRESENTATION('',(#96),#100);
#96 = LINE('',#97,#98);
#97 = CARTESIAN_POINT('',(0.,-0.282842712475));
#98 = VECTOR('',#99,1.);
#99 = DIRECTION('',(-1.,0.));
#100 = ( GEOMETRIC_REPRESENTATION_CONTEXT(2) 
PARAMETRIC_REPRESENTATION_CONTEXT() REPRESENTATION_CONTEXT('2D SPACE',''
  ) );
#101 = ORIENTED_EDGE('',*,*,#102,.F.);
#102 = EDGE_CURVE('',#103,#75,#105,.T.);
#103 = VERTEX_POINT('',#104);
#104 = CARTESIAN_POINT('',(-16.7,13.999999994414,0.4));
#105 = SURFACE_CURVE('',#106,(#110,#117),.PCURVE_S1.);
#106 = LINE('',#107,#108);
#107 = CARTESIAN_POINT('',(-16.7,13.999999994414,0.));
#108 = VECTOR('',#109,1.);
#109 = DIRECTION('',(0.,0.,1.));
#110 = PCURVE('',#50,#111);
#111 = DEFINITIONAL_REPRESENTATION('',(#112),#116);
#112 = LINE('',#113,#114);
#113 = CARTESIAN_POINT('',(27.999999994416,0.));
#114 = VECTOR('',#115,1.);
#115 = DIRECTION('',(0.,-1.));
#116 = ( GEOMETRIC_REPRESENTATION_CONTEXT(2) 
PARAMETRIC_REPRESENTATION_CONTEXT() REPRESENTATION_CONTEXT('2D SPACE',''
  ) );
#117 = PCURVE('',#118,#123);
#118 = CYLINDRICAL_SURFACE('',#119,1.);
#119 = AXIS2_PLACEMENT_3D('',#120,#121,#122);
#120 = CARTESIAN_POINT('',(-15.7,13.999999994414,0.));
#121 = DIRECTION('',(0.,0.,-1.));
#122 = DIRECTION('',(1.,0.,0.));
#123 = DEFINITIONAL_REPRESENTATION('',(#124),#128);
#124 = LINE('',#125,#126);
#125 = CARTESIAN_POINT('',(-3.14159265359,0.));
#126 = VECTOR('',#127,1.);
#127 = DIRECTION('',(0.,-1.));
#128 = ( GEOMETRIC_REPRESENTATION_CONTEXT(2) 
PARAMETRIC_REPRESENTATION_CONTEXT() REPRESENTATION_CONTEXT('2D SPACE',''
  ) );
#129 = ORIENTED_EDGE('',*,*,#130,.F.);
#130 = EDGE_CURVE('',#40,#103,#131,.T.);
#131 = SURFACE_CURVE('',#132,(#136,#143),.PCURVE_S1.);
#132 = LINE('',#133,#134);
#133 = CARTESIAN_POINT('',(-16.7,-14.,0.4));
#134 = VECTOR('',#135,1.);
#135 = DIRECTION('',(0.,1.,0.));
#136 = PCURVE('',#50,#137);
#137 = DEFINITIONAL_REPRESENTATION('',(#138),#142);
#138 = LINE('',#139,#140);
#139 = CARTESIAN_POINT('',(0.,-0.4));
#140 = VECTOR('',#141,1.);
#141 = DIRECTION('',(1.,0.));
#142 = ( GEOMETRIC_REPRESENTATION_CONTEXT(2) 
PARAMETRIC_REPRESENTATION_CONTEXT() REPRESENTATION_CONTEXT('2D SPACE',''
  ) );
#143 = PCURVE('',#144,#149);
#144 = PLANE('',#145);
#145 = AXIS2_PLACEMENT_3D('',#146,#147,#148);
#146 = CARTESIAN_POINT('',(-16.5,-14.,0.2));
#147 = DIRECTION('',(0.707106781187,-6.949987266552E-18,0.707106781187)
  );
#148 = DIRECTION('',(-4.914383125339E-18,-1.,-4.914383125339E-18));
#149 = DEFINITIONAL_REPRESENTATION('',(#150),#154);
#150 = LINE('',#151,#152);
#151 = CARTESIAN_POINT('',(0.,-0.282842712475));
#152 = VECTOR('',#153,1.);
#153 = DIRECTION('',(-1.,0.));
#154 = ( GEOMETRIC_REPRESENTATION_CONTEXT(2) 
PARAMETRIC_REPRESENTATION_CONTEXT() REPRESENTATION_CONTEXT('2D SPACE',''
  ) );
#155 = ADVANCED_FACE('',(#156),#62,.T.);
#156 = FACE_BOUND('',#157,.F.);
#157 = EDGE_LOOP('',(#158,#159,#188,#216));
#158 = ORIENTED_EDGE('',*,*,#39,.T.);
#159 = ORIENTED_EDGE('',*,*,#160,.F.);
#160 = EDGE_CURVE('',#161,#42,#163,.T.);
#161 = VERTEX_POINT('',#162);
#162 = CARTESIAN_POINT('',(-15.7,-14.99999999999,1.6));
#163 = SURFACE_CURVE('',#164,(#169,#176),.PCURVE_S1.);
#164 = CIRCLE('',#165,1.);
#165 = AXIS2_PLACEMENT_3D('',#166,#167,#168);
#166 = CARTESIAN_POINT('',(-15.7,-14.,1.6));
#167 = DIRECTION('',(0.,0.,-1.));
#168 = DIRECTION('',(0.,-1.,0.));
#169 = PCURVE('',#62,#170);
#170 = DEFINITIONAL_REPRESENTATION('',(#171),#175);
#171 = LINE('',#172,#173);
#172 = CARTESIAN_POINT('',(-4.712388980385,-1.6));
#173 = VECTOR('',#174,1.);
#174 = DIRECTION('',(1.,0.));
#175 = ( GEOMETRIC_REPRESENTATION_CONTEXT(2) 
PARAMETRIC_REPRESENTATION_CONTEXT() REPRESENTATION_CONTEXT('2D SPACE',''
  ) );
#176 = PCURVE('',#177,#182);
#177 = CONICAL_SURFACE('',#178,1.,0.785398163397);
#178 = AXIS2_PLACEMENT_3D('',#179,#180,#181);
#179 = CARTESIAN_POINT('',(-15.7,-14.,1.6));
#180 = DIRECTION('',(0.,0.,-1.));
#181 = DIRECTION('',(0.,-1.,0.));
#182 = DEFINITIONAL_REPRESENTATION('',(#183),#187);
#183 = LINE('',#184,#185);
#184 = CARTESIAN_POINT('',(0.,0.));
#185 = VECTOR('',#186,1.);
#186 = DIRECTION('',(1.,0.));
#187 = ( GEOMETRIC_REPRESENTATION_CONTEXT(2) 
PARAMETRIC_REPRESENTATION_CONTEXT() REPRESENTATION_CONTEXT('2D SPACE',''
  ) );
#188 = ORIENTED_EDGE('',*,*,#189,.F.);
#189 = EDGE_CURVE('',#190,#161,#192,.T.);
#190 = VERTEX_POINT('',#191);
#191 = CARTESIAN_POINT('',(-15.7,-14.99999999999,0.4));
#192 = SURFACE_CURVE('',#193,(#197,#204),.PCURVE_S1.);
#193 = LINE('',#194,#195);
#194 = CARTESIAN_POINT('',(-15.7,-15.,0.));
#195 = VECTOR('',#196,1.);
#196 = DIRECTION('',(0.,0.,1.));
#197 = PCURVE('',#62,#198);
#198 = DEFINITIONAL_REPRESENTATION('',(#199),#203);
#199 = LINE('',#200,#201);
#200 = CARTESIAN_POINT('',(-4.712388980385,0.));
#201 = VECTOR('',#202,1.);
#202 = DIRECTION('',(0.,-1.));
#203 = ( GEOMETRIC_REPRESENTATION_CONTEXT(2) 
PARAMETRIC_REPRESENTATION_CONTEXT() REPRESENTATION_CONTEXT('2D SPACE',''
  ) );
#204 = PCURVE('',#205,#210);
#205 = PLANE('',#206);
#206 = AXIS2_PLACEMENT_3D('',#207,#208,#209);
#207 = CARTESIAN_POINT('',(-15.7,-14.99999999999,0.));
#208 = DIRECTION('',(0.,1.,0.));
#209 = DIRECTION('',(1.,0.,0.));
#210 = DEFINITIONAL_REPRESENTATION('',(#211),#215);
#211 = LINE('',#212,#213);
#212 = CARTESIAN_POINT('',(0.,0.));
#213 = VECTOR('',#214,1.);
#214 = DIRECTION('',(0.,-1.));
#215 = ( GEOMETRIC_REPRESENTATION_CONTEXT(2) 
PARAMETRIC_REPRESENTATION_CONTEXT() REPRESENTATION_CONTEXT('2D SPACE',''
  ) );
#216 = ORIENTED_EDGE('',*,*,#217,.T.);
#217 = EDGE_CURVE('',#190,#40,#218,.T.);
#218 = SURFACE_CURVE('',#219,(#224,#231),.PCURVE_S1.);
#219 = CIRCLE('',#220,1.);
#220 = AXIS2_PLACEMENT_3D('',#221,#222,#223);
#221 = CARTESIAN_POINT('',(-15.7,-14.,0.4));
#222 = DIRECTION('',(0.,0.,-1.));
#223 = DIRECTION('',(0.,-1.,0.));
#224 = PCURVE('',#62,#225);
#225 = DEFINITIONAL_REPRESENTATION('',(#226),#230);
#226 = LINE('',#227,#228);
#227 = CARTESIAN_POINT('',(-4.712388980385,-0.4));
#228 = VECTOR('',#229,1.);
#229 = DIRECTION('',(1.,0.));
#230 = ( GEOMETRIC_REPRESENTATION_CONTEXT(2) 
PARAMETRIC_REPRESENTATION_CONTEXT() REPRESENTATION_CONTEXT('2D SPACE',''
  ) );
#231 = PCURVE('',#232,#237);
#232 = CONICAL_SURFACE('',#233,1.,0.785398163397);
#233 = AXIS2_PLACEMENT_3D('',#234,#235,#236);
#234 = CARTESIAN_POINT('',(-15.7,-14.,0.4));
#235 = DIRECTION('',(0.,0.,1.));
#236 = DIRECTION('',(0.,-1.,0.));
#237 = DEFINITIONAL_REPRESENTATION('',(#238),#242);
#238 = LINE('',#239,#240);
#239 = CARTESIAN_POINT('',(0.,0.));
#240 = VECTOR('',#241,1.);
#241 = DIRECTION('',(-1.,0.));
#242 = ( GEOMETRIC_REPRESENTATION_CONTEXT(2) 
PARAMETRIC_REPRESENTATION_CONTEXT() REPRESENTATION_CONTEXT('2D SPACE',''
  ) );
#243 = ADVANCED_FACE('',(#244),#144,.F.);
#244 = FACE_BOUND('',#245,.T.);
#245 = EDGE_LOOP('',(#246,#267,#268,#294));
#246 = ORIENTED_EDGE('',*,*,#247,.F.);
#247 = EDGE_CURVE('',#40,#248,#250,.T.);
#248 = VERTEX_POINT('',#249);
#249 = CARTESIAN_POINT('',(-16.3,-14.,1.110223024625E-16));
#250 = SURFACE_CURVE('',#251,(#255,#261),.PCURVE_S1.);
#251 = LINE('',#252,#253);
#252 = CARTESIAN_POINT('',(-16.7,-14.,0.4));
#253 = VECTOR('',#254,1.);
#254 = DIRECTION('',(0.707106781187,4.329780281177E-17,-0.707106781187)
  );
#255 = PCURVE('',#144,#256);
#256 = DEFINITIONAL_REPRESENTATION('',(#257),#260);
#257 = B_SPLINE_CURVE_WITH_KNOTS('',1,(#258,#259),.UNSPECIFIED.,.F.,.F.,
  (2,2),(0.,0.565685424949),.PIECEWISE_BEZIER_KNOTS.);
#258 = CARTESIAN_POINT('',(0.,-0.282842712475));
#259 = CARTESIAN_POINT('',(0.,0.282842712475));
#260 = ( GEOMETRIC_REPRESENTATION_CONTEXT(2) 
PARAMETRIC_REPRESENTATION_CONTEXT() REPRESENTATION_CONTEXT('2D SPACE',''
  ) );
#261 = PCURVE('',#232,#262);
#262 = DEFINITIONAL_REPRESENTATION('',(#263),#266);
#263 = B_SPLINE_CURVE_WITH_KNOTS('',1,(#264,#265),.UNSPECIFIED.,.F.,.F.,
  (2,2),(0.,0.565685424949),.PIECEWISE_BEZIER_KNOTS.);
#264 = CARTESIAN_POINT('',(-1.570796326795,0.));
#265 = CARTESIAN_POINT('',(-1.570796326795,-0.4));
#266 = ( GEOMETRIC_REPRESENTATION_CONTEXT(2) 
PARAMETRIC_REPRESENTATION_CONTEXT() REPRESENTATION_CONTEXT('2D SPACE',''
  ) );
#267 = ORIENTED_EDGE('',*,*,#130,.T.);
#268 = ORIENTED_EDGE('',*,*,#269,.T.);
#269 = EDGE_CURVE('',#103,#270,#272,.T.);
#270 = VERTEX_POINT('',#271);
#271 = CARTESIAN_POINT('',(-16.3,13.999999994414,1.942890293094E-16));
#272 = SURFACE_CURVE('',#273,(#277,#283),.PCURVE_S1.);
#273 = LINE('',#274,#275);
#274 = CARTESIAN_POINT('',(-16.5,13.999999994414,0.2));
#275 = VECTOR('',#276,1.);
#276 = DIRECTION('',(0.707106781187,0.,-0.707106781187));
#277 = PCURVE('',#144,#278);
#278 = DEFINITIONAL_REPRESENTATION('',(#279),#282);
#279 = B_SPLINE_CURVE_WITH_KNOTS('',1,(#280,#281),.UNSPECIFIED.,.F.,.F.,
  (2,2),(-0.282842712475,0.282842712475),.PIECEWISE_BEZIER_KNOTS.);
#280 = CARTESIAN_POINT('',(-27.99999999441,-0.282842712475));
#281 = CARTESIAN_POINT('',(-27.99999999441,0.282842712475));
#282 = ( GEOMETRIC_REPRESENTATION_CONTEXT(2) 
PARAMETRIC_REPRESENTATION_CONTEXT() REPRESENTATION_CONTEXT('2D SPACE',''
  ) );
#283 = PCURVE('',#284,#289);
#284 = CONICAL_SURFACE('',#285,1.,0.785398163397);
#285 = AXIS2_PLACEMENT_3D('',#286,#287,#288);
#286 = CARTESIAN_POINT('',(-15.7,13.999999994414,0.4));
#287 = DIRECTION('',(0.,0.,1.));
#288 = DIRECTION('',(-1.,0.,0.));
#289 = DEFINITIONAL_REPRESENTATION('',(#290),#293);
#290 = B_SPLINE_CURVE_WITH_KNOTS('',1,(#291,#292),.UNSPECIFIED.,.F.,.F.,
  (2,2),(-0.282842712475,0.282842712475),.PIECEWISE_BEZIER_KNOTS.);
#291 = CARTESIAN_POINT('',(0.,0.));
#292 = CARTESIAN_POINT('',(0.,-0.4));
#293 = ( GEOMETRIC_REPRESENTATION_CONTEXT(2) 
PARAMETRIC_REPRESENTATION_CONTEXT() REPRESENTATION_CONTEXT('2D SPACE',''
  ) );
#294 = ORIENTED_EDGE('',*,*,#295,.F.);
#295 = EDGE_CURVE('',#248,#270,#296,.T.);
#296 = SURFACE_CURVE('',#297,(#301,#308),.PCURVE_S1.);
#297 = LINE('',#298,#299);
#298 = CARTESIAN_POINT('',(-16.3,-14.,0.));
#299 = VECTOR('',#300,1.);
#300 = DIRECTION('',(0.,1.,0.));
#301 = PCURVE('',#144,#302);
#302 = DEFINITIONAL_REPRESENTATION('',(#303),#307);
#303 = LINE('',#304,#305);
#304 = CARTESIAN_POINT('',(0.,0.282842712475));
#305 = VECTOR('',#306,1.);
#306 = DIRECTION('',(-1.,0.));
#307 = ( GEOMETRIC_REPRESENTATION_CONTEXT(2) 
PARAMETRIC_REPRESENTATION_CONTEXT() REPRESENTATION_CONTEXT('2D SPACE',''
  ) );
#308 = PCURVE('',#309,#314);
#309 = PLANE('',#310);
#310 = AXIS2_PLACEMENT_3D('',#311,#312,#313);
#311 = CARTESIAN_POINT('',(-1.420952958321E-17,-1.389517826012E-09,0.));
#312 = DIRECTION('',(0.,0.,1.));
#313 = DIRECTION('',(1.,0.,0.));
#314 = DEFINITIONAL_REPRESENTATION('',(#315),#319);
#315 = LINE('',#316,#317);
#316 = CARTESIAN_POINT('',(-16.3,-13.99999999861));
#317 = VECTOR('',#318,1.);
#318 = DIRECTION('',(0.,1.));
#319 = ( GEOMETRIC_REPRESENTATION_CONTEXT(2) 
PARAMETRIC_REPRESENTATION_CONTEXT() REPRESENTATION_CONTEXT('2D SPACE',''
  ) );
#320 = ADVANCED_FACE('',(#321),#90,.T.);
#321 = FACE_BOUND('',#322,.F.);
#322 = EDGE_LOOP('',(#323,#344,#345,#371));
#323 = ORIENTED_EDGE('',*,*,#324,.F.);
#324 = EDGE_CURVE('',#42,#325,#327,.T.);
#325 = VERTEX_POINT('',#326);
#326 = CARTESIAN_POINT('',(-16.3,-14.,2.));
#327 = SURFACE_CURVE('',#328,(#332,#338),.PCURVE_S1.);
#328 = LINE('',#329,#330);
#329 = CARTESIAN_POINT('',(-16.7,-14.,1.6));
#330 = VECTOR('',#331,1.);
#331 = DIRECTION('',(0.707106781187,4.329780281177E-17,0.707106781187));
#332 = PCURVE('',#90,#333);
#333 = DEFINITIONAL_REPRESENTATION('',(#334),#337);
#334 = B_SPLINE_CURVE_WITH_KNOTS('',1,(#335,#336),.UNSPECIFIED.,.F.,.F.,
  (2,2),(0.,0.565685424949),.PIECEWISE_BEZIER_KNOTS.);
#335 = CARTESIAN_POINT('',(0.,-0.282842712475));
#336 = CARTESIAN_POINT('',(0.,0.282842712475));
#337 = ( GEOMETRIC_REPRESENTATION_CONTEXT(2) 
PARAMETRIC_REPRESENTATION_CONTEXT() REPRESENTATION_CONTEXT('2D SPACE',''
  ) );
#338 = PCURVE('',#177,#339);
#339 = DEFINITIONAL_REPRESENTATION('',(#340),#343);
#340 = B_SPLINE_CURVE_WITH_KNOTS('',1,(#341,#342),.UNSPECIFIED.,.F.,.F.,
  (2,2),(0.,0.565685424949),.PIECEWISE_BEZIER_KNOTS.);
#341 = CARTESIAN_POINT('',(1.570796326795,0.));
#342 = CARTESIAN_POINT('',(1.570796326795,-0.4));
#343 = ( GEOMETRIC_REPRESENTATION_CONTEXT(2) 
PARAMETRIC_REPRESENTATION_CONTEXT() REPRESENTATION_CONTEXT('2D SPACE',''
  ) );
#344 = ORIENTED_EDGE('',*,*,#74,.T.);
#345 = ORIENTED_EDGE('',*,*,#346,.T.);
#346 = EDGE_CURVE('',#75,#347,#349,.T.);
#347 = VERTEX_POINT('',#348);
#348 = CARTESIAN_POINT('',(-16.3,13.999999994414,2.));
#349 = SURFACE_CURVE('',#350,(#354,#360),.PCURVE_S1.);
#350 = LINE('',#351,#352);
#351 = CARTESIAN_POINT('',(-16.5,13.999999994414,1.8));
#352 = VECTOR('',#353,1.);
#353 = DIRECTION('',(0.707106781187,0.,0.707106781187));
#354 = PCURVE('',#90,#355);
#355 = DEFINITIONAL_REPRESENTATION('',(#356),#359);
#356 = B_SPLINE_CURVE_WITH_KNOTS('',1,(#357,#358),.UNSPECIFIED.,.F.,.F.,
  (2,2),(-0.282842712475,0.282842712475),.PIECEWISE_BEZIER_KNOTS.);
#357 = CARTESIAN_POINT('',(-27.99999999441,-0.282842712475));
#358 = CARTESIAN_POINT('',(-27.99999999441,0.282842712475));
#359 = ( GEOMETRIC_REPRESENTATION_CONTEXT(2) 
PARAMETRIC_REPRESENTATION_CONTEXT() REPRESENTATION_CONTEXT('2D SPACE',''
  ) );
#360 = PCURVE('',#361,#366);
#361 = CONICAL_SURFACE('',#362,1.,0.785398163397);
#362 = AXIS2_PLACEMENT_3D('',#363,#364,#365);
#363 = CARTESIAN_POINT('',(-15.7,13.999999994414,1.6));
#364 = DIRECTION('',(0.,0.,-1.));
#365 = DIRECTION('',(-1.,0.,0.));
#366 = DEFINITIONAL_REPRESENTATION('',(#367),#370);
#367 = B_SPLINE_CURVE_WITH_KNOTS('',1,(#368,#369),.UNSPECIFIED.,.F.,.F.,
  (2,2),(-0.282842712475,0.282842712475),.PIECEWISE_BEZIER_KNOTS.);
#368 = CARTESIAN_POINT('',(0.,0.));
#369 = CARTESIAN_POINT('',(0.,-0.4));
#370 = ( GEOMETRIC_REPRESENTATION_CONTEXT(2) 
PARAMETRIC_REPRESENTATION_CONTEXT() REPRESENTATION_CONTEXT('2D SPACE',''
  ) );
#371 = ORIENTED_EDGE('',*,*,#372,.F.);
#372 = EDGE_CURVE('',#325,#347,#373,.T.);
#373 = SURFACE_CURVE('',#374,(#378,#385),.PCURVE_S1.);
#374 = LINE('',#375,#376);
#375 = CARTESIAN_POINT('',(-16.3,-14.,2.));
#376 = VECTOR('',#377,1.);
#377 = DIRECTION('',(0.,1.,0.));
#378 = PCURVE('',#90,#379);
#379 = DEFINITIONAL_REPRESENTATION('',(#380),#384);
#380 = LINE('',#381,#382);
#381 = CARTESIAN_POINT('',(0.,0.282842712475));
#382 = VECTOR('',#383,1.);
#383 = DIRECTION('',(-1.,0.));
#384 = ( GEOMETRIC_REPRESENTATION_CONTEXT(2) 
PARAMETRIC_REPRESENTATION_CONTEXT() REPRESENTATION_CONTEXT('2D SPACE',''
  ) );
#385 = PCURVE('',#386,#391);
#386 = PLANE('',#387);
#387 = AXIS2_PLACEMENT_3D('',#388,#389,#390);
#388 = CARTESIAN_POINT('',(-1.420952958321E-17,-1.389517826012E-09,2.));
#389 = DIRECTION('',(0.,0.,1.));
#390 = DIRECTION('',(1.,0.,0.));
#391 = DEFINITIONAL_REPRESENTATION('',(#392),#396);
#392 = LINE('',#393,#394);
#393 = CARTESIAN_POINT('',(-16.3,-13.99999999861));
#394 = VECTOR('',#395,1.);
#395 = DIRECTION('',(0.,1.));
#396 = ( GEOMETRIC_REPRESENTATION_CONTEXT(2) 
PARAMETRIC_REPRESENTATION_CONTEXT() REPRESENTATION_CONTEXT('2D SPACE',''
  ) );
#397 = ADVANCED_FACE('',(#398),#118,.T.);
#398 = FACE_BOUND('',#399,.F.);
#399 = EDGE_LOOP('',(#400,#430,#452,#453));
#400 = ORIENTED_EDGE('',*,*,#401,.T.);
#401 = EDGE_CURVE('',#402,#404,#406,.T.);
#402 = VERTEX_POINT('',#403);
#403 = CARTESIAN_POINT('',(-15.7,14.999999994414,0.4));
#404 = VERTEX_POINT('',#405);
#405 = CARTESIAN_POINT('',(-15.7,14.999999994414,1.6));
#406 = SURFACE_CURVE('',#407,(#411,#418),.PCURVE_S1.);
#407 = LINE('',#408,#409);
#408 = CARTESIAN_POINT('',(-15.7,14.999999997208,0.));
#409 = VECTOR('',#410,1.);
#410 = DIRECTION('',(0.,0.,1.));
#411 = PCURVE('',#118,#412);
#412 = DEFINITIONAL_REPRESENTATION('',(#413),#417);
#413 = LINE('',#414,#415);
#414 = CARTESIAN_POINT('',(-1.570796326795,0.));
#415 = VECTOR('',#416,1.);
#416 = DIRECTION('',(0.,-1.));
#417 = ( GEOMETRIC_REPRESENTATION_CONTEXT(2) 
PARAMETRIC_REPRESENTATION_CONTEXT() REPRESENTATION_CONTEXT('2D SPACE',''
  ) );
#418 = PCURVE('',#419,#424);
#419 = PLANE('',#420);
#420 = AXIS2_PLACEMENT_3D('',#421,#422,#423);
#421 = CARTESIAN_POINT('',(-15.7,15.000000000001,0.));
#422 = DIRECTION('',(0.,1.,0.));
#423 = DIRECTION('',(1.,0.,0.));
#424 = DEFINITIONAL_REPRESENTATION('',(#425),#429);
#425 = LINE('',#426,#427);
#426 = CARTESIAN_POINT('',(0.,0.));
#427 = VECTOR('',#428,1.);
#428 = DIRECTION('',(0.,-1.));
#429 = ( GEOMETRIC_REPRESENTATION_CONTEXT(2) 
PARAMETRIC_REPRESENTATION_CONTEXT() REPRESENTATION_CONTEXT('2D SPACE',''
  ) );
#430 = ORIENTED_EDGE('',*,*,#431,.F.);
#431 = EDGE_CURVE('',#75,#404,#432,.T.);
#432 = SURFACE_CURVE('',#433,(#438,#445),.PCURVE_S1.);
#433 = CIRCLE('',#434,1.);
#434 = AXIS2_PLACEMENT_3D('',#435,#436,#437);
#435 = CARTESIAN_POINT('',(-15.7,13.999999994414,1.6));
#436 = DIRECTION('',(0.,0.,-1.));
#437 = DIRECTION('',(-1.,0.,0.));
#438 = PCURVE('',#118,#439);
#439 = DEFINITIONAL_REPRESENTATION('',(#440),#444);
#440 = LINE('',#441,#442);
#441 = CARTESIAN_POINT('',(-3.14159265359,-1.6));
#442 = VECTOR('',#443,1.);
#443 = DIRECTION('',(1.,0.));
#444 = ( GEOMETRIC_REPRESENTATION_CONTEXT(2) 
PARAMETRIC_REPRESENTATION_CONTEXT() REPRESENTATION_CONTEXT('2D SPACE',''
  ) );
#445 = PCURVE('',#361,#446);
#446 = DEFINITIONAL_REPRESENTATION('',(#447),#451);
#447 = LINE('',#448,#449);
#448 = CARTESIAN_POINT('',(0.,0.));
#449 = VECTOR('',#450,1.);
#450 = DIRECTION('',(1.,0.));
#451 = ( GEOMETRIC_REPRESENTATION_CONTEXT(2) 
PARAMETRIC_REPRESENTATION_CONTEXT() REPRESENTATION_CONTEXT('2D SPACE',''
  ) );
#452 = ORIENTED_EDGE('',*,*,#102,.F.);
#453 = ORIENTED_EDGE('',*,*,#454,.T.);
#454 = EDGE_CURVE('',#103,#402,#455,.T.);
#455 = SURFACE_CURVE('',#456,(#461,#468),.PCURVE_S1.);
#456 = CIRCLE('',#457,1.);
#457 = AXIS2_PLACEMENT_3D('',#458,#459,#460);
#458 = CARTESIAN_POINT('',(-15.7,13.999999994414,0.4));
#459 = DIRECTION('',(0.,0.,-1.));
#460 = DIRECTION('',(-1.,0.,0.));
#461 = PCURVE('',#118,#462);
#462 = DEFINITIONAL_REPRESENTATION('',(#463),#467);
#463 = LINE('',#464,#465);
#464 = CARTESIAN_POINT('',(-3.14159265359,-0.4));
#465 = VECTOR('',#466,1.);
#466 = DIRECTION('',(1.,0.));
#467 = ( GEOMETRIC_REPRESENTATION_CONTEXT(2) 
PARAMETRIC_REPRESENTATION_CONTEXT() REPRESENTATION_CONTEXT('2D SPACE',''
  ) );
#468 = PCURVE('',#284,#469);
#469 = DEFINITIONAL_REPRESENTATION('',(#470),#474);
#470 = LINE('',#471,#472);
#471 = CARTESIAN_POINT('',(0.,0.));
#472 = VECTOR('',#473,1.);
#473 = DIRECTION('',(-1.,0.));
#474 = ( GEOMETRIC_REPRESENTATION_CONTEXT(2) 
PARAMETRIC_REPRESENTATION_CONTEXT() REPRESENTATION_CONTEXT('2D SPACE',''
  ) );
#475 = ADVANCED_FACE('',(#476),#232,.T.);
#476 = FACE_BOUND('',#477,.T.);
#477 = EDGE_LOOP('',(#478,#504,#505,#506));
#478 = ORIENTED_EDGE('',*,*,#479,.F.);
#479 = EDGE_CURVE('',#190,#480,#482,.T.);
#480 = VERTEX_POINT('',#481);
#481 = CARTESIAN_POINT('',(-15.7,-14.59999999999,5.828670879282E-16));
#482 = SURFACE_CURVE('',#483,(#487,#493),.PCURVE_S1.);
#483 = LINE('',#484,#485);
#484 = CARTESIAN_POINT('',(-15.7,-14.79999999999,0.2));
#485 = VECTOR('',#486,1.);
#486 = DIRECTION('',(0.,0.707106781187,-0.707106781187));
#487 = PCURVE('',#232,#488);
#488 = DEFINITIONAL_REPRESENTATION('',(#489),#492);
#489 = B_SPLINE_CURVE_WITH_KNOTS('',1,(#490,#491),.UNSPECIFIED.,.F.,.F.,
  (2,2),(-0.282842712475,0.282842712475),.PIECEWISE_BEZIER_KNOTS.);
#490 = CARTESIAN_POINT('',(0.,0.));
#491 = CARTESIAN_POINT('',(0.,-0.4));
#492 = ( GEOMETRIC_REPRESENTATION_CONTEXT(2) 
PARAMETRIC_REPRESENTATION_CONTEXT() REPRESENTATION_CONTEXT('2D SPACE',''
  ) );
#493 = PCURVE('',#494,#499);
#494 = PLANE('',#495);
#495 = AXIS2_PLACEMENT_3D('',#496,#497,#498);
#496 = CARTESIAN_POINT('',(15.7,-14.79999999999,0.2));
#497 = DIRECTION('',(-3.474993633276E-18,-0.707106781187,-0.707106781187
    ));
#498 = DIRECTION('',(-1.,2.457191562669E-18,2.457191562669E-18));
#499 = DEFINITIONAL_REPRESENTATION('',(#500),#503);
#500 = B_SPLINE_CURVE_WITH_KNOTS('',1,(#501,#502),.UNSPECIFIED.,.F.,.F.,
  (2,2),(-0.282842712475,0.282842712475),.PIECEWISE_BEZIER_KNOTS.);
#501 = CARTESIAN_POINT('',(31.4,-0.282842712475));
#502 = CARTESIAN_POINT('',(31.4,0.282842712475));
#503 = ( GEOMETRIC_REPRESENTATION_CONTEXT(2) 
PARAMETRIC_REPRESENTATION_CONTEXT() REPRESENTATION_CONTEXT('2D SPACE',''
  ) );
#504 = ORIENTED_EDGE('',*,*,#217,.T.);
#505 = ORIENTED_EDGE('',*,*,#247,.T.);
#506 = ORIENTED_EDGE('',*,*,#507,.F.);
#507 = EDGE_CURVE('',#480,#248,#508,.T.);
#508 = SURFACE_CURVE('',#509,(#514,#521),.PCURVE_S1.);
#509 = CIRCLE('',#510,0.6);
#510 = AXIS2_PLACEMENT_3D('',#511,#512,#513);
#511 = CARTESIAN_POINT('',(-15.7,-14.,0.));
#512 = DIRECTION('',(0.,0.,-1.));
#513 = DIRECTION('',(0.,-1.,0.));
#514 = PCURVE('',#232,#515);
#515 = DEFINITIONAL_REPRESENTATION('',(#516),#520);
#516 = LINE('',#517,#518);
#517 = CARTESIAN_POINT('',(0.,-0.4));
#518 = VECTOR('',#519,1.);
#519 = DIRECTION('',(-1.,0.));
#520 = ( GEOMETRIC_REPRESENTATION_CONTEXT(2) 
PARAMETRIC_REPRESENTATION_CONTEXT() REPRESENTATION_CONTEXT('2D SPACE',''
  ) );
#521 = PCURVE('',#309,#522);
#522 = DEFINITIONAL_REPRESENTATION('',(#523),#531);
#523 = ( BOUNDED_CURVE() B_SPLINE_CURVE(2,(#524,#525,#526,#527,#528,#529
,#530),.UNSPECIFIED.,.T.,.F.) B_SPLINE_CURVE_WITH_KNOTS((1,2,2,2,2,1),(
    -2.094395102393,0.,2.094395102393,4.188790204786,6.28318530718,
8.377580409573),.UNSPECIFIED.) CURVE() GEOMETRIC_REPRESENTATION_ITEM() 
RATIONAL_B_SPLINE_CURVE((1.,0.5,1.,0.5,1.,0.5,1.)) REPRESENTATION_ITEM(
  '') );
#524 = CARTESIAN_POINT('',(-15.7,-14.59999999861));
#525 = CARTESIAN_POINT('',(-16.73923048454,-14.59999999861));
#526 = CARTESIAN_POINT('',(-16.21961524227,-13.69999999861));
#527 = CARTESIAN_POINT('',(-15.7,-12.79999999861));
#528 = CARTESIAN_POINT('',(-15.18038475772,-13.69999999861));
#529 = CARTESIAN_POINT('',(-14.66076951545,-14.59999999861));
#530 = CARTESIAN_POINT('',(-15.7,-14.59999999861));
#531 = ( GEOMETRIC_REPRESENTATION_CONTEXT(2) 
PARAMETRIC_REPRESENTATION_CONTEXT() REPRESENTATION_CONTEXT('2D SPACE',''
  ) );
#532 = ADVANCED_FACE('',(#533),#177,.T.);
#533 = FACE_BOUND('',#534,.F.);
#534 = EDGE_LOOP('',(#535,#561,#562,#563));
#535 = ORIENTED_EDGE('',*,*,#536,.F.);
#536 = EDGE_CURVE('',#161,#537,#539,.T.);
#537 = VERTEX_POINT('',#538);
#538 = CARTESIAN_POINT('',(-15.7,-14.59999999999,2.));
#539 = SURFACE_CURVE('',#540,(#544,#550),.PCURVE_S1.);
#540 = LINE('',#541,#542);
#541 = CARTESIAN_POINT('',(-15.7,-14.79999999999,1.8));
#542 = VECTOR('',#543,1.);
#543 = DIRECTION('',(0.,0.707106781187,0.707106781187));
#544 = PCURVE('',#177,#545);
#545 = DEFINITIONAL_REPRESENTATION('',(#546),#549);
#546 = B_SPLINE_CURVE_WITH_KNOTS('',1,(#547,#548),.UNSPECIFIED.,.F.,.F.,
  (2,2),(-0.282842712475,0.282842712475),.PIECEWISE_BEZIER_KNOTS.);
#547 = CARTESIAN_POINT('',(0.,0.));
#548 = CARTESIAN_POINT('',(0.,-0.4));
#549 = ( GEOMETRIC_REPRESENTATION_CONTEXT(2) 
PARAMETRIC_REPRESENTATION_CONTEXT() REPRESENTATION_CONTEXT('2D SPACE',''
  ) );
#550 = PCURVE('',#551,#556);
#551 = PLANE('',#552);
#552 = AXIS2_PLACEMENT_3D('',#553,#554,#555);
#553 = CARTESIAN_POINT('',(15.7,-14.79999999999,1.8));
#554 = DIRECTION('',(3.474993633276E-18,0.707106781187,-0.707106781187)
  );
#555 = DIRECTION('',(-1.,2.457191562669E-18,-2.457191562669E-18));
#556 = DEFINITIONAL_REPRESENTATION('',(#557),#560);
#557 = B_SPLINE_CURVE_WITH_KNOTS('',1,(#558,#559),.UNSPECIFIED.,.F.,.F.,
  (2,2),(-0.282842712475,0.282842712475),.PIECEWISE_BEZIER_KNOTS.);
#558 = CARTESIAN_POINT('',(31.4,-0.282842712475));
#559 = CARTESIAN_POINT('',(31.4,0.282842712475));
#560 = ( GEOMETRIC_REPRESENTATION_CONTEXT(2) 
PARAMETRIC_REPRESENTATION_CONTEXT() REPRESENTATION_CONTEXT('2D SPACE',''
  ) );
#561 = ORIENTED_EDGE('',*,*,#160,.T.);
#562 = ORIENTED_EDGE('',*,*,#324,.T.);
#563 = ORIENTED_EDGE('',*,*,#564,.F.);
#564 = EDGE_CURVE('',#537,#325,#565,.T.);
#565 = SURFACE_CURVE('',#566,(#571,#578),.PCURVE_S1.);
#566 = CIRCLE('',#567,0.6);
#567 = AXIS2_PLACEMENT_3D('',#568,#569,#570);
#568 = CARTESIAN_POINT('',(-15.7,-14.,2.));
#569 = DIRECTION('',(0.,0.,-1.));
#570 = DIRECTION('',(0.,-1.,0.));
#571 = PCURVE('',#177,#572);
#572 = DEFINITIONAL_REPRESENTATION('',(#573),#577);
#573 = LINE('',#574,#575);
#574 = CARTESIAN_POINT('',(0.,-0.4));
#575 = VECTOR('',#576,1.);
#576 = DIRECTION('',(1.,0.));
#577 = ( GEOMETRIC_REPRESENTATION_CONTEXT(2) 
PARAMETRIC_REPRESENTATION_CONTEXT() REPRESENTATION_CONTEXT('2D SPACE',''
  ) );
#578 = PCURVE('',#386,#579);
#579 = DEFINITIONAL_REPRESENTATION('',(#580),#588);
#580 = ( BOUNDED_CURVE() B_SPLINE_CURVE(2,(#581,#582,#583,#584,#585,#586
,#587),.UNSPECIFIED.,.T.,.F.) B_SPLINE_CURVE_WITH_KNOTS((1,2,2,2,2,1),(
    -2.094395102393,0.,2.094395102393,4.188790204786,6.28318530718,
8.377580409573),.UNSPECIFIED.) CURVE() GEOMETRIC_REPRESENTATION_ITEM() 
RATIONAL_B_SPLINE_CURVE((1.,0.5,1.,0.5,1.,0.5,1.)) REPRESENTATION_ITEM(
  '') );
#581 = CARTESIAN_POINT('',(-15.7,-14.59999999861));
#582 = CARTESIAN_POINT('',(-16.73923048454,-14.59999999861));
#583 = CARTESIAN_POINT('',(-16.21961524227,-13.69999999861));
#584 = CARTESIAN_POINT('',(-15.7,-12.79999999861));
#585 = CARTESIAN_POINT('',(-15.18038475772,-13.69999999861));
#586 = CARTESIAN_POINT('',(-14.66076951545,-14.59999999861));
#587 = CARTESIAN_POINT('',(-15.7,-14.59999999861));
#588 = ( GEOMETRIC_REPRESENTATION_CONTEXT(2) 
PARAMETRIC_REPRESENTATION_CONTEXT() REPRESENTATION_CONTEXT('2D SPACE',''
  ) );
#589 = ADVANCED_FACE('',(#590),#205,.F.);
#590 = FACE_BOUND('',#591,.F.);
#591 = EDGE_LOOP('',(#592,#593,#616,#644));
#592 = ORIENTED_EDGE('',*,*,#189,.T.);
#593 = ORIENTED_EDGE('',*,*,#594,.F.);
#594 = EDGE_CURVE('',#595,#161,#597,.T.);
#595 = VERTEX_POINT('',#596);
#596 = CARTESIAN_POINT('',(15.7,-15.,1.6));
#597 = SURFACE_CURVE('',#598,(#602,#609),.PCURVE_S1.);
#598 = LINE('',#599,#600);
#599 = CARTESIAN_POINT('',(15.7,-14.99999999999,1.6));
#600 = VECTOR('',#601,1.);
#601 = DIRECTION('',(-1.,0.,0.));
#602 = PCURVE('',#205,#603);
#603 = DEFINITIONAL_REPRESENTATION('',(#604),#608);
#604 = LINE('',#605,#606);
#605 = CARTESIAN_POINT('',(31.4,-1.6));
#606 = VECTOR('',#607,1.);
#607 = DIRECTION('',(-1.,0.));
#608 = ( GEOMETRIC_REPRESENTATION_CONTEXT(2) 
PARAMETRIC_REPRESENTATION_CONTEXT() REPRESENTATION_CONTEXT('2D SPACE',''
  ) );
#609 = PCURVE('',#551,#610);
#610 = DEFINITIONAL_REPRESENTATION('',(#611),#615);
#611 = LINE('',#612,#613);
#612 = CARTESIAN_POINT('',(0.,-0.282842712475));
#613 = VECTOR('',#614,1.);
#614 = DIRECTION('',(1.,0.));
#615 = ( GEOMETRIC_REPRESENTATION_CONTEXT(2) 
PARAMETRIC_REPRESENTATION_CONTEXT() REPRESENTATION_CONTEXT('2D SPACE',''
  ) );
#616 = ORIENTED_EDGE('',*,*,#617,.F.);
#617 = EDGE_CURVE('',#618,#595,#620,.T.);
#618 = VERTEX_POINT('',#619);
#619 = CARTESIAN_POINT('',(15.7,-15.,0.4));
#620 = SURFACE_CURVE('',#621,(#625,#632),.PCURVE_S1.);
#621 = LINE('',#622,#623);
#622 = CARTESIAN_POINT('',(15.7,-15.,0.));
#623 = VECTOR('',#624,1.);
#624 = DIRECTION('',(0.,0.,1.));
#625 = PCURVE('',#205,#626);
#626 = DEFINITIONAL_REPRESENTATION('',(#627),#631);
#627 = LINE('',#628,#629);
#628 = CARTESIAN_POINT('',(31.4,0.));
#629 = VECTOR('',#630,1.);
#630 = DIRECTION('',(0.,-1.));
#631 = ( GEOMETRIC_REPRESENTATION_CONTEXT(2) 
PARAMETRIC_REPRESENTATION_CONTEXT() REPRESENTATION_CONTEXT('2D SPACE',''
  ) );
#632 = PCURVE('',#633,#638);
#633 = CYLINDRICAL_SURFACE('',#634,1.);
#634 = AXIS2_PLACEMENT_3D('',#635,#636,#637);
#635 = CARTESIAN_POINT('',(15.7,-14.,0.));
#636 = DIRECTION('',(0.,0.,-1.));
#637 = DIRECTION('',(1.,0.,0.));
#638 = DEFINITIONAL_REPRESENTATION('',(#639),#643);
#639 = LINE('',#640,#641);
#640 = CARTESIAN_POINT('',(-4.712388980385,0.));
#641 = VECTOR('',#642,1.);
#642 = DIRECTION('',(0.,-1.));
#643 = ( GEOMETRIC_REPRESENTATION_CONTEXT(2) 
PARAMETRIC_REPRESENTATION_CONTEXT() REPRESENTATION_CONTEXT('2D SPACE',''
  ) );
#644 = ORIENTED_EDGE('',*,*,#645,.T.);
#645 = EDGE_CURVE('',#618,#190,#646,.T.);
#646 = SURFACE_CURVE('',#647,(#651,#658),.PCURVE_S1.);
#647 = LINE('',#648,#649);
#648 = CARTESIAN_POINT('',(15.7,-14.99999999999,0.4));
#649 = VECTOR('',#650,1.);
#650 = DIRECTION('',(-1.,0.,0.));
#651 = PCURVE('',#205,#652);
#652 = DEFINITIONAL_REPRESENTATION('',(#653),#657);
#653 = LINE('',#654,#655);
#654 = CARTESIAN_POINT('',(31.4,-0.4));
#655 = VECTOR('',#656,1.);
#656 = DIRECTION('',(-1.,0.));
#657 = ( GEOMETRIC_REPRESENTATION_CONTEXT(2) 
PARAMETRIC_REPRESENTATION_CONTEXT() REPRESENTATION_CONTEXT('2D SPACE',''
  ) );
#658 = PCURVE('',#494,#659);
#659 = DEFINITIONAL_REPRESENTATION('',(#660),#664);
#660 = LINE('',#661,#662);
#661 = CARTESIAN_POINT('',(0.,-0.282842712475));
#662 = VECTOR('',#663,1.);
#663 = DIRECTION('',(1.,0.));
#664 = ( GEOMETRIC_REPRESENTATION_CONTEXT(2) 
PARAMETRIC_REPRESENTATION_CONTEXT() REPRESENTATION_CONTEXT('2D SPACE',''
  ) );
#665 = ADVANCED_FACE('',(#666,#1011,#1249,#1487,#1597,#1835),#309,.F.);
#666 = FACE_BOUND('',#667,.F.);
#667 = EDGE_LOOP('',(#668,#698,#726,#755,#783,#812,#840,#868,#901,#929,
    #955,#956,#957,#980));
#668 = ORIENTED_EDGE('',*,*,#669,.F.);
#669 = EDGE_CURVE('',#670,#672,#674,.T.);
#670 = VERTEX_POINT('',#671);
#671 = CARTESIAN_POINT('',(16.3,-7.6,5.551115123126E-17));
#672 = VERTEX_POINT('',#673);
#673 = CARTESIAN_POINT('',(16.3,-14.,2.775557561563E-17));
#674 = SURFACE_CURVE('',#675,(#679,#686),.PCURVE_S1.);
#675 = LINE('',#676,#677);
#676 = CARTESIAN_POINT('',(16.3,-8.,0.));
#677 = VECTOR('',#678,1.);
#678 = DIRECTION('',(0.,-1.,0.));
#679 = PCURVE('',#309,#680);
#680 = DEFINITIONAL_REPRESENTATION('',(#681),#685);
#681 = LINE('',#682,#683);
#682 = CARTESIAN_POINT('',(16.3,-7.99999999861));
#683 = VECTOR('',#684,1.);
#684 = DIRECTION('',(0.,-1.));
#685 = ( GEOMETRIC_REPRESENTATION_CONTEXT(2) 
PARAMETRIC_REPRESENTATION_CONTEXT() REPRESENTATION_CONTEXT('2D SPACE',''
  ) );
#686 = PCURVE('',#687,#692);
#687 = PLANE('',#688);
#688 = AXIS2_PLACEMENT_3D('',#689,#690,#691);
#689 = CARTESIAN_POINT('',(16.5,-8.,0.2));
#690 = DIRECTION('',(0.707106781187,6.949987266552E-18,-0.707106781187)
  );
#691 = DIRECTION('',(4.914383125339E-18,-1.,-4.914383125339E-18));
#692 = DEFINITIONAL_REPRESENTATION('',(#693),#697);
#693 = LINE('',#694,#695);
#694 = CARTESIAN_POINT('',(0.,0.282842712475));
#695 = VECTOR('',#696,1.);
#696 = DIRECTION('',(1.,0.));
#697 = ( GEOMETRIC_REPRESENTATION_CONTEXT(2) 
PARAMETRIC_REPRESENTATION_CONTEXT() REPRESENTATION_CONTEXT('2D SPACE',''
  ) );
#698 = ORIENTED_EDGE('',*,*,#699,.T.);
#699 = EDGE_CURVE('',#670,#700,#702,.T.);
#700 = VERTEX_POINT('',#701);
#701 = CARTESIAN_POINT('',(39.,-7.6,-1.942890293094E-16));
#702 = SURFACE_CURVE('',#703,(#707,#714),.PCURVE_S1.);
#703 = LINE('',#704,#705);
#704 = CARTESIAN_POINT('',(16.7,-7.6,0.));
#705 = VECTOR('',#706,1.);
#706 = DIRECTION('',(1.,0.,0.));
#707 = PCURVE('',#309,#708);
#708 = DEFINITIONAL_REPRESENTATION('',(#709),#713);
#709 = LINE('',#710,#711);
#710 = CARTESIAN_POINT('',(16.7,-7.59999999861));
#711 = VECTOR('',#712,1.);
#712 = DIRECTION('',(1.,0.));
#713 = ( GEOMETRIC_REPRESENTATION_CONTEXT(2) 
PARAMETRIC_REPRESENTATION_CONTEXT() REPRESENTATION_CONTEXT('2D SPACE',''
  ) );
#714 = PCURVE('',#715,#720);
#715 = PLANE('',#716);
#716 = AXIS2_PLACEMENT_3D('',#717,#718,#719);
#717 = CARTESIAN_POINT('',(16.7,-7.8,0.2));
#718 = DIRECTION('',(-3.474993633276E-18,-0.707106781187,-0.707106781187
    ));
#719 = DIRECTION('',(1.,-2.457191562669E-18,-2.457191562669E-18));
#720 = DEFINITIONAL_REPRESENTATION('',(#721),#725);
#721 = LINE('',#722,#723);
#722 = CARTESIAN_POINT('',(0.,-0.282842712475));
#723 = VECTOR('',#724,1.);
#724 = DIRECTION('',(1.,0.));
#725 = ( GEOMETRIC_REPRESENTATION_CONTEXT(2) 
PARAMETRIC_REPRESENTATION_CONTEXT() REPRESENTATION_CONTEXT('2D SPACE',''
  ) );
#726 = ORIENTED_EDGE('',*,*,#727,.T.);
#727 = EDGE_CURVE('',#700,#728,#730,.T.);
#728 = VERTEX_POINT('',#729);
#729 = CARTESIAN_POINT('',(39.6,-7.,-7.771561172376E-16));
#730 = SURFACE_CURVE('',#731,(#736,#743),.PCURVE_S1.);
#731 = CIRCLE('',#732,0.6);
#732 = AXIS2_PLACEMENT_3D('',#733,#734,#735);
#733 = CARTESIAN_POINT('',(39.,-7.,0.));
#734 = DIRECTION('',(0.,0.,1.));
#735 = DIRECTION('',(0.,-1.,0.));
#736 = PCURVE('',#309,#737);
#737 = DEFINITIONAL_REPRESENTATION('',(#738),#742);
#738 = CIRCLE('',#739,0.6);
#739 = AXIS2_PLACEMENT_2D('',#740,#741);
#740 = CARTESIAN_POINT('',(39.,-6.999999998611));
#741 = DIRECTION('',(0.,-1.));
#742 = ( GEOMETRIC_REPRESENTATION_CONTEXT(2) 
PARAMETRIC_REPRESENTATION_CONTEXT() REPRESENTATION_CONTEXT('2D SPACE',''
  ) );
#743 = PCURVE('',#744,#749);
#744 = CONICAL_SURFACE('',#745,1.,0.785398163397);
#745 = AXIS2_PLACEMENT_3D('',#746,#747,#748);
#746 = CARTESIAN_POINT('',(39.,-7.,0.4));
#747 = DIRECTION('',(0.,0.,1.));
#748 = DIRECTION('',(0.,-1.,0.));
#749 = DEFINITIONAL_REPRESENTATION('',(#750),#754);
#750 = LINE('',#751,#752);
#751 = CARTESIAN_POINT('',(0.,-0.4));
#752 = VECTOR('',#753,1.);
#753 = DIRECTION('',(1.,0.));
#754 = ( GEOMETRIC_REPRESENTATION_CONTEXT(2) 
PARAMETRIC_REPRESENTATION_CONTEXT() REPRESENTATION_CONTEXT('2D SPACE',''
  ) );
#755 = ORIENTED_EDGE('',*,*,#756,.T.);
#756 = EDGE_CURVE('',#728,#757,#759,.T.);
#757 = VERTEX_POINT('',#758);
#758 = CARTESIAN_POINT('',(39.6,6.999999998418,2.609024107869E-15));
#759 = SURFACE_CURVE('',#760,(#764,#771),.PCURVE_S1.);
#760 = LINE('',#761,#762);
#761 = CARTESIAN_POINT('',(39.6,-7.,0.));
#762 = VECTOR('',#763,1.);
#763 = DIRECTION('',(0.,1.,0.));
#764 = PCURVE('',#309,#765);
#765 = DEFINITIONAL_REPRESENTATION('',(#766),#770);
#766 = LINE('',#767,#768);
#767 = CARTESIAN_POINT('',(39.6,-6.999999998611));
#768 = VECTOR('',#769,1.);
#769 = DIRECTION('',(0.,1.));
#770 = ( GEOMETRIC_REPRESENTATION_CONTEXT(2) 
PARAMETRIC_REPRESENTATION_CONTEXT() REPRESENTATION_CONTEXT('2D SPACE',''
  ) );
#771 = PCURVE('',#772,#777);
#772 = PLANE('',#773);
#773 = AXIS2_PLACEMENT_3D('',#774,#775,#776);
#774 = CARTESIAN_POINT('',(39.8,-7.,0.2));
#775 = DIRECTION('',(0.707106781187,6.949987266552E-18,-0.707106781187)
  );
#776 = DIRECTION('',(-4.914383125339E-18,1.,4.914383125339E-18));
#777 = DEFINITIONAL_REPRESENTATION('',(#778),#782);
#778 = LINE('',#779,#780);
#779 = CARTESIAN_POINT('',(0.,-0.282842712475));
#780 = VECTOR('',#781,1.);
#781 = DIRECTION('',(1.,0.));
#782 = ( GEOMETRIC_REPRESENTATION_CONTEXT(2) 
PARAMETRIC_REPRESENTATION_CONTEXT() REPRESENTATION_CONTEXT('2D SPACE',''
  ) );
#783 = ORIENTED_EDGE('',*,*,#784,.T.);
#784 = EDGE_CURVE('',#757,#785,#787,.T.);
#785 = VERTEX_POINT('',#786);
#786 = CARTESIAN_POINT('',(39.,7.599999998418,-7.771561172376E-16));
#787 = SURFACE_CURVE('',#788,(#793,#800),.PCURVE_S1.);
#788 = CIRCLE('',#789,0.6);
#789 = AXIS2_PLACEMENT_3D('',#790,#791,#792);
#790 = CARTESIAN_POINT('',(39.,6.999999998418,0.));
#791 = DIRECTION('',(0.,0.,1.));
#792 = DIRECTION('',(1.,0.,0.));
#793 = PCURVE('',#309,#794);
#794 = DEFINITIONAL_REPRESENTATION('',(#795),#799);
#795 = CIRCLE('',#796,0.6);
#796 = AXIS2_PLACEMENT_2D('',#797,#798);
#797 = CARTESIAN_POINT('',(39.,6.999999999807));
#798 = DIRECTION('',(1.,0.));
#799 = ( GEOMETRIC_REPRESENTATION_CONTEXT(2) 
PARAMETRIC_REPRESENTATION_CONTEXT() REPRESENTATION_CONTEXT('2D SPACE',''
  ) );
#800 = PCURVE('',#801,#806);
#801 = CONICAL_SURFACE('',#802,1.,0.785398163397);
#802 = AXIS2_PLACEMENT_3D('',#803,#804,#805);
#803 = CARTESIAN_POINT('',(39.,6.999999998418,0.4));
#804 = DIRECTION('',(0.,0.,1.));
#805 = DIRECTION('',(1.,0.,0.));
#806 = DEFINITIONAL_REPRESENTATION('',(#807),#811);
#807 = LINE('',#808,#809);
#808 = CARTESIAN_POINT('',(0.,-0.4));
#809 = VECTOR('',#810,1.);
#810 = DIRECTION('',(1.,0.));
#811 = ( GEOMETRIC_REPRESENTATION_CONTEXT(2) 
PARAMETRIC_REPRESENTATION_CONTEXT() REPRESENTATION_CONTEXT('2D SPACE',''
  ) );
#812 = ORIENTED_EDGE('',*,*,#813,.T.);
#813 = EDGE_CURVE('',#785,#814,#816,.T.);
#814 = VERTEX_POINT('',#815);
#815 = CARTESIAN_POINT('',(16.3,7.6,2.775557561563E-17));
#816 = SURFACE_CURVE('',#817,(#821,#828),.PCURVE_S1.);
#817 = LINE('',#818,#819);
#818 = CARTESIAN_POINT('',(39.,7.6,0.));
#819 = VECTOR('',#820,1.);
#820 = DIRECTION('',(-1.,0.,0.));
#821 = PCURVE('',#309,#822);
#822 = DEFINITIONAL_REPRESENTATION('',(#823),#827);
#823 = LINE('',#824,#825);
#824 = CARTESIAN_POINT('',(39.,7.60000000139));
#825 = VECTOR('',#826,1.);
#826 = DIRECTION('',(-1.,0.));
#827 = ( GEOMETRIC_REPRESENTATION_CONTEXT(2) 
PARAMETRIC_REPRESENTATION_CONTEXT() REPRESENTATION_CONTEXT('2D SPACE',''
  ) );
#828 = PCURVE('',#829,#834);
#829 = PLANE('',#830);
#830 = AXIS2_PLACEMENT_3D('',#831,#832,#833);
#831 = CARTESIAN_POINT('',(39.,7.8,0.2));
#832 = DIRECTION('',(3.474993633276E-18,-0.707106781187,0.707106781187)
  );
#833 = DIRECTION('',(1.,2.457191562669E-18,-2.457191562669E-18));
#834 = DEFINITIONAL_REPRESENTATION('',(#835),#839);
#835 = LINE('',#836,#837);
#836 = CARTESIAN_POINT('',(0.,-0.282842712475));
#837 = VECTOR('',#838,1.);
#838 = DIRECTION('',(-1.,0.));
#839 = ( GEOMETRIC_REPRESENTATION_CONTEXT(2) 
PARAMETRIC_REPRESENTATION_CONTEXT() REPRESENTATION_CONTEXT('2D SPACE',''
  ) );
#840 = ORIENTED_EDGE('',*,*,#841,.F.);
#841 = EDGE_CURVE('',#842,#814,#844,.T.);
#842 = VERTEX_POINT('',#843);
#843 = CARTESIAN_POINT('',(16.3,13.999999994414,-7.771561172376E-16));
#844 = SURFACE_CURVE('',#845,(#849,#856),.PCURVE_S1.);
#845 = LINE('',#846,#847);
#846 = CARTESIAN_POINT('',(16.3,13.999999994414,0.));
#847 = VECTOR('',#848,1.);
#848 = DIRECTION('',(0.,-1.,0.));
#849 = PCURVE('',#309,#850);
#850 = DEFINITIONAL_REPRESENTATION('',(#851),#855);
#851 = LINE('',#852,#853);
#852 = CARTESIAN_POINT('',(16.3,13.999999995804));
#853 = VECTOR('',#854,1.);
#854 = DIRECTION('',(0.,-1.));
#855 = ( GEOMETRIC_REPRESENTATION_CONTEXT(2) 
PARAMETRIC_REPRESENTATION_CONTEXT() REPRESENTATION_CONTEXT('2D SPACE',''
  ) );
#856 = PCURVE('',#857,#862);
#857 = PLANE('',#858);
#858 = AXIS2_PLACEMENT_3D('',#859,#860,#861);
#859 = CARTESIAN_POINT('',(16.5,13.999999994414,0.2));
#860 = DIRECTION('',(0.707106781187,6.949987266552E-18,-0.707106781187)
  );
#861 = DIRECTION('',(4.914383125339E-18,-1.,-4.914383125339E-18));
#862 = DEFINITIONAL_REPRESENTATION('',(#863),#867);
#863 = LINE('',#864,#865);
#864 = CARTESIAN_POINT('',(0.,0.282842712475));
#865 = VECTOR('',#866,1.);
#866 = DIRECTION('',(1.,0.));
#867 = ( GEOMETRIC_REPRESENTATION_CONTEXT(2) 
PARAMETRIC_REPRESENTATION_CONTEXT() REPRESENTATION_CONTEXT('2D SPACE',''
  ) );
#868 = ORIENTED_EDGE('',*,*,#869,.F.);
#869 = EDGE_CURVE('',#870,#842,#872,.T.);
#870 = VERTEX_POINT('',#871);
#871 = CARTESIAN_POINT('',(15.7,14.600000000001,4.163336342344E-16));
#872 = SURFACE_CURVE('',#873,(#878,#889),.PCURVE_S1.);
#873 = CIRCLE('',#874,0.6);
#874 = AXIS2_PLACEMENT_3D('',#875,#876,#877);
#875 = CARTESIAN_POINT('',(15.7,13.999999994414,0.));
#876 = DIRECTION('',(0.,0.,-1.));
#877 = DIRECTION('',(0.,1.,0.));
#878 = PCURVE('',#309,#879);
#879 = DEFINITIONAL_REPRESENTATION('',(#880),#888);
#880 = ( BOUNDED_CURVE() B_SPLINE_CURVE(2,(#881,#882,#883,#884,#885,#886
,#887),.UNSPECIFIED.,.T.,.F.) B_SPLINE_CURVE_WITH_KNOTS((1,2,2,2,2,1),(
    -2.094395102393,0.,2.094395102393,4.188790204786,6.28318530718,
8.377580409573),.UNSPECIFIED.) CURVE() GEOMETRIC_REPRESENTATION_ITEM() 
RATIONAL_B_SPLINE_CURVE((1.,0.5,1.,0.5,1.,0.5,1.)) REPRESENTATION_ITEM(
  '') );
#881 = CARTESIAN_POINT('',(15.7,14.599999995804));
#882 = CARTESIAN_POINT('',(16.739230484541,14.599999995804));
#883 = CARTESIAN_POINT('',(16.219615242271,13.699999995804));
#884 = CARTESIAN_POINT('',(15.7,12.799999995804));
#885 = CARTESIAN_POINT('',(15.180384757729,13.699999995804));
#886 = CARTESIAN_POINT('',(14.660769515459,14.599999995804));
#887 = CARTESIAN_POINT('',(15.7,14.599999995804));
#888 = ( GEOMETRIC_REPRESENTATION_CONTEXT(2) 
PARAMETRIC_REPRESENTATION_CONTEXT() REPRESENTATION_CONTEXT('2D SPACE',''
  ) );
#889 = PCURVE('',#890,#895);
#890 = CONICAL_SURFACE('',#891,1.,0.785398163397);
#891 = AXIS2_PLACEMENT_3D('',#892,#893,#894);
#892 = CARTESIAN_POINT('',(15.7,13.999999994414,0.4));
#893 = DIRECTION('',(0.,0.,1.));
#894 = DIRECTION('',(0.,1.,0.));
#895 = DEFINITIONAL_REPRESENTATION('',(#896),#900);
#896 = LINE('',#897,#898);
#897 = CARTESIAN_POINT('',(0.,-0.4));
#898 = VECTOR('',#899,1.);
#899 = DIRECTION('',(-1.,0.));
#900 = ( GEOMETRIC_REPRESENTATION_CONTEXT(2) 
PARAMETRIC_REPRESENTATION_CONTEXT() REPRESENTATION_CONTEXT('2D SPACE',''
  ) );
#901 = ORIENTED_EDGE('',*,*,#902,.F.);
#902 = EDGE_CURVE('',#903,#870,#905,.T.);
#903 = VERTEX_POINT('',#904);
#904 = CARTESIAN_POINT('',(-15.7,14.599999994414,1.110223024625E-16));
#905 = SURFACE_CURVE('',#906,(#910,#917),.PCURVE_S1.);
#906 = LINE('',#907,#908);
#907 = CARTESIAN_POINT('',(-15.7,14.600000000001,0.));
#908 = VECTOR('',#909,1.);
#909 = DIRECTION('',(1.,0.,0.));
#910 = PCURVE('',#309,#911);
#911 = DEFINITIONAL_REPRESENTATION('',(#912),#916);
#912 = LINE('',#913,#914);
#913 = CARTESIAN_POINT('',(-15.7,14.600000001391));
#914 = VECTOR('',#915,1.);
#915 = DIRECTION('',(1.,0.));
#916 = ( GEOMETRIC_REPRESENTATION_CONTEXT(2) 
PARAMETRIC_REPRESENTATION_CONTEXT() REPRESENTATION_CONTEXT('2D SPACE',''
  ) );
#917 = PCURVE('',#918,#923);
#918 = PLANE('',#919);
#919 = AXIS2_PLACEMENT_3D('',#920,#921,#922);
#920 = CARTESIAN_POINT('',(-15.7,14.800000000001,0.2));
#921 = DIRECTION('',(3.474993633276E-18,-0.707106781187,0.707106781187)
  );
#922 = DIRECTION('',(-1.,-2.457191562669E-18,2.457191562669E-18));
#923 = DEFINITIONAL_REPRESENTATION('',(#924),#928);
#924 = LINE('',#925,#926);
#925 = CARTESIAN_POINT('',(0.,0.282842712475));
#926 = VECTOR('',#927,1.);
#927 = DIRECTION('',(-1.,0.));
#928 = ( GEOMETRIC_REPRESENTATION_CONTEXT(2) 
PARAMETRIC_REPRESENTATION_CONTEXT() REPRESENTATION_CONTEXT('2D SPACE',''
  ) );
#929 = ORIENTED_EDGE('',*,*,#930,.F.);
#930 = EDGE_CURVE('',#270,#903,#931,.T.);
#931 = SURFACE_CURVE('',#932,(#937,#948),.PCURVE_S1.);
#932 = CIRCLE('',#933,0.6);
#933 = AXIS2_PLACEMENT_3D('',#934,#935,#936);
#934 = CARTESIAN_POINT('',(-15.7,13.999999994414,0.));
#935 = DIRECTION('',(0.,0.,-1.));
#936 = DIRECTION('',(-1.,0.,0.));
#937 = PCURVE('',#309,#938);
#938 = DEFINITIONAL_REPRESENTATION('',(#939),#947);
#939 = ( BOUNDED_CURVE() B_SPLINE_CURVE(2,(#940,#941,#942,#943,#944,#945
,#946),.UNSPECIFIED.,.T.,.F.) B_SPLINE_CURVE_WITH_KNOTS((1,2,2,2,2,1),(
    -2.094395102393,0.,2.094395102393,4.188790204786,6.28318530718,
8.377580409573),.UNSPECIFIED.) CURVE() GEOMETRIC_REPRESENTATION_ITEM() 
RATIONAL_B_SPLINE_CURVE((1.,0.5,1.,0.5,1.,0.5,1.)) REPRESENTATION_ITEM(
  '') );
#940 = CARTESIAN_POINT('',(-16.3,13.999999995804));
#941 = CARTESIAN_POINT('',(-16.3,15.039230480345));
#942 = CARTESIAN_POINT('',(-15.4,14.519615238075));
#943 = CARTESIAN_POINT('',(-14.5,13.999999995804));
#944 = CARTESIAN_POINT('',(-15.4,13.480384753533));
#945 = CARTESIAN_POINT('',(-16.3,12.960769511263));
#946 = CARTESIAN_POINT('',(-16.3,13.999999995804));
#947 = ( GEOMETRIC_REPRESENTATION_CONTEXT(2) 
PARAMETRIC_REPRESENTATION_CONTEXT() REPRESENTATION_CONTEXT('2D SPACE',''
  ) );
#948 = PCURVE('',#284,#949);
#949 = DEFINITIONAL_REPRESENTATION('',(#950),#954);
#950 = LINE('',#951,#952);
#951 = CARTESIAN_POINT('',(0.,-0.4));
#952 = VECTOR('',#953,1.);
#953 = DIRECTION('',(-1.,0.));
#954 = ( GEOMETRIC_REPRESENTATION_CONTEXT(2) 
PARAMETRIC_REPRESENTATION_CONTEXT() REPRESENTATION_CONTEXT('2D SPACE',''
  ) );
#955 = ORIENTED_EDGE('',*,*,#295,.F.);
#956 = ORIENTED_EDGE('',*,*,#507,.F.);
#957 = ORIENTED_EDGE('',*,*,#958,.F.);
#958 = EDGE_CURVE('',#959,#480,#961,.T.);
#959 = VERTEX_POINT('',#960);
#960 = CARTESIAN_POINT('',(15.7,-14.6,-7.771561172376E-16));
#961 = SURFACE_CURVE('',#962,(#966,#973),.PCURVE_S1.);
#962 = LINE('',#963,#964);
#963 = CARTESIAN_POINT('',(15.7,-14.59999999999,0.));
#964 = VECTOR('',#965,1.);
#965 = DIRECTION('',(-1.,0.,0.));
#966 = PCURVE('',#309,#967);
#967 = DEFINITIONAL_REPRESENTATION('',(#968),#972);
#968 = LINE('',#969,#970);
#969 = CARTESIAN_POINT('',(15.7,-14.5999999986));
#970 = VECTOR('',#971,1.);
#971 = DIRECTION('',(-1.,0.));
#972 = ( GEOMETRIC_REPRESENTATION_CONTEXT(2) 
PARAMETRIC_REPRESENTATION_CONTEXT() REPRESENTATION_CONTEXT('2D SPACE',''
  ) );
#973 = PCURVE('',#494,#974);
#974 = DEFINITIONAL_REPRESENTATION('',(#975),#979);
#975 = LINE('',#976,#977);
#976 = CARTESIAN_POINT('',(0.,0.282842712475));
#977 = VECTOR('',#978,1.);
#978 = DIRECTION('',(1.,0.));
#979 = ( GEOMETRIC_REPRESENTATION_CONTEXT(2) 
PARAMETRIC_REPRESENTATION_CONTEXT() REPRESENTATION_CONTEXT('2D SPACE',''
  ) );
#980 = ORIENTED_EDGE('',*,*,#981,.F.);
#981 = EDGE_CURVE('',#672,#959,#982,.T.);
#982 = SURFACE_CURVE('',#983,(#988,#999),.PCURVE_S1.);
#983 = CIRCLE('',#984,0.6);
#984 = AXIS2_PLACEMENT_3D('',#985,#986,#987);
#985 = CARTESIAN_POINT('',(15.7,-14.,0.));
#986 = DIRECTION('',(0.,0.,-1.));
#987 = DIRECTION('',(1.,0.,0.));
#988 = PCURVE('',#309,#989);
#989 = DEFINITIONAL_REPRESENTATION('',(#990),#998);
#990 = ( BOUNDED_CURVE() B_SPLINE_CURVE(2,(#991,#992,#993,#994,#995,#996
,#997),.UNSPECIFIED.,.T.,.F.) B_SPLINE_CURVE_WITH_KNOTS((1,2,2,2,2,1),(
    -2.094395102393,0.,2.094395102393,4.188790204786,6.28318530718,
8.377580409573),.UNSPECIFIED.) CURVE() GEOMETRIC_REPRESENTATION_ITEM() 
RATIONAL_B_SPLINE_CURVE((1.,0.5,1.,0.5,1.,0.5,1.)) REPRESENTATION_ITEM(
  '') );
#991 = CARTESIAN_POINT('',(16.3,-13.99999999861));
#992 = CARTESIAN_POINT('',(16.3,-15.03923048315));
#993 = CARTESIAN_POINT('',(15.4,-14.51961524088));
#994 = CARTESIAN_POINT('',(14.5,-13.99999999861));
#995 = CARTESIAN_POINT('',(15.4,-13.48038475634));
#996 = CARTESIAN_POINT('',(16.3,-12.96076951407));
#997 = CARTESIAN_POINT('',(16.3,-13.99999999861));
#998 = ( GEOMETRIC_REPRESENTATION_CONTEXT(2) 
PARAMETRIC_REPRESENTATION_CONTEXT() REPRESENTATION_CONTEXT('2D SPACE',''
  ) );
#999 = PCURVE('',#1000,#1005);
#1000 = CONICAL_SURFACE('',#1001,1.,0.785398163397);
#1001 = AXIS2_PLACEMENT_3D('',#1002,#1003,#1004);
#1002 = CARTESIAN_POINT('',(15.7,-14.,0.4));
#1003 = DIRECTION('',(0.,0.,1.));
#1004 = DIRECTION('',(1.,0.,0.));
#1005 = DEFINITIONAL_REPRESENTATION('',(#1006),#1010);
#1006 = LINE('',#1007,#1008);
#1007 = CARTESIAN_POINT('',(0.,-0.4));
#1008 = VECTOR('',#1009,1.);
#1009 = DIRECTION('',(-1.,0.));
#1010 = ( GEOMETRIC_REPRESENTATION_CONTEXT(2) 
PARAMETRIC_REPRESENTATION_CONTEXT() REPRESENTATION_CONTEXT('2D SPACE',''
  ) );
#1011 = FACE_BOUND('',#1012,.F.);
#1012 = EDGE_LOOP('',(#1013,#1041,#1074,#1100,#1133,#1159,#1192,#1218));
#1013 = ORIENTED_EDGE('',*,*,#1014,.F.);
#1014 = EDGE_CURVE('',#1015,#1017,#1019,.T.);
#1015 = VERTEX_POINT('',#1016);
#1016 = CARTESIAN_POINT('',(28.4,-3.99999999085,0.));
#1017 = VERTEX_POINT('',#1018);
#1018 = CARTESIAN_POINT('',(28.4,-5.200000011263,0.));
#1019 = SURFACE_CURVE('',#1020,(#1024,#1030),.PCURVE_S1.);
#1020 = LINE('',#1021,#1022);
#1021 = CARTESIAN_POINT('',(28.4,-2.600000006326,0.));
#1022 = VECTOR('',#1023,1.);
#1023 = DIRECTION('',(0.,-1.,0.));
#1024 = PCURVE('',#309,#1025);
#1025 = DEFINITIONAL_REPRESENTATION('',(#1026),#1029);
#1026 = B_SPLINE_CURVE_WITH_KNOTS('',1,(#1027,#1028),.UNSPECIFIED.,.F.,
  .F.,(2,2),(1.399999984524,2.600000004937),.PIECEWISE_BEZIER_KNOTS.);
#1027 = CARTESIAN_POINT('',(28.4,-3.999999989461));
#1028 = CARTESIAN_POINT('',(28.4,-5.200000009874));
#1029 = ( GEOMETRIC_REPRESENTATION_CONTEXT(2) 
PARAMETRIC_REPRESENTATION_CONTEXT() REPRESENTATION_CONTEXT('2D SPACE',''
  ) );
#1030 = PCURVE('',#1031,#1036);
#1031 = PLANE('',#1032);
#1032 = AXIS2_PLACEMENT_3D('',#1033,#1034,#1035);
#1033 = CARTESIAN_POINT('',(28.4,-5.200000011263,-1.));
#1034 = DIRECTION('',(-1.,0.,0.));
#1035 = DIRECTION('',(0.,1.,0.));
#1036 = DEFINITIONAL_REPRESENTATION('',(#1037),#1040);
#1037 = B_SPLINE_CURVE_WITH_KNOTS('',1,(#1038,#1039),.UNSPECIFIED.,.F.,
  .F.,(2,2),(1.399999984524,2.600000004937),.PIECEWISE_BEZIER_KNOTS.);
#1038 = CARTESIAN_POINT('',(1.200000020413,-1.));
#1039 = CARTESIAN_POINT('',(0.,-1.));
#1040 = ( GEOMETRIC_REPRESENTATION_CONTEXT(2) 
PARAMETRIC_REPRESENTATION_CONTEXT() REPRESENTATION_CONTEXT('2D SPACE',''
  ) );
#1041 = ORIENTED_EDGE('',*,*,#1042,.T.);
#1042 = EDGE_CURVE('',#1015,#1043,#1045,.T.);
#1043 = VERTEX_POINT('',#1044);
#1044 = CARTESIAN_POINT('',(29.,-3.399999989793,0.));
#1045 = SURFACE_CURVE('',#1046,(#1051,#1062),.PCURVE_S1.);
#1046 = CIRCLE('',#1047,0.6);
#1047 = AXIS2_PLACEMENT_3D('',#1048,#1049,#1050);
#1048 = CARTESIAN_POINT('',(29.,-3.99999999085,0.));
#1049 = DIRECTION('',(0.,0.,-1.));
#1050 = DIRECTION('',(-1.,0.,0.));
#1051 = PCURVE('',#309,#1052);
#1052 = DEFINITIONAL_REPRESENTATION('',(#1053),#1061);
#1053 = ( BOUNDED_CURVE() B_SPLINE_CURVE(2,(#1054,#1055,#1056,#1057,
#1058,#1059,#1060),.UNSPECIFIED.,.T.,.F.) B_SPLINE_CURVE_WITH_KNOTS((1,2
    ,2,2,2,1),(-2.094395102393,0.,2.094395102393,4.188790204786,
6.28318530718,8.377580409573),.UNSPECIFIED.) CURVE() 
GEOMETRIC_REPRESENTATION_ITEM() RATIONAL_B_SPLINE_CURVE((1.,0.5,1.,0.5,
1.,0.5,1.)) REPRESENTATION_ITEM('') );
#1054 = CARTESIAN_POINT('',(28.4,-3.999999989461));
#1055 = CARTESIAN_POINT('',(28.4,-2.960769504919));
#1056 = CARTESIAN_POINT('',(29.3,-3.48038474719));
#1057 = CARTESIAN_POINT('',(30.2,-3.999999989461));
#1058 = CARTESIAN_POINT('',(29.3,-4.519615231731));
#1059 = CARTESIAN_POINT('',(28.4,-5.039230474002));
#1060 = CARTESIAN_POINT('',(28.4,-3.999999989461));
#1061 = ( GEOMETRIC_REPRESENTATION_CONTEXT(2) 
PARAMETRIC_REPRESENTATION_CONTEXT() REPRESENTATION_CONTEXT('2D SPACE',''
  ) );
#1062 = PCURVE('',#1063,#1068);
#1063 = CYLINDRICAL_SURFACE('',#1064,0.6);
#1064 = AXIS2_PLACEMENT_3D('',#1065,#1066,#1067);
#1065 = CARTESIAN_POINT('',(29.,-3.99999999085,-1.));
#1066 = DIRECTION('',(0.,0.,-1.));
#1067 = DIRECTION('',(-1.,0.,0.));
#1068 = DEFINITIONAL_REPRESENTATION('',(#1069),#1073);
#1069 = LINE('',#1070,#1071);
#1070 = CARTESIAN_POINT('',(0.,-1.));
#1071 = VECTOR('',#1072,1.);
#1072 = DIRECTION('',(1.,0.));
#1073 = ( GEOMETRIC_REPRESENTATION_CONTEXT(2) 
PARAMETRIC_REPRESENTATION_CONTEXT() REPRESENTATION_CONTEXT('2D SPACE',''
  ) );
#1074 = ORIENTED_EDGE('',*,*,#1075,.F.);
#1075 = EDGE_CURVE('',#1076,#1043,#1078,.T.);
#1076 = VERTEX_POINT('',#1077);
#1077 = CARTESIAN_POINT('',(31.,-3.399999989793,0.));
#1078 = SURFACE_CURVE('',#1079,(#1083,#1089),.PCURVE_S1.);
#1079 = LINE('',#1080,#1081);
#1080 = CARTESIAN_POINT('',(14.5,-3.399999988737,0.));
#1081 = VECTOR('',#1082,1.);
#1082 = DIRECTION('',(-1.,0.,0.));
#1083 = PCURVE('',#309,#1084);
#1084 = DEFINITIONAL_REPRESENTATION('',(#1085),#1088);
#1085 = B_SPLINE_CURVE_WITH_KNOTS('',1,(#1086,#1087),.UNSPECIFIED.,.F.,
  .F.,(2,2),(-16.5,-14.5),.PIECEWISE_BEZIER_KNOTS.);
#1086 = CARTESIAN_POINT('',(31.,-3.399999987347));
#1087 = CARTESIAN_POINT('',(29.,-3.399999987347));
#1088 = ( GEOMETRIC_REPRESENTATION_CONTEXT(2) 
PARAMETRIC_REPRESENTATION_CONTEXT() REPRESENTATION_CONTEXT('2D SPACE',''
  ) );
#1089 = PCURVE('',#1090,#1095);
#1090 = PLANE('',#1091);
#1091 = AXIS2_PLACEMENT_3D('',#1092,#1093,#1094);
#1092 = CARTESIAN_POINT('',(29.,-3.399999988737,-1.));
#1093 = DIRECTION('',(0.,1.,0.));
#1094 = DIRECTION('',(1.,0.,0.));
#1095 = DEFINITIONAL_REPRESENTATION('',(#1096),#1099);
#1096 = B_SPLINE_CURVE_WITH_KNOTS('',1,(#1097,#1098),.UNSPECIFIED.,.F.,
  .F.,(2,2),(-16.5,-14.5),.PIECEWISE_BEZIER_KNOTS.);
#1097 = CARTESIAN_POINT('',(2.,-1.));
#1098 = CARTESIAN_POINT('',(0.,-1.));
#1099 = ( GEOMETRIC_REPRESENTATION_CONTEXT(2) 
PARAMETRIC_REPRESENTATION_CONTEXT() REPRESENTATION_CONTEXT('2D SPACE',''
  ) );
#1100 = ORIENTED_EDGE('',*,*,#1101,.T.);
#1101 = EDGE_CURVE('',#1076,#1102,#1104,.T.);
#1102 = VERTEX_POINT('',#1103);
#1103 = CARTESIAN_POINT('',(31.6,-3.99999999085,0.));
#1104 = SURFACE_CURVE('',#1105,(#1110,#1121),.PCURVE_S1.);
#1105 = CIRCLE('',#1106,0.6);
#1106 = AXIS2_PLACEMENT_3D('',#1107,#1108,#1109);
#1107 = CARTESIAN_POINT('',(31.,-3.99999999085,0.));
#1108 = DIRECTION('',(0.,0.,-1.));
#1109 = DIRECTION('',(-1.,0.,0.));
#1110 = PCURVE('',#309,#1111);
#1111 = DEFINITIONAL_REPRESENTATION('',(#1112),#1120);
#1112 = ( BOUNDED_CURVE() B_SPLINE_CURVE(2,(#1113,#1114,#1115,#1116,
#1117,#1118,#1119),.UNSPECIFIED.,.T.,.F.) B_SPLINE_CURVE_WITH_KNOTS((1,2
    ,2,2,2,1),(-2.094395102393,0.,2.094395102393,4.188790204786,
6.28318530718,8.377580409573),.UNSPECIFIED.) CURVE() 
GEOMETRIC_REPRESENTATION_ITEM() RATIONAL_B_SPLINE_CURVE((1.,0.5,1.,0.5,
1.,0.5,1.)) REPRESENTATION_ITEM('') );
#1113 = CARTESIAN_POINT('',(30.4,-3.999999989461));
#1114 = CARTESIAN_POINT('',(30.4,-2.960769504919));
#1115 = CARTESIAN_POINT('',(31.3,-3.48038474719));
#1116 = CARTESIAN_POINT('',(32.2,-3.999999989461));
#1117 = CARTESIAN_POINT('',(31.3,-4.519615231731));
#1118 = CARTESIAN_POINT('',(30.4,-5.039230474002));
#1119 = CARTESIAN_POINT('',(30.4,-3.999999989461));
#1120 = ( GEOMETRIC_REPRESENTATION_CONTEXT(2) 
PARAMETRIC_REPRESENTATION_CONTEXT() REPRESENTATION_CONTEXT('2D SPACE',''
  ) );
#1121 = PCURVE('',#1122,#1127);
#1122 = CYLINDRICAL_SURFACE('',#1123,0.6);
#1123 = AXIS2_PLACEMENT_3D('',#1124,#1125,#1126);
#1124 = CARTESIAN_POINT('',(31.,-3.99999999085,-1.));
#1125 = DIRECTION('',(0.,0.,-1.));
#1126 = DIRECTION('',(-1.,0.,0.));
#1127 = DEFINITIONAL_REPRESENTATION('',(#1128),#1132);
#1128 = LINE('',#1129,#1130);
#1129 = CARTESIAN_POINT('',(0.,-1.));
#1130 = VECTOR('',#1131,1.);
#1131 = DIRECTION('',(1.,0.));
#1132 = ( GEOMETRIC_REPRESENTATION_CONTEXT(2) 
PARAMETRIC_REPRESENTATION_CONTEXT() REPRESENTATION_CONTEXT('2D SPACE',''
  ) );
#1133 = ORIENTED_EDGE('',*,*,#1134,.T.);
#1134 = EDGE_CURVE('',#1102,#1135,#1137,.T.);
#1135 = VERTEX_POINT('',#1136);
#1136 = CARTESIAN_POINT('',(31.6,-5.200000011263,0.));
#1137 = SURFACE_CURVE('',#1138,(#1142,#1148),.PCURVE_S1.);
#1138 = LINE('',#1139,#1140);
#1139 = CARTESIAN_POINT('',(31.6,-2.600000006326,0.));
#1140 = VECTOR('',#1141,1.);
#1141 = DIRECTION('',(0.,-1.,0.));
#1142 = PCURVE('',#309,#1143);
#1143 = DEFINITIONAL_REPRESENTATION('',(#1144),#1147);
#1144 = B_SPLINE_CURVE_WITH_KNOTS('',1,(#1145,#1146),.UNSPECIFIED.,.F.,
  .F.,(2,2),(1.399999984524,2.600000004937),.PIECEWISE_BEZIER_KNOTS.);
#1145 = CARTESIAN_POINT('',(31.6,-3.999999989461));
#1146 = CARTESIAN_POINT('',(31.6,-5.200000009874));
#1147 = ( GEOMETRIC_REPRESENTATION_CONTEXT(2) 
PARAMETRIC_REPRESENTATION_CONTEXT() REPRESENTATION_CONTEXT('2D SPACE',''
  ) );
#1148 = PCURVE('',#1149,#1154);
#1149 = PLANE('',#1150);
#1150 = AXIS2_PLACEMENT_3D('',#1151,#1152,#1153);
#1151 = CARTESIAN_POINT('',(31.6,-5.200000011263,-1.));
#1152 = DIRECTION('',(-1.,0.,0.));
#1153 = DIRECTION('',(0.,1.,0.));
#1154 = DEFINITIONAL_REPRESENTATION('',(#1155),#1158);
#1155 = B_SPLINE_CURVE_WITH_KNOTS('',1,(#1156,#1157),.UNSPECIFIED.,.F.,
  .F.,(2,2),(1.399999984524,2.600000004937),.PIECEWISE_BEZIER_KNOTS.);
#1156 = CARTESIAN_POINT('',(1.200000020413,-1.));
#1157 = CARTESIAN_POINT('',(0.,-1.));
#1158 = ( GEOMETRIC_REPRESENTATION_CONTEXT(2) 
PARAMETRIC_REPRESENTATION_CONTEXT() REPRESENTATION_CONTEXT('2D SPACE',''
  ) );
#1159 = ORIENTED_EDGE('',*,*,#1160,.T.);
#1160 = EDGE_CURVE('',#1135,#1161,#1163,.T.);
#1161 = VERTEX_POINT('',#1162);
#1162 = CARTESIAN_POINT('',(31.,-5.8,0.));
#1163 = SURFACE_CURVE('',#1164,(#1169,#1180),.PCURVE_S1.);
#1164 = CIRCLE('',#1165,0.6);
#1165 = AXIS2_PLACEMENT_3D('',#1166,#1167,#1168);
#1166 = CARTESIAN_POINT('',(31.,-5.200000011263,0.));
#1167 = DIRECTION('',(0.,0.,-1.));
#1168 = DIRECTION('',(-1.,0.,0.));
#1169 = PCURVE('',#309,#1170);
#1170 = DEFINITIONAL_REPRESENTATION('',(#1171),#1179);
#1171 = ( BOUNDED_CURVE() B_SPLINE_CURVE(2,(#1172,#1173,#1174,#1175,
#1176,#1177,#1178),.UNSPECIFIED.,.T.,.F.) B_SPLINE_CURVE_WITH_KNOTS((1,2
    ,2,2,2,1),(-2.094395102393,0.,2.094395102393,4.188790204786,
6.28318530718,8.377580409573),.UNSPECIFIED.) CURVE() 
GEOMETRIC_REPRESENTATION_ITEM() RATIONAL_B_SPLINE_CURVE((1.,0.5,1.,0.5,
1.,0.5,1.)) REPRESENTATION_ITEM('') );
#1172 = CARTESIAN_POINT('',(30.4,-5.200000009874));
#1173 = CARTESIAN_POINT('',(30.4,-4.160769525333));
#1174 = CARTESIAN_POINT('',(31.3,-4.680384767603));
#1175 = CARTESIAN_POINT('',(32.2,-5.200000009874));
#1176 = CARTESIAN_POINT('',(31.3,-5.719615252145));
#1177 = CARTESIAN_POINT('',(30.4,-6.239230494415));
#1178 = CARTESIAN_POINT('',(30.4,-5.200000009874));
#1179 = ( GEOMETRIC_REPRESENTATION_CONTEXT(2) 
PARAMETRIC_REPRESENTATION_CONTEXT() REPRESENTATION_CONTEXT('2D SPACE',''
  ) );
#1180 = PCURVE('',#1181,#1186);
#1181 = CYLINDRICAL_SURFACE('',#1182,0.6);
#1182 = AXIS2_PLACEMENT_3D('',#1183,#1184,#1185);
#1183 = CARTESIAN_POINT('',(31.,-5.200000011263,-1.));
#1184 = DIRECTION('',(0.,0.,-1.));
#1185 = DIRECTION('',(-1.,0.,0.));
#1186 = DEFINITIONAL_REPRESENTATION('',(#1187),#1191);
#1187 = LINE('',#1188,#1189);
#1188 = CARTESIAN_POINT('',(0.,-1.));
#1189 = VECTOR('',#1190,1.);
#1190 = DIRECTION('',(1.,0.));
#1191 = ( GEOMETRIC_REPRESENTATION_CONTEXT(2) 
PARAMETRIC_REPRESENTATION_CONTEXT() REPRESENTATION_CONTEXT('2D SPACE',''
  ) );
#1192 = ORIENTED_EDGE('',*,*,#1193,.T.);
#1193 = EDGE_CURVE('',#1161,#1194,#1196,.T.);
#1194 = VERTEX_POINT('',#1195);
#1195 = CARTESIAN_POINT('',(29.,-5.8,0.));
#1196 = SURFACE_CURVE('',#1197,(#1201,#1207),.PCURVE_S1.);
#1197 = LINE('',#1198,#1199);
#1198 = CARTESIAN_POINT('',(14.5,-5.799999988737,0.));
#1199 = VECTOR('',#1200,1.);
#1200 = DIRECTION('',(-1.,0.,0.));
#1201 = PCURVE('',#309,#1202);
#1202 = DEFINITIONAL_REPRESENTATION('',(#1203),#1206);
#1203 = B_SPLINE_CURVE_WITH_KNOTS('',1,(#1204,#1205),.UNSPECIFIED.,.F.,
  .F.,(2,2),(-16.5,-14.5),.PIECEWISE_BEZIER_KNOTS.);
#1204 = CARTESIAN_POINT('',(31.,-5.799999987347));
#1205 = CARTESIAN_POINT('',(29.,-5.799999987347));
#1206 = ( GEOMETRIC_REPRESENTATION_CONTEXT(2) 
PARAMETRIC_REPRESENTATION_CONTEXT() REPRESENTATION_CONTEXT('2D SPACE',''
  ) );
#1207 = PCURVE('',#1208,#1213);
#1208 = PLANE('',#1209);
#1209 = AXIS2_PLACEMENT_3D('',#1210,#1211,#1212);
#1210 = CARTESIAN_POINT('',(29.,-5.799999988737,-1.));
#1211 = DIRECTION('',(0.,1.,0.));
#1212 = DIRECTION('',(1.,0.,0.));
#1213 = DEFINITIONAL_REPRESENTATION('',(#1214),#1217);
#1214 = B_SPLINE_CURVE_WITH_KNOTS('',1,(#1215,#1216),.UNSPECIFIED.,.F.,
  .F.,(2,2),(-16.5,-14.5),.PIECEWISE_BEZIER_KNOTS.);
#1215 = CARTESIAN_POINT('',(2.,-1.));
#1216 = CARTESIAN_POINT('',(0.,-1.));
#1217 = ( GEOMETRIC_REPRESENTATION_CONTEXT(2) 
PARAMETRIC_REPRESENTATION_CONTEXT() REPRESENTATION_CONTEXT('2D SPACE',''
  ) );
#1218 = ORIENTED_EDGE('',*,*,#1219,.T.);
#1219 = EDGE_CURVE('',#1194,#1017,#1220,.T.);
#1220 = SURFACE_CURVE('',#1221,(#1226,#1237),.PCURVE_S1.);
#1221 = CIRCLE('',#1222,0.6);
#1222 = AXIS2_PLACEMENT_3D('',#1223,#1224,#1225);
#1223 = CARTESIAN_POINT('',(29.,-5.200000011263,0.));
#1224 = DIRECTION('',(0.,0.,-1.));
#1225 = DIRECTION('',(-1.,0.,0.));
#1226 = PCURVE('',#309,#1227);
#1227 = DEFINITIONAL_REPRESENTATION('',(#1228),#1236);
#1228 = ( BOUNDED_CURVE() B_SPLINE_CURVE(2,(#1229,#1230,#1231,#1232,
#1233,#1234,#1235),.UNSPECIFIED.,.T.,.F.) B_SPLINE_CURVE_WITH_KNOTS((1,2
    ,2,2,2,1),(-2.094395102393,0.,2.094395102393,4.188790204786,
6.28318530718,8.377580409573),.UNSPECIFIED.) CURVE() 
GEOMETRIC_REPRESENTATION_ITEM() RATIONAL_B_SPLINE_CURVE((1.,0.5,1.,0.5,
1.,0.5,1.)) REPRESENTATION_ITEM('') );
#1229 = CARTESIAN_POINT('',(28.4,-5.200000009874));
#1230 = CARTESIAN_POINT('',(28.4,-4.160769525333));
#1231 = CARTESIAN_POINT('',(29.3,-4.680384767603));
#1232 = CARTESIAN_POINT('',(30.2,-5.200000009874));
#1233 = CARTESIAN_POINT('',(29.3,-5.719615252145));
#1234 = CARTESIAN_POINT('',(28.4,-6.239230494415));
#1235 = CARTESIAN_POINT('',(28.4,-5.200000009874));
#1236 = ( GEOMETRIC_REPRESENTATION_CONTEXT(2) 
PARAMETRIC_REPRESENTATION_CONTEXT() REPRESENTATION_CONTEXT('2D SPACE',''
  ) );
#1237 = PCURVE('',#1238,#1243);
#1238 = CYLINDRICAL_SURFACE('',#1239,0.6);
#1239 = AXIS2_PLACEMENT_3D('',#1240,#1241,#1242);
#1240 = CARTESIAN_POINT('',(29.,-5.200000011263,-1.));
#1241 = DIRECTION('',(0.,0.,-1.));
#1242 = DIRECTION('',(-1.,0.,0.));
#1243 = DEFINITIONAL_REPRESENTATION('',(#1244),#1248);
#1244 = LINE('',#1245,#1246);
#1245 = CARTESIAN_POINT('',(0.,-1.));
#1246 = VECTOR('',#1247,1.);
#1247 = DIRECTION('',(1.,0.));
#1248 = ( GEOMETRIC_REPRESENTATION_CONTEXT(2) 
PARAMETRIC_REPRESENTATION_CONTEXT() REPRESENTATION_CONTEXT('2D SPACE',''
  ) );
#1249 = FACE_BOUND('',#1250,.F.);
#1250 = EDGE_LOOP('',(#1251,#1279,#1312,#1338,#1371,#1397,#1430,#1456));
#1251 = ORIENTED_EDGE('',*,*,#1252,.F.);
#1252 = EDGE_CURVE('',#1253,#1255,#1257,.T.);
#1253 = VERTEX_POINT('',#1254);
#1254 = CARTESIAN_POINT('',(34.4,-3.99999999085,0.));
#1255 = VERTEX_POINT('',#1256);
#1256 = CARTESIAN_POINT('',(34.4,-5.200000011263,0.));
#1257 = SURFACE_CURVE('',#1258,(#1262,#1268),.PCURVE_S1.);
#1258 = LINE('',#1259,#1260);
#1259 = CARTESIAN_POINT('',(34.4,-2.600000006326,0.));
#1260 = VECTOR('',#1261,1.);
#1261 = DIRECTION('',(0.,-1.,0.));
#1262 = PCURVE('',#309,#1263);
#1263 = DEFINITIONAL_REPRESENTATION('',(#1264),#1267);
#1264 = B_SPLINE_CURVE_WITH_KNOTS('',1,(#1265,#1266),.UNSPECIFIED.,.F.,
  .F.,(2,2),(1.399999984524,2.600000004937),.PIECEWISE_BEZIER_KNOTS.);
#1265 = CARTESIAN_POINT('',(34.4,-3.999999989461));
#1266 = CARTESIAN_POINT('',(34.4,-5.200000009874));
#1267 = ( GEOMETRIC_REPRESENTATION_CONTEXT(2) 
PARAMETRIC_REPRESENTATION_CONTEXT() REPRESENTATION_CONTEXT('2D SPACE',''
  ) );
#1268 = PCURVE('',#1269,#1274);
#1269 = PLANE('',#1270);
#1270 = AXIS2_PLACEMENT_3D('',#1271,#1272,#1273);
#1271 = CARTESIAN_POINT('',(34.4,-5.200000011263,-1.));
#1272 = DIRECTION('',(-1.,0.,0.));
#1273 = DIRECTION('',(0.,1.,0.));
#1274 = DEFINITIONAL_REPRESENTATION('',(#1275),#1278);
#1275 = B_SPLINE_CURVE_WITH_KNOTS('',1,(#1276,#1277),.UNSPECIFIED.,.F.,
  .F.,(2,2),(1.399999984524,2.600000004937),.PIECEWISE_BEZIER_KNOTS.);
#1276 = CARTESIAN_POINT('',(1.200000020413,-1.));
#1277 = CARTESIAN_POINT('',(0.,-1.));
#1278 = ( GEOMETRIC_REPRESENTATION_CONTEXT(2) 
PARAMETRIC_REPRESENTATION_CONTEXT() REPRESENTATION_CONTEXT('2D SPACE',''
  ) );
#1279 = ORIENTED_EDGE('',*,*,#1280,.T.);
#1280 = EDGE_CURVE('',#1253,#1281,#1283,.T.);
#1281 = VERTEX_POINT('',#1282);
#1282 = CARTESIAN_POINT('',(35.,-3.399999989793,0.));
#1283 = SURFACE_CURVE('',#1284,(#1289,#1300),.PCURVE_S1.);
#1284 = CIRCLE('',#1285,0.6);
#1285 = AXIS2_PLACEMENT_3D('',#1286,#1287,#1288);
#1286 = CARTESIAN_POINT('',(35.,-3.99999999085,0.));
#1287 = DIRECTION('',(0.,0.,-1.));
#1288 = DIRECTION('',(-1.,0.,0.));
#1289 = PCURVE('',#309,#1290);
#1290 = DEFINITIONAL_REPRESENTATION('',(#1291),#1299);
#1291 = ( BOUNDED_CURVE() B_SPLINE_CURVE(2,(#1292,#1293,#1294,#1295,
#1296,#1297,#1298),.UNSPECIFIED.,.T.,.F.) B_SPLINE_CURVE_WITH_KNOTS((1,2
    ,2,2,2,1),(-2.094395102393,0.,2.094395102393,4.188790204786,
6.28318530718,8.377580409573),.UNSPECIFIED.) CURVE() 
GEOMETRIC_REPRESENTATION_ITEM() RATIONAL_B_SPLINE_CURVE((1.,0.5,1.,0.5,
1.,0.5,1.)) REPRESENTATION_ITEM('') );
#1292 = CARTESIAN_POINT('',(34.4,-3.999999989461));
#1293 = CARTESIAN_POINT('',(34.4,-2.960769504919));
#1294 = CARTESIAN_POINT('',(35.3,-3.48038474719));
#1295 = CARTESIAN_POINT('',(36.2,-3.999999989461));
#1296 = CARTESIAN_POINT('',(35.3,-4.519615231731));
#1297 = CARTESIAN_POINT('',(34.4,-5.039230474002));
#1298 = CARTESIAN_POINT('',(34.4,-3.999999989461));
#1299 = ( GEOMETRIC_REPRESENTATION_CONTEXT(2) 
PARAMETRIC_REPRESENTATION_CONTEXT() REPRESENTATION_CONTEXT('2D SPACE',''
  ) );
#1300 = PCURVE('',#1301,#1306);
#1301 = CYLINDRICAL_SURFACE('',#1302,0.6);
#1302 = AXIS2_PLACEMENT_3D('',#1303,#1304,#1305);
#1303 = CARTESIAN_POINT('',(35.,-3.99999999085,-1.));
#1304 = DIRECTION('',(0.,0.,-1.));
#1305 = DIRECTION('',(-1.,0.,0.));
#1306 = DEFINITIONAL_REPRESENTATION('',(#1307),#1311);
#1307 = LINE('',#1308,#1309);
#1308 = CARTESIAN_POINT('',(0.,-1.));
#1309 = VECTOR('',#1310,1.);
#1310 = DIRECTION('',(1.,0.));
#1311 = ( GEOMETRIC_REPRESENTATION_CONTEXT(2) 
PARAMETRIC_REPRESENTATION_CONTEXT() REPRESENTATION_CONTEXT('2D SPACE',''
  ) );
#1312 = ORIENTED_EDGE('',*,*,#1313,.F.);
#1313 = EDGE_CURVE('',#1314,#1281,#1316,.T.);
#1314 = VERTEX_POINT('',#1315);
#1315 = CARTESIAN_POINT('',(37.,-3.399999989793,0.));
#1316 = SURFACE_CURVE('',#1317,(#1321,#1327),.PCURVE_S1.);
#1317 = LINE('',#1318,#1319);
#1318 = CARTESIAN_POINT('',(17.5,-3.399999988737,0.));
#1319 = VECTOR('',#1320,1.);
#1320 = DIRECTION('',(-1.,0.,0.));
#1321 = PCURVE('',#309,#1322);
#1322 = DEFINITIONAL_REPRESENTATION('',(#1323),#1326);
#1323 = B_SPLINE_CURVE_WITH_KNOTS('',1,(#1324,#1325),.UNSPECIFIED.,.F.,
  .F.,(2,2),(-19.5,-17.5),.PIECEWISE_BEZIER_KNOTS.);
#1324 = CARTESIAN_POINT('',(37.,-3.399999987347));
#1325 = CARTESIAN_POINT('',(35.,-3.399999987347));
#1326 = ( GEOMETRIC_REPRESENTATION_CONTEXT(2) 
PARAMETRIC_REPRESENTATION_CONTEXT() REPRESENTATION_CONTEXT('2D SPACE',''
  ) );
#1327 = PCURVE('',#1328,#1333);
#1328 = PLANE('',#1329);
#1329 = AXIS2_PLACEMENT_3D('',#1330,#1331,#1332);
#1330 = CARTESIAN_POINT('',(35.,-3.399999988737,-1.));
#1331 = DIRECTION('',(0.,1.,0.));
#1332 = DIRECTION('',(1.,0.,0.));
#1333 = DEFINITIONAL_REPRESENTATION('',(#1334),#1337);
#1334 = B_SPLINE_CURVE_WITH_KNOTS('',1,(#1335,#1336),.UNSPECIFIED.,.F.,
  .F.,(2,2),(-19.5,-17.5),.PIECEWISE_BEZIER_KNOTS.);
#1335 = CARTESIAN_POINT('',(2.,-1.));
#1336 = CARTESIAN_POINT('',(0.,-1.));
#1337 = ( GEOMETRIC_REPRESENTATION_CONTEXT(2) 
PARAMETRIC_REPRESENTATION_CONTEXT() REPRESENTATION_CONTEXT('2D SPACE',''
  ) );
#1338 = ORIENTED_EDGE('',*,*,#1339,.T.);
#1339 = EDGE_CURVE('',#1314,#1340,#1342,.T.);
#1340 = VERTEX_POINT('',#1341);
#1341 = CARTESIAN_POINT('',(37.6,-3.99999999085,0.));
#1342 = SURFACE_CURVE('',#1343,(#1348,#1359),.PCURVE_S1.);
#1343 = CIRCLE('',#1344,0.6);
#1344 = AXIS2_PLACEMENT_3D('',#1345,#1346,#1347);
#1345 = CARTESIAN_POINT('',(37.,-3.99999999085,0.));
#1346 = DIRECTION('',(0.,0.,-1.));
#1347 = DIRECTION('',(-1.,0.,0.));
#1348 = PCURVE('',#309,#1349);
#1349 = DEFINITIONAL_REPRESENTATION('',(#1350),#1358);
#1350 = ( BOUNDED_CURVE() B_SPLINE_CURVE(2,(#1351,#1352,#1353,#1354,
#1355,#1356,#1357),.UNSPECIFIED.,.T.,.F.) B_SPLINE_CURVE_WITH_KNOTS((1,2
    ,2,2,2,1),(-2.094395102393,0.,2.094395102393,4.188790204786,
6.28318530718,8.377580409573),.UNSPECIFIED.) CURVE() 
GEOMETRIC_REPRESENTATION_ITEM() RATIONAL_B_SPLINE_CURVE((1.,0.5,1.,0.5,
1.,0.5,1.)) REPRESENTATION_ITEM('') );
#1351 = CARTESIAN_POINT('',(36.4,-3.999999989461));
#1352 = CARTESIAN_POINT('',(36.4,-2.960769504919));
#1353 = CARTESIAN_POINT('',(37.3,-3.48038474719));
#1354 = CARTESIAN_POINT('',(38.2,-3.999999989461));
#1355 = CARTESIAN_POINT('',(37.3,-4.519615231731));
#1356 = CARTESIAN_POINT('',(36.4,-5.039230474002));
#1357 = CARTESIAN_POINT('',(36.4,-3.999999989461));
#1358 = ( GEOMETRIC_REPRESENTATION_CONTEXT(2) 
PARAMETRIC_REPRESENTATION_CONTEXT() REPRESENTATION_CONTEXT('2D SPACE',''
  ) );
#1359 = PCURVE('',#1360,#1365);
#1360 = CYLINDRICAL_SURFACE('',#1361,0.6);
#1361 = AXIS2_PLACEMENT_3D('',#1362,#1363,#1364);
#1362 = CARTESIAN_POINT('',(37.,-3.99999999085,-1.));
#1363 = DIRECTION('',(0.,0.,-1.));
#1364 = DIRECTION('',(-1.,0.,0.));
#1365 = DEFINITIONAL_REPRESENTATION('',(#1366),#1370);
#1366 = LINE('',#1367,#1368);
#1367 = CARTESIAN_POINT('',(0.,-1.));
#1368 = VECTOR('',#1369,1.);
#1369 = DIRECTION('',(1.,0.));
#1370 = ( GEOMETRIC_REPRESENTATION_CONTEXT(2) 
PARAMETRIC_REPRESENTATION_CONTEXT() REPRESENTATION_CONTEXT('2D SPACE',''
  ) );
#1371 = ORIENTED_EDGE('',*,*,#1372,.T.);
#1372 = EDGE_CURVE('',#1340,#1373,#1375,.T.);
#1373 = VERTEX_POINT('',#1374);
#1374 = CARTESIAN_POINT('',(37.6,-5.200000011263,0.));
#1375 = SURFACE_CURVE('',#1376,(#1380,#1386),.PCURVE_S1.);
#1376 = LINE('',#1377,#1378);
#1377 = CARTESIAN_POINT('',(37.6,-2.600000006326,0.));
#1378 = VECTOR('',#1379,1.);
#1379 = DIRECTION('',(0.,-1.,0.));
#1380 = PCURVE('',#309,#1381);
#1381 = DEFINITIONAL_REPRESENTATION('',(#1382),#1385);
#1382 = B_SPLINE_CURVE_WITH_KNOTS('',1,(#1383,#1384),.UNSPECIFIED.,.F.,
  .F.,(2,2),(1.399999984524,2.600000004937),.PIECEWISE_BEZIER_KNOTS.);
#1383 = CARTESIAN_POINT('',(37.6,-3.999999989461));
#1384 = CARTESIAN_POINT('',(37.6,-5.200000009874));
#1385 = ( GEOMETRIC_REPRESENTATION_CONTEXT(2) 
PARAMETRIC_REPRESENTATION_CONTEXT() REPRESENTATION_CONTEXT('2D SPACE',''
  ) );
#1386 = PCURVE('',#1387,#1392);
#1387 = PLANE('',#1388);
#1388 = AXIS2_PLACEMENT_3D('',#1389,#1390,#1391);
#1389 = CARTESIAN_POINT('',(37.6,-5.200000011263,-1.));
#1390 = DIRECTION('',(-1.,0.,0.));
#1391 = DIRECTION('',(0.,1.,0.));
#1392 = DEFINITIONAL_REPRESENTATION('',(#1393),#1396);
#1393 = B_SPLINE_CURVE_WITH_KNOTS('',1,(#1394,#1395),.UNSPECIFIED.,.F.,
  .F.,(2,2),(1.399999984524,2.600000004937),.PIECEWISE_BEZIER_KNOTS.);
#1394 = CARTESIAN_POINT('',(1.200000020413,-1.));
#1395 = CARTESIAN_POINT('',(0.,-1.));
#1396 = ( GEOMETRIC_REPRESENTATION_CONTEXT(2) 
PARAMETRIC_REPRESENTATION_CONTEXT() REPRESENTATION_CONTEXT('2D SPACE',''
  ) );
#1397 = ORIENTED_EDGE('',*,*,#1398,.T.);
#1398 = EDGE_CURVE('',#1373,#1399,#1401,.T.);
#1399 = VERTEX_POINT('',#1400);
#1400 = CARTESIAN_POINT('',(37.,-5.8,0.));
#1401 = SURFACE_CURVE('',#1402,(#1407,#1418),.PCURVE_S1.);
#1402 = CIRCLE('',#1403,0.6);
#1403 = AXIS2_PLACEMENT_3D('',#1404,#1405,#1406);
#1404 = CARTESIAN_POINT('',(37.,-5.200000011263,0.));
#1405 = DIRECTION('',(0.,0.,-1.));
#1406 = DIRECTION('',(-1.,0.,0.));
#1407 = PCURVE('',#309,#1408);
#1408 = DEFINITIONAL_REPRESENTATION('',(#1409),#1417);
#1409 = ( BOUNDED_CURVE() B_SPLINE_CURVE(2,(#1410,#1411,#1412,#1413,
#1414,#1415,#1416),.UNSPECIFIED.,.T.,.F.) B_SPLINE_CURVE_WITH_KNOTS((1,2
    ,2,2,2,1),(-2.094395102393,0.,2.094395102393,4.188790204786,
6.28318530718,8.377580409573),.UNSPECIFIED.) CURVE() 
GEOMETRIC_REPRESENTATION_ITEM() RATIONAL_B_SPLINE_CURVE((1.,0.5,1.,0.5,
1.,0.5,1.)) REPRESENTATION_ITEM('') );
#1410 = CARTESIAN_POINT('',(36.4,-5.200000009874));
#1411 = CARTESIAN_POINT('',(36.4,-4.160769525333));
#1412 = CARTESIAN_POINT('',(37.3,-4.680384767603));
#1413 = CARTESIAN_POINT('',(38.2,-5.200000009874));
#1414 = CARTESIAN_POINT('',(37.3,-5.719615252145));
#1415 = CARTESIAN_POINT('',(36.4,-6.239230494415));
#1416 = CARTESIAN_POINT('',(36.4,-5.200000009874));
#1417 = ( GEOMETRIC_REPRESENTATION_CONTEXT(2) 
PARAMETRIC_REPRESENTATION_CONTEXT() REPRESENTATION_CONTEXT('2D SPACE',''
  ) );
#1418 = PCURVE('',#1419,#1424);
#1419 = CYLINDRICAL_SURFACE('',#1420,0.6);
#1420 = AXIS2_PLACEMENT_3D('',#1421,#1422,#1423);
#1421 = CARTESIAN_POINT('',(37.,-5.200000011263,-1.));
#1422 = DIRECTION('',(0.,0.,-1.));
#1423 = DIRECTION('',(-1.,0.,0.));
#1424 = DEFINITIONAL_REPRESENTATION('',(#1425),#1429);
#1425 = LINE('',#1426,#1427);
#1426 = CARTESIAN_POINT('',(0.,-1.));
#1427 = VECTOR('',#1428,1.);
#1428 = DIRECTION('',(1.,0.));
#1429 = ( GEOMETRIC_REPRESENTATION_CONTEXT(2) 
PARAMETRIC_REPRESENTATION_CONTEXT() REPRESENTATION_CONTEXT('2D SPACE',''
  ) );
#1430 = ORIENTED_EDGE('',*,*,#1431,.T.);
#1431 = EDGE_CURVE('',#1399,#1432,#1434,.T.);
#1432 = VERTEX_POINT('',#1433);
#1433 = CARTESIAN_POINT('',(35.,-5.8,0.));
#1434 = SURFACE_CURVE('',#1435,(#1439,#1445),.PCURVE_S1.);
#1435 = LINE('',#1436,#1437);
#1436 = CARTESIAN_POINT('',(17.5,-5.799999988737,0.));
#1437 = VECTOR('',#1438,1.);
#1438 = DIRECTION('',(-1.,0.,0.));
#1439 = PCURVE('',#309,#1440);
#1440 = DEFINITIONAL_REPRESENTATION('',(#1441),#1444);
#1441 = B_SPLINE_CURVE_WITH_KNOTS('',1,(#1442,#1443),.UNSPECIFIED.,.F.,
  .F.,(2,2),(-19.5,-17.5),.PIECEWISE_BEZIER_KNOTS.);
#1442 = CARTESIAN_POINT('',(37.,-5.799999987347));
#1443 = CARTESIAN_POINT('',(35.,-5.799999987347));
#1444 = ( GEOMETRIC_REPRESENTATION_CONTEXT(2) 
PARAMETRIC_REPRESENTATION_CONTEXT() REPRESENTATION_CONTEXT('2D SPACE',''
  ) );
#1445 = PCURVE('',#1446,#1451);
#1446 = PLANE('',#1447);
#1447 = AXIS2_PLACEMENT_3D('',#1448,#1449,#1450);
#1448 = CARTESIAN_POINT('',(35.,-5.799999988737,-1.));
#1449 = DIRECTION('',(0.,1.,0.));
#1450 = DIRECTION('',(1.,0.,0.));
#1451 = DEFINITIONAL_REPRESENTATION('',(#1452),#1455);
#1452 = B_SPLINE_CURVE_WITH_KNOTS('',1,(#1453,#1454),.UNSPECIFIED.,.F.,
  .F.,(2,2),(-19.5,-17.5),.PIECEWISE_BEZIER_KNOTS.);
#1453 = CARTESIAN_POINT('',(2.,-1.));
#1454 = CARTESIAN_POINT('',(0.,-1.));
#1455 = ( GEOMETRIC_REPRESENTATION_CONTEXT(2) 
PARAMETRIC_REPRESENTATION_CONTEXT() REPRESENTATION_CONTEXT('2D SPACE',''
  ) );
#1456 = ORIENTED_EDGE('',*,*,#1457,.T.);
#1457 = EDGE_CURVE('',#1432,#1255,#1458,.T.);
#1458 = SURFACE_CURVE('',#1459,(#1464,#1475),.PCURVE_S1.);
#1459 = CIRCLE('',#1460,0.6);
#1460 = AXIS2_PLACEMENT_3D('',#1461,#1462,#1463);
#1461 = CARTESIAN_POINT('',(35.,-5.200000011263,0.));
#1462 = DIRECTION('',(0.,0.,-1.));
#1463 = DIRECTION('',(-1.,0.,0.));
#1464 = PCURVE('',#309,#1465);
#1465 = DEFINITIONAL_REPRESENTATION('',(#1466),#1474);
#1466 = ( BOUNDED_CURVE() B_SPLINE_CURVE(2,(#1467,#1468,#1469,#1470,
#1471,#1472,#1473),.UNSPECIFIED.,.T.,.F.) B_SPLINE_CURVE_WITH_KNOTS((1,2
    ,2,2,2,1),(-2.094395102393,0.,2.094395102393,4.188790204786,
6.28318530718,8.377580409573),.UNSPECIFIED.) CURVE() 
GEOMETRIC_REPRESENTATION_ITEM() RATIONAL_B_SPLINE_CURVE((1.,0.5,1.,0.5,
1.,0.5,1.)) REPRESENTATION_ITEM('') );
#1467 = CARTESIAN_POINT('',(34.4,-5.200000009874));
#1468 = CARTESIAN_POINT('',(34.4,-4.160769525333));
#1469 = CARTESIAN_POINT('',(35.3,-4.680384767603));
#1470 = CARTESIAN_POINT('',(36.2,-5.200000009874));
#1471 = CARTESIAN_POINT('',(35.3,-5.719615252145));
#1472 = CARTESIAN_POINT('',(34.4,-6.239230494415));
#1473 = CARTESIAN_POINT('',(34.4,-5.200000009874));
#1474 = ( GEOMETRIC_REPRESENTATION_CONTEXT(2) 
PARAMETRIC_REPRESENTATION_CONTEXT() REPRESENTATION_CONTEXT('2D SPACE',''
  ) );
#1475 = PCURVE('',#1476,#1481);
#1476 = CYLINDRICAL_SURFACE('',#1477,0.6);
#1477 = AXIS2_PLACEMENT_3D('',#1478,#1479,#1480);
#1478 = CARTESIAN_POINT('',(35.,-5.200000011263,-1.));
#1479 = DIRECTION('',(0.,0.,-1.));
#1480 = DIRECTION('',(-1.,0.,0.));
#1481 = DEFINITIONAL_REPRESENTATION('',(#1482),#1486);
#1482 = LINE('',#1483,#1484);
#1483 = CARTESIAN_POINT('',(0.,-1.));
#1484 = VECTOR('',#1485,1.);
#1485 = DIRECTION('',(1.,0.));
#1486 = ( GEOMETRIC_REPRESENTATION_CONTEXT(2) 
PARAMETRIC_REPRESENTATION_CONTEXT() REPRESENTATION_CONTEXT('2D SPACE',''
  ) );
#1487 = FACE_BOUND('',#1488,.F.);
#1488 = EDGE_LOOP('',(#1489,#1518,#1545,#1572));
#1489 = ORIENTED_EDGE('',*,*,#1490,.T.);
#1490 = EDGE_CURVE('',#1491,#1493,#1495,.T.);
#1491 = VERTEX_POINT('',#1492);
#1492 = CARTESIAN_POINT('',(13.3,-3.85,0.));
#1493 = VERTEX_POINT('',#1494);
#1494 = CARTESIAN_POINT('',(-13.3,-3.85,0.));
#1495 = SURFACE_CURVE('',#1496,(#1500,#1507),.PCURVE_S1.);
#1496 = LINE('',#1497,#1498);
#1497 = CARTESIAN_POINT('',(-6.65,-3.85,0.));
#1498 = VECTOR('',#1499,1.);
#1499 = DIRECTION('',(-1.,0.,0.));
#1500 = PCURVE('',#309,#1501);
#1501 = DEFINITIONAL_REPRESENTATION('',(#1502),#1506);
#1502 = LINE('',#1503,#1504);
#1503 = CARTESIAN_POINT('',(-6.65,-3.84999999861));
#1504 = VECTOR('',#1505,1.);
#1505 = DIRECTION('',(-1.,0.));
#1506 = ( GEOMETRIC_REPRESENTATION_CONTEXT(2) 
PARAMETRIC_REPRESENTATION_CONTEXT() REPRESENTATION_CONTEXT('2D SPACE',''
  ) );
#1507 = PCURVE('',#1508,#1513);
#1508 = PLANE('',#1509);
#1509 = AXIS2_PLACEMENT_3D('',#1510,#1511,#1512);
#1510 = CARTESIAN_POINT('',(-13.3,-3.85,-1.));
#1511 = DIRECTION('',(0.,1.,0.));
#1512 = DIRECTION('',(0.,0.,1.));
#1513 = DEFINITIONAL_REPRESENTATION('',(#1514),#1517);
#1514 = B_SPLINE_CURVE_WITH_KNOTS('',1,(#1515,#1516),.UNSPECIFIED.,.F.,
  .F.,(2,2),(-19.95,6.65),.PIECEWISE_BEZIER_KNOTS.);
#1515 = CARTESIAN_POINT('',(1.,26.6));
#1516 = CARTESIAN_POINT('',(1.,0.));
#1517 = ( GEOMETRIC_REPRESENTATION_CONTEXT(2) 
PARAMETRIC_REPRESENTATION_CONTEXT() REPRESENTATION_CONTEXT('2D SPACE',''
  ) );
#1518 = ORIENTED_EDGE('',*,*,#1519,.T.);
#1519 = EDGE_CURVE('',#1493,#1520,#1522,.T.);
#1520 = VERTEX_POINT('',#1521);
#1521 = CARTESIAN_POINT('',(-13.3,3.85,0.));
#1522 = SURFACE_CURVE('',#1523,(#1527,#1534),.PCURVE_S1.);
#1523 = LINE('',#1524,#1525);
#1524 = CARTESIAN_POINT('',(-13.3,-1.925000000695,0.));
#1525 = VECTOR('',#1526,1.);
#1526 = DIRECTION('',(0.,1.,0.));
#1527 = PCURVE('',#309,#1528);
#1528 = DEFINITIONAL_REPRESENTATION('',(#1529),#1533);
#1529 = LINE('',#1530,#1531);
#1530 = CARTESIAN_POINT('',(-13.3,-1.924999999305));
#1531 = VECTOR('',#1532,1.);
#1532 = DIRECTION('',(0.,1.));
#1533 = ( GEOMETRIC_REPRESENTATION_CONTEXT(2) 
PARAMETRIC_REPRESENTATION_CONTEXT() REPRESENTATION_CONTEXT('2D SPACE',''
  ) );
#1534 = PCURVE('',#1535,#1540);
#1535 = PLANE('',#1536);
#1536 = AXIS2_PLACEMENT_3D('',#1537,#1538,#1539);
#1537 = CARTESIAN_POINT('',(-13.3,-3.85,-1.));
#1538 = DIRECTION('',(1.,0.,0.));
#1539 = DIRECTION('',(0.,0.,1.));
#1540 = DEFINITIONAL_REPRESENTATION('',(#1541),#1544);
#1541 = B_SPLINE_CURVE_WITH_KNOTS('',1,(#1542,#1543),.UNSPECIFIED.,.F.,
  .F.,(2,2),(-1.924999999305,5.775000000695),.PIECEWISE_BEZIER_KNOTS.);
#1542 = CARTESIAN_POINT('',(1.,0.));
#1543 = CARTESIAN_POINT('',(1.,-7.7));
#1544 = ( GEOMETRIC_REPRESENTATION_CONTEXT(2) 
PARAMETRIC_REPRESENTATION_CONTEXT() REPRESENTATION_CONTEXT('2D SPACE',''
  ) );
#1545 = ORIENTED_EDGE('',*,*,#1546,.F.);
#1546 = EDGE_CURVE('',#1547,#1520,#1549,.T.);
#1547 = VERTEX_POINT('',#1548);
#1548 = CARTESIAN_POINT('',(13.3,3.85,0.));
#1549 = SURFACE_CURVE('',#1550,(#1554,#1561),.PCURVE_S1.);
#1550 = LINE('',#1551,#1552);
#1551 = CARTESIAN_POINT('',(-6.65,3.85,0.));
#1552 = VECTOR('',#1553,1.);
#1553 = DIRECTION('',(-1.,0.,0.));
#1554 = PCURVE('',#309,#1555);
#1555 = DEFINITIONAL_REPRESENTATION('',(#1556),#1560);
#1556 = LINE('',#1557,#1558);
#1557 = CARTESIAN_POINT('',(-6.65,3.85000000139));
#1558 = VECTOR('',#1559,1.);
#1559 = DIRECTION('',(-1.,0.));
#1560 = ( GEOMETRIC_REPRESENTATION_CONTEXT(2) 
PARAMETRIC_REPRESENTATION_CONTEXT() REPRESENTATION_CONTEXT('2D SPACE',''
  ) );
#1561 = PCURVE('',#1562,#1567);
#1562 = PLANE('',#1563);
#1563 = AXIS2_PLACEMENT_3D('',#1564,#1565,#1566);
#1564 = CARTESIAN_POINT('',(-13.3,3.85,-1.));
#1565 = DIRECTION('',(0.,1.,0.));
#1566 = DIRECTION('',(0.,0.,1.));
#1567 = DEFINITIONAL_REPRESENTATION('',(#1568),#1571);
#1568 = B_SPLINE_CURVE_WITH_KNOTS('',1,(#1569,#1570),.UNSPECIFIED.,.F.,
  .F.,(2,2),(-19.95,6.65),.PIECEWISE_BEZIER_KNOTS.);
#1569 = CARTESIAN_POINT('',(1.,26.6));
#1570 = CARTESIAN_POINT('',(1.,0.));
#1571 = ( GEOMETRIC_REPRESENTATION_CONTEXT(2) 
PARAMETRIC_REPRESENTATION_CONTEXT() REPRESENTATION_CONTEXT('2D SPACE',''
  ) );
#1572 = ORIENTED_EDGE('',*,*,#1573,.F.);
#1573 = EDGE_CURVE('',#1491,#1547,#1574,.T.);
#1574 = SURFACE_CURVE('',#1575,(#1579,#1586),.PCURVE_S1.);
#1575 = LINE('',#1576,#1577);
#1576 = CARTESIAN_POINT('',(13.3,-1.925000000695,0.));
#1577 = VECTOR('',#1578,1.);
#1578 = DIRECTION('',(0.,1.,0.));
#1579 = PCURVE('',#309,#1580);
#1580 = DEFINITIONAL_REPRESENTATION('',(#1581),#1585);
#1581 = LINE('',#1582,#1583);
#1582 = CARTESIAN_POINT('',(13.3,-1.924999999305));
#1583 = VECTOR('',#1584,1.);
#1584 = DIRECTION('',(0.,1.));
#1585 = ( GEOMETRIC_REPRESENTATION_CONTEXT(2) 
PARAMETRIC_REPRESENTATION_CONTEXT() REPRESENTATION_CONTEXT('2D SPACE',''
  ) );
#1586 = PCURVE('',#1587,#1592);
#1587 = PLANE('',#1588);
#1588 = AXIS2_PLACEMENT_3D('',#1589,#1590,#1591);
#1589 = CARTESIAN_POINT('',(13.3,-3.85,-1.));
#1590 = DIRECTION('',(1.,0.,0.));
#1591 = DIRECTION('',(0.,0.,1.));
#1592 = DEFINITIONAL_REPRESENTATION('',(#1593),#1596);
#1593 = B_SPLINE_CURVE_WITH_KNOTS('',1,(#1594,#1595),.UNSPECIFIED.,.F.,
  .F.,(2,2),(-1.924999999305,5.775000000695),.PIECEWISE_BEZIER_KNOTS.);
#1594 = CARTESIAN_POINT('',(1.,0.));
#1595 = CARTESIAN_POINT('',(1.,-7.7));
#1596 = ( GEOMETRIC_REPRESENTATION_CONTEXT(2) 
PARAMETRIC_REPRESENTATION_CONTEXT() REPRESENTATION_CONTEXT('2D SPACE',''
  ) );
#1597 = FACE_BOUND('',#1598,.F.);
#1598 = EDGE_LOOP('',(#1599,#1627,#1660,#1686,#1719,#1745,#1778,#1804));
#1599 = ORIENTED_EDGE('',*,*,#1600,.F.);
#1600 = EDGE_CURVE('',#1601,#1603,#1605,.T.);
#1601 = VERTEX_POINT('',#1602);
#1602 = CARTESIAN_POINT('',(28.4,5.20000000915,0.));
#1603 = VERTEX_POINT('',#1604);
#1604 = CARTESIAN_POINT('',(28.4,3.999999988737,0.));
#1605 = SURFACE_CURVE('',#1606,(#1610,#1616),.PCURVE_S1.);
#1606 = LINE('',#1607,#1608);
#1607 = CARTESIAN_POINT('',(28.4,1.999999993674,0.));
#1608 = VECTOR('',#1609,1.);
#1609 = DIRECTION('',(0.,-1.,0.));
#1610 = PCURVE('',#309,#1611);
#1611 = DEFINITIONAL_REPRESENTATION('',(#1612),#1615);
#1612 = B_SPLINE_CURVE_WITH_KNOTS('',1,(#1613,#1614),.UNSPECIFIED.,.F.,
  .F.,(2,2),(-3.200000015476,-1.999999995063),.PIECEWISE_BEZIER_KNOTS.);
#1613 = CARTESIAN_POINT('',(28.4,5.200000010539));
#1614 = CARTESIAN_POINT('',(28.4,3.999999990126));
#1615 = ( GEOMETRIC_REPRESENTATION_CONTEXT(2) 
PARAMETRIC_REPRESENTATION_CONTEXT() REPRESENTATION_CONTEXT('2D SPACE',''
  ) );
#1616 = PCURVE('',#1617,#1622);
#1617 = PLANE('',#1618);
#1618 = AXIS2_PLACEMENT_3D('',#1619,#1620,#1621);
#1619 = CARTESIAN_POINT('',(28.4,3.999999988737,-1.));
#1620 = DIRECTION('',(-1.,0.,0.));
#1621 = DIRECTION('',(0.,1.,0.));
#1622 = DEFINITIONAL_REPRESENTATION('',(#1623),#1626);
#1623 = B_SPLINE_CURVE_WITH_KNOTS('',1,(#1624,#1625),.UNSPECIFIED.,.F.,
  .F.,(2,2),(-3.200000015476,-1.999999995063),.PIECEWISE_BEZIER_KNOTS.);
#1624 = CARTESIAN_POINT('',(1.200000020413,-1.));
#1625 = CARTESIAN_POINT('',(0.,-1.));
#1626 = ( GEOMETRIC_REPRESENTATION_CONTEXT(2) 
PARAMETRIC_REPRESENTATION_CONTEXT() REPRESENTATION_CONTEXT('2D SPACE',''
  ) );
#1627 = ORIENTED_EDGE('',*,*,#1628,.T.);
#1628 = EDGE_CURVE('',#1601,#1629,#1631,.T.);
#1629 = VERTEX_POINT('',#1630);
#1630 = CARTESIAN_POINT('',(29.,5.800000010207,0.));
#1631 = SURFACE_CURVE('',#1632,(#1637,#1648),.PCURVE_S1.);
#1632 = CIRCLE('',#1633,0.6);
#1633 = AXIS2_PLACEMENT_3D('',#1634,#1635,#1636);
#1634 = CARTESIAN_POINT('',(29.,5.20000000915,0.));
#1635 = DIRECTION('',(0.,0.,-1.));
#1636 = DIRECTION('',(-1.,0.,0.));
#1637 = PCURVE('',#309,#1638);
#1638 = DEFINITIONAL_REPRESENTATION('',(#1639),#1647);
#1639 = ( BOUNDED_CURVE() B_SPLINE_CURVE(2,(#1640,#1641,#1642,#1643,
#1644,#1645,#1646),.UNSPECIFIED.,.T.,.F.) B_SPLINE_CURVE_WITH_KNOTS((1,2
    ,2,2,2,1),(-2.094395102393,0.,2.094395102393,4.188790204786,
6.28318530718,8.377580409573),.UNSPECIFIED.) CURVE() 
GEOMETRIC_REPRESENTATION_ITEM() RATIONAL_B_SPLINE_CURVE((1.,0.5,1.,0.5,
1.,0.5,1.)) REPRESENTATION_ITEM('') );
#1640 = CARTESIAN_POINT('',(28.4,5.200000010539));
#1641 = CARTESIAN_POINT('',(28.4,6.239230495081));
#1642 = CARTESIAN_POINT('',(29.3,5.71961525281));
#1643 = CARTESIAN_POINT('',(30.2,5.200000010539));
#1644 = CARTESIAN_POINT('',(29.3,4.680384768269));
#1645 = CARTESIAN_POINT('',(28.4,4.160769525998));
#1646 = CARTESIAN_POINT('',(28.4,5.200000010539));
#1647 = ( GEOMETRIC_REPRESENTATION_CONTEXT(2) 
PARAMETRIC_REPRESENTATION_CONTEXT() REPRESENTATION_CONTEXT('2D SPACE',''
  ) );
#1648 = PCURVE('',#1649,#1654);
#1649 = CYLINDRICAL_SURFACE('',#1650,0.6);
#1650 = AXIS2_PLACEMENT_3D('',#1651,#1652,#1653);
#1651 = CARTESIAN_POINT('',(29.,5.20000000915,-1.));
#1652 = DIRECTION('',(0.,0.,-1.));
#1653 = DIRECTION('',(-1.,0.,0.));
#1654 = DEFINITIONAL_REPRESENTATION('',(#1655),#1659);
#1655 = LINE('',#1656,#1657);
#1656 = CARTESIAN_POINT('',(0.,-1.));
#1657 = VECTOR('',#1658,1.);
#1658 = DIRECTION('',(1.,0.));
#1659 = ( GEOMETRIC_REPRESENTATION_CONTEXT(2) 
PARAMETRIC_REPRESENTATION_CONTEXT() REPRESENTATION_CONTEXT('2D SPACE',''
  ) );
#1660 = ORIENTED_EDGE('',*,*,#1661,.F.);
#1661 = EDGE_CURVE('',#1662,#1629,#1664,.T.);
#1662 = VERTEX_POINT('',#1663);
#1663 = CARTESIAN_POINT('',(31.,5.800000010207,0.));
#1664 = SURFACE_CURVE('',#1665,(#1669,#1675),.PCURVE_S1.);
#1665 = LINE('',#1666,#1667);
#1666 = CARTESIAN_POINT('',(14.5,5.800000011263,0.));
#1667 = VECTOR('',#1668,1.);
#1668 = DIRECTION('',(-1.,0.,0.));
#1669 = PCURVE('',#309,#1670);
#1670 = DEFINITIONAL_REPRESENTATION('',(#1671),#1674);
#1671 = B_SPLINE_CURVE_WITH_KNOTS('',1,(#1672,#1673),.UNSPECIFIED.,.F.,
  .F.,(2,2),(-16.5,-14.5),.PIECEWISE_BEZIER_KNOTS.);
#1672 = CARTESIAN_POINT('',(31.,5.800000012653));
#1673 = CARTESIAN_POINT('',(29.,5.800000012653));
#1674 = ( GEOMETRIC_REPRESENTATION_CONTEXT(2) 
PARAMETRIC_REPRESENTATION_CONTEXT() REPRESENTATION_CONTEXT('2D SPACE',''
  ) );
#1675 = PCURVE('',#1676,#1681);
#1676 = PLANE('',#1677);
#1677 = AXIS2_PLACEMENT_3D('',#1678,#1679,#1680);
#1678 = CARTESIAN_POINT('',(29.,5.800000011263,-1.));
#1679 = DIRECTION('',(0.,1.,0.));
#1680 = DIRECTION('',(1.,0.,0.));
#1681 = DEFINITIONAL_REPRESENTATION('',(#1682),#1685);
#1682 = B_SPLINE_CURVE_WITH_KNOTS('',1,(#1683,#1684),.UNSPECIFIED.,.F.,
  .F.,(2,2),(-16.5,-14.5),.PIECEWISE_BEZIER_KNOTS.);
#1683 = CARTESIAN_POINT('',(2.,-1.));
#1684 = CARTESIAN_POINT('',(0.,-1.));
#1685 = ( GEOMETRIC_REPRESENTATION_CONTEXT(2) 
PARAMETRIC_REPRESENTATION_CONTEXT() REPRESENTATION_CONTEXT('2D SPACE',''
  ) );
#1686 = ORIENTED_EDGE('',*,*,#1687,.T.);
#1687 = EDGE_CURVE('',#1662,#1688,#1690,.T.);
#1688 = VERTEX_POINT('',#1689);
#1689 = CARTESIAN_POINT('',(31.6,5.20000000915,0.));
#1690 = SURFACE_CURVE('',#1691,(#1696,#1707),.PCURVE_S1.);
#1691 = CIRCLE('',#1692,0.6);
#1692 = AXIS2_PLACEMENT_3D('',#1693,#1694,#1695);
#1693 = CARTESIAN_POINT('',(31.,5.20000000915,0.));
#1694 = DIRECTION('',(0.,0.,-1.));
#1695 = DIRECTION('',(-1.,0.,0.));
#1696 = PCURVE('',#309,#1697);
#1697 = DEFINITIONAL_REPRESENTATION('',(#1698),#1706);
#1698 = ( BOUNDED_CURVE() B_SPLINE_CURVE(2,(#1699,#1700,#1701,#1702,
#1703,#1704,#1705),.UNSPECIFIED.,.T.,.F.) B_SPLINE_CURVE_WITH_KNOTS((1,2
    ,2,2,2,1),(-2.094395102393,0.,2.094395102393,4.188790204786,
6.28318530718,8.377580409573),.UNSPECIFIED.) CURVE() 
GEOMETRIC_REPRESENTATION_ITEM() RATIONAL_B_SPLINE_CURVE((1.,0.5,1.,0.5,
1.,0.5,1.)) REPRESENTATION_ITEM('') );
#1699 = CARTESIAN_POINT('',(30.4,5.200000010539));
#1700 = CARTESIAN_POINT('',(30.4,6.239230495081));
#1701 = CARTESIAN_POINT('',(31.3,5.71961525281));
#1702 = CARTESIAN_POINT('',(32.2,5.200000010539));
#1703 = CARTESIAN_POINT('',(31.3,4.680384768269));
#1704 = CARTESIAN_POINT('',(30.4,4.160769525998));
#1705 = CARTESIAN_POINT('',(30.4,5.200000010539));
#1706 = ( GEOMETRIC_REPRESENTATION_CONTEXT(2) 
PARAMETRIC_REPRESENTATION_CONTEXT() REPRESENTATION_CONTEXT('2D SPACE',''
  ) );
#1707 = PCURVE('',#1708,#1713);
#1708 = CYLINDRICAL_SURFACE('',#1709,0.6);
#1709 = AXIS2_PLACEMENT_3D('',#1710,#1711,#1712);
#1710 = CARTESIAN_POINT('',(31.,5.20000000915,-1.));
#1711 = DIRECTION('',(0.,0.,-1.));
#1712 = DIRECTION('',(-1.,0.,0.));
#1713 = DEFINITIONAL_REPRESENTATION('',(#1714),#1718);
#1714 = LINE('',#1715,#1716);
#1715 = CARTESIAN_POINT('',(0.,-1.));
#1716 = VECTOR('',#1717,1.);
#1717 = DIRECTION('',(1.,0.));
#1718 = ( GEOMETRIC_REPRESENTATION_CONTEXT(2) 
PARAMETRIC_REPRESENTATION_CONTEXT() REPRESENTATION_CONTEXT('2D SPACE',''
  ) );
#1719 = ORIENTED_EDGE('',*,*,#1720,.T.);
#1720 = EDGE_CURVE('',#1688,#1721,#1723,.T.);
#1721 = VERTEX_POINT('',#1722);
#1722 = CARTESIAN_POINT('',(31.6,3.999999988737,0.));
#1723 = SURFACE_CURVE('',#1724,(#1728,#1734),.PCURVE_S1.);
#1724 = LINE('',#1725,#1726);
#1725 = CARTESIAN_POINT('',(31.6,1.999999993674,0.));
#1726 = VECTOR('',#1727,1.);
#1727 = DIRECTION('',(0.,-1.,0.));
#1728 = PCURVE('',#309,#1729);
#1729 = DEFINITIONAL_REPRESENTATION('',(#1730),#1733);
#1730 = B_SPLINE_CURVE_WITH_KNOTS('',1,(#1731,#1732),.UNSPECIFIED.,.F.,
  .F.,(2,2),(-3.200000015476,-1.999999995063),.PIECEWISE_BEZIER_KNOTS.);
#1731 = CARTESIAN_POINT('',(31.6,5.200000010539));
#1732 = CARTESIAN_POINT('',(31.6,3.999999990126));
#1733 = ( GEOMETRIC_REPRESENTATION_CONTEXT(2) 
PARAMETRIC_REPRESENTATION_CONTEXT() REPRESENTATION_CONTEXT('2D SPACE',''
  ) );
#1734 = PCURVE('',#1735,#1740);
#1735 = PLANE('',#1736);
#1736 = AXIS2_PLACEMENT_3D('',#1737,#1738,#1739);
#1737 = CARTESIAN_POINT('',(31.6,3.999999988737,-1.));
#1738 = DIRECTION('',(-1.,0.,0.));
#1739 = DIRECTION('',(0.,1.,0.));
#1740 = DEFINITIONAL_REPRESENTATION('',(#1741),#1744);
#1741 = B_SPLINE_CURVE_WITH_KNOTS('',1,(#1742,#1743),.UNSPECIFIED.,.F.,
  .F.,(2,2),(-3.200000015476,-1.999999995063),.PIECEWISE_BEZIER_KNOTS.);
#1742 = CARTESIAN_POINT('',(1.200000020413,-1.));
#1743 = CARTESIAN_POINT('',(0.,-1.));
#1744 = ( GEOMETRIC_REPRESENTATION_CONTEXT(2) 
PARAMETRIC_REPRESENTATION_CONTEXT() REPRESENTATION_CONTEXT('2D SPACE',''
  ) );
#1745 = ORIENTED_EDGE('',*,*,#1746,.T.);
#1746 = EDGE_CURVE('',#1721,#1747,#1749,.T.);
#1747 = VERTEX_POINT('',#1748);
#1748 = CARTESIAN_POINT('',(31.,3.4,0.));
#1749 = SURFACE_CURVE('',#1750,(#1755,#1766),.PCURVE_S1.);
#1750 = CIRCLE('',#1751,0.6);
#1751 = AXIS2_PLACEMENT_3D('',#1752,#1753,#1754);
#1752 = CARTESIAN_POINT('',(31.,3.999999988737,0.));
#1753 = DIRECTION('',(0.,0.,-1.));
#1754 = DIRECTION('',(-1.,0.,0.));
#1755 = PCURVE('',#309,#1756);
#1756 = DEFINITIONAL_REPRESENTATION('',(#1757),#1765);
#1757 = ( BOUNDED_CURVE() B_SPLINE_CURVE(2,(#1758,#1759,#1760,#1761,
#1762,#1763,#1764),.UNSPECIFIED.,.T.,.F.) B_SPLINE_CURVE_WITH_KNOTS((1,2
    ,2,2,2,1),(-2.094395102393,0.,2.094395102393,4.188790204786,
6.28318530718,8.377580409573),.UNSPECIFIED.) CURVE() 
GEOMETRIC_REPRESENTATION_ITEM() RATIONAL_B_SPLINE_CURVE((1.,0.5,1.,0.5,
1.,0.5,1.)) REPRESENTATION_ITEM('') );
#1758 = CARTESIAN_POINT('',(30.4,3.999999990126));
#1759 = CARTESIAN_POINT('',(30.4,5.039230474667));
#1760 = CARTESIAN_POINT('',(31.3,4.519615232397));
#1761 = CARTESIAN_POINT('',(32.2,3.999999990126));
#1762 = CARTESIAN_POINT('',(31.3,3.480384747855));
#1763 = CARTESIAN_POINT('',(30.4,2.960769505585));
#1764 = CARTESIAN_POINT('',(30.4,3.999999990126));
#1765 = ( GEOMETRIC_REPRESENTATION_CONTEXT(2) 
PARAMETRIC_REPRESENTATION_CONTEXT() REPRESENTATION_CONTEXT('2D SPACE',''
  ) );
#1766 = PCURVE('',#1767,#1772);
#1767 = CYLINDRICAL_SURFACE('',#1768,0.6);
#1768 = AXIS2_PLACEMENT_3D('',#1769,#1770,#1771);
#1769 = CARTESIAN_POINT('',(31.,3.999999988737,-1.));
#1770 = DIRECTION('',(0.,0.,-1.));
#1771 = DIRECTION('',(-1.,0.,0.));
#1772 = DEFINITIONAL_REPRESENTATION('',(#1773),#1777);
#1773 = LINE('',#1774,#1775);
#1774 = CARTESIAN_POINT('',(0.,-1.));
#1775 = VECTOR('',#1776,1.);
#1776 = DIRECTION('',(1.,0.));
#1777 = ( GEOMETRIC_REPRESENTATION_CONTEXT(2) 
PARAMETRIC_REPRESENTATION_CONTEXT() REPRESENTATION_CONTEXT('2D SPACE',''
  ) );
#1778 = ORIENTED_EDGE('',*,*,#1779,.T.);
#1779 = EDGE_CURVE('',#1747,#1780,#1782,.T.);
#1780 = VERTEX_POINT('',#1781);
#1781 = CARTESIAN_POINT('',(29.,3.4,0.));
#1782 = SURFACE_CURVE('',#1783,(#1787,#1793),.PCURVE_S1.);
#1783 = LINE('',#1784,#1785);
#1784 = CARTESIAN_POINT('',(14.5,3.400000011263,0.));
#1785 = VECTOR('',#1786,1.);
#1786 = DIRECTION('',(-1.,0.,0.));
#1787 = PCURVE('',#309,#1788);
#1788 = DEFINITIONAL_REPRESENTATION('',(#1789),#1792);
#1789 = B_SPLINE_CURVE_WITH_KNOTS('',1,(#1790,#1791),.UNSPECIFIED.,.F.,
  .F.,(2,2),(-16.5,-14.5),.PIECEWISE_BEZIER_KNOTS.);
#1790 = CARTESIAN_POINT('',(31.,3.400000012653));
#1791 = CARTESIAN_POINT('',(29.,3.400000012653));
#1792 = ( GEOMETRIC_REPRESENTATION_CONTEXT(2) 
PARAMETRIC_REPRESENTATION_CONTEXT() REPRESENTATION_CONTEXT('2D SPACE',''
  ) );
#1793 = PCURVE('',#1794,#1799);
#1794 = PLANE('',#1795);
#1795 = AXIS2_PLACEMENT_3D('',#1796,#1797,#1798);
#1796 = CARTESIAN_POINT('',(29.,3.400000011263,-1.));
#1797 = DIRECTION('',(0.,1.,0.));
#1798 = DIRECTION('',(1.,0.,0.));
#1799 = DEFINITIONAL_REPRESENTATION('',(#1800),#1803);
#1800 = B_SPLINE_CURVE_WITH_KNOTS('',1,(#1801,#1802),.UNSPECIFIED.,.F.,
  .F.,(2,2),(-16.5,-14.5),.PIECEWISE_BEZIER_KNOTS.);
#1801 = CARTESIAN_POINT('',(2.,-1.));
#1802 = CARTESIAN_POINT('',(0.,-1.));
#1803 = ( GEOMETRIC_REPRESENTATION_CONTEXT(2) 
PARAMETRIC_REPRESENTATION_CONTEXT() REPRESENTATION_CONTEXT('2D SPACE',''
  ) );
#1804 = ORIENTED_EDGE('',*,*,#1805,.T.);
#1805 = EDGE_CURVE('',#1780,#1603,#1806,.T.);
#1806 = SURFACE_CURVE('',#1807,(#1812,#1823),.PCURVE_S1.);
#1807 = CIRCLE('',#1808,0.6);
#1808 = AXIS2_PLACEMENT_3D('',#1809,#1810,#1811);
#1809 = CARTESIAN_POINT('',(29.,3.999999988737,0.));
#1810 = DIRECTION('',(0.,0.,-1.));
#1811 = DIRECTION('',(-1.,0.,0.));
#1812 = PCURVE('',#309,#1813);
#1813 = DEFINITIONAL_REPRESENTATION('',(#1814),#1822);
#1814 = ( BOUNDED_CURVE() B_SPLINE_CURVE(2,(#1815,#1816,#1817,#1818,
#1819,#1820,#1821),.UNSPECIFIED.,.T.,.F.) B_SPLINE_CURVE_WITH_KNOTS((1,2
    ,2,2,2,1),(-2.094395102393,0.,2.094395102393,4.188790204786,
6.28318530718,8.377580409573),.UNSPECIFIED.) CURVE() 
GEOMETRIC_REPRESENTATION_ITEM() RATIONAL_B_SPLINE_CURVE((1.,0.5,1.,0.5,
1.,0.5,1.)) REPRESENTATION_ITEM('') );
#1815 = CARTESIAN_POINT('',(28.4,3.999999990126));
#1816 = CARTESIAN_POINT('',(28.4,5.039230474667));
#1817 = CARTESIAN_POINT('',(29.3,4.519615232397));
#1818 = CARTESIAN_POINT('',(30.2,3.999999990126));
#1819 = CARTESIAN_POINT('',(29.3,3.480384747855));
#1820 = CARTESIAN_POINT('',(28.4,2.960769505585));
#1821 = CARTESIAN_POINT('',(28.4,3.999999990126));
#1822 = ( GEOMETRIC_REPRESENTATION_CONTEXT(2) 
PARAMETRIC_REPRESENTATION_CONTEXT() REPRESENTATION_CONTEXT('2D SPACE',''
  ) );
#1823 = PCURVE('',#1824,#1829);
#1824 = CYLINDRICAL_SURFACE('',#1825,0.6);
#1825 = AXIS2_PLACEMENT_3D('',#1826,#1827,#1828);
#1826 = CARTESIAN_POINT('',(29.,3.999999988737,-1.));
#1827 = DIRECTION('',(0.,0.,-1.));
#1828 = DIRECTION('',(-1.,0.,0.));
#1829 = DEFINITIONAL_REPRESENTATION('',(#1830),#1834);
#1830 = LINE('',#1831,#1832);
#1831 = CARTESIAN_POINT('',(0.,-1.));
#1832 = VECTOR('',#1833,1.);
#1833 = DIRECTION('',(1.,0.));
#1834 = ( GEOMETRIC_REPRESENTATION_CONTEXT(2) 
PARAMETRIC_REPRESENTATION_CONTEXT() REPRESENTATION_CONTEXT('2D SPACE',''
  ) );
#1835 = FACE_BOUND('',#1836,.F.);
#1836 = EDGE_LOOP('',(#1837,#1865,#1898,#1924,#1957,#1983,#2016,#2042));
#1837 = ORIENTED_EDGE('',*,*,#1838,.F.);
#1838 = EDGE_CURVE('',#1839,#1841,#1843,.T.);
#1839 = VERTEX_POINT('',#1840);
#1840 = CARTESIAN_POINT('',(34.4,5.20000000915,0.));
#1841 = VERTEX_POINT('',#1842);
#1842 = CARTESIAN_POINT('',(34.4,3.999999988737,0.));
#1843 = SURFACE_CURVE('',#1844,(#1848,#1854),.PCURVE_S1.);
#1844 = LINE('',#1845,#1846);
#1845 = CARTESIAN_POINT('',(34.4,1.999999993674,0.));
#1846 = VECTOR('',#1847,1.);
#1847 = DIRECTION('',(0.,-1.,0.));
#1848 = PCURVE('',#309,#1849);
#1849 = DEFINITIONAL_REPRESENTATION('',(#1850),#1853);
#1850 = B_SPLINE_CURVE_WITH_KNOTS('',1,(#1851,#1852),.UNSPECIFIED.,.F.,
  .F.,(2,2),(-3.200000015476,-1.999999995063),.PIECEWISE_BEZIER_KNOTS.);
#1851 = CARTESIAN_POINT('',(34.4,5.200000010539));
#1852 = CARTESIAN_POINT('',(34.4,3.999999990126));
#1853 = ( GEOMETRIC_REPRESENTATION_CONTEXT(2) 
PARAMETRIC_REPRESENTATION_CONTEXT() REPRESENTATION_CONTEXT('2D SPACE',''
  ) );
#1854 = PCURVE('',#1855,#1860);
#1855 = PLANE('',#1856);
#1856 = AXIS2_PLACEMENT_3D('',#1857,#1858,#1859);
#1857 = CARTESIAN_POINT('',(34.4,3.999999988737,-1.));
#1858 = DIRECTION('',(-1.,0.,0.));
#1859 = DIRECTION('',(0.,1.,0.));
#1860 = DEFINITIONAL_REPRESENTATION('',(#1861),#1864);
#1861 = B_SPLINE_CURVE_WITH_KNOTS('',1,(#1862,#1863),.UNSPECIFIED.,.F.,
  .F.,(2,2),(-3.200000015476,-1.999999995063),.PIECEWISE_BEZIER_KNOTS.);
#1862 = CARTESIAN_POINT('',(1.200000020413,-1.));
#1863 = CARTESIAN_POINT('',(0.,-1.));
#1864 = ( GEOMETRIC_REPRESENTATION_CONTEXT(2) 
PARAMETRIC_REPRESENTATION_CONTEXT() REPRESENTATION_CONTEXT('2D SPACE',''
  ) );
#1865 = ORIENTED_EDGE('',*,*,#1866,.T.);
#1866 = EDGE_CURVE('',#1839,#1867,#1869,.T.);
#1867 = VERTEX_POINT('',#1868);
#1868 = CARTESIAN_POINT('',(35.,5.800000010207,0.));
#1869 = SURFACE_CURVE('',#1870,(#1875,#1886),.PCURVE_S1.);
#1870 = CIRCLE('',#1871,0.6);
#1871 = AXIS2_PLACEMENT_3D('',#1872,#1873,#1874);
#1872 = CARTESIAN_POINT('',(35.,5.20000000915,0.));
#1873 = DIRECTION('',(0.,0.,-1.));
#1874 = DIRECTION('',(-1.,0.,0.));
#1875 = PCURVE('',#309,#1876);
#1876 = DEFINITIONAL_REPRESENTATION('',(#1877),#1885);
#1877 = ( BOUNDED_CURVE() B_SPLINE_CURVE(2,(#1878,#1879,#1880,#1881,
#1882,#1883,#1884),.UNSPECIFIED.,.T.,.F.) B_SPLINE_CURVE_WITH_KNOTS((1,2
    ,2,2,2,1),(-2.094395102393,0.,2.094395102393,4.188790204786,
6.28318530718,8.377580409573),.UNSPECIFIED.) CURVE() 
GEOMETRIC_REPRESENTATION_ITEM() RATIONAL_B_SPLINE_CURVE((1.,0.5,1.,0.5,
1.,0.5,1.)) REPRESENTATION_ITEM('') );
#1878 = CARTESIAN_POINT('',(34.4,5.200000010539));
#1879 = CARTESIAN_POINT('',(34.4,6.239230495081));
#1880 = CARTESIAN_POINT('',(35.3,5.71961525281));
#1881 = CARTESIAN_POINT('',(36.2,5.200000010539));
#1882 = CARTESIAN_POINT('',(35.3,4.680384768269));
#1883 = CARTESIAN_POINT('',(34.4,4.160769525998));
#1884 = CARTESIAN_POINT('',(34.4,5.200000010539));
#1885 = ( GEOMETRIC_REPRESENTATION_CONTEXT(2) 
PARAMETRIC_REPRESENTATION_CONTEXT() REPRESENTATION_CONTEXT('2D SPACE',''
  ) );
#1886 = PCURVE('',#1887,#1892);
#1887 = CYLINDRICAL_SURFACE('',#1888,0.6);
#1888 = AXIS2_PLACEMENT_3D('',#1889,#1890,#1891);
#1889 = CARTESIAN_POINT('',(35.,5.20000000915,-1.));
#1890 = DIRECTION('',(0.,0.,-1.));
#1891 = DIRECTION('',(-1.,0.,0.));
#1892 = DEFINITIONAL_REPRESENTATION('',(#1893),#1897);
#1893 = LINE('',#1894,#1895);
#1894 = CARTESIAN_POINT('',(0.,-1.));
#1895 = VECTOR('',#1896,1.);
#1896 = DIRECTION('',(1.,0.));
#1897 = ( GEOMETRIC_REPRESENTATION_CONTEXT(2) 
PARAMETRIC_REPRESENTATION_CONTEXT() REPRESENTATION_CONTEXT('2D SPACE',''
  ) );
#1898 = ORIENTED_EDGE('',*,*,#1899,.F.);
#1899 = EDGE_CURVE('',#1900,#1867,#1902,.T.);
#1900 = VERTEX_POINT('',#1901);
#1901 = CARTESIAN_POINT('',(37.,5.800000010207,0.));
#1902 = SURFACE_CURVE('',#1903,(#1907,#1913),.PCURVE_S1.);
#1903 = LINE('',#1904,#1905);
#1904 = CARTESIAN_POINT('',(17.5,5.800000011263,0.));
#1905 = VECTOR('',#1906,1.);
#1906 = DIRECTION('',(-1.,0.,0.));
#1907 = PCURVE('',#309,#1908);
#1908 = DEFINITIONAL_REPRESENTATION('',(#1909),#1912);
#1909 = B_SPLINE_CURVE_WITH_KNOTS('',1,(#1910,#1911),.UNSPECIFIED.,.F.,
  .F.,(2,2),(-19.5,-17.5),.PIECEWISE_BEZIER_KNOTS.);
#1910 = CARTESIAN_POINT('',(37.,5.800000012653));
#1911 = CARTESIAN_POINT('',(35.,5.800000012653));
#1912 = ( GEOMETRIC_REPRESENTATION_CONTEXT(2) 
PARAMETRIC_REPRESENTATION_CONTEXT() REPRESENTATION_CONTEXT('2D SPACE',''
  ) );
#1913 = PCURVE('',#1914,#1919);
#1914 = PLANE('',#1915);
#1915 = AXIS2_PLACEMENT_3D('',#1916,#1917,#1918);
#1916 = CARTESIAN_POINT('',(35.,5.800000011263,-1.));
#1917 = DIRECTION('',(0.,1.,0.));
#1918 = DIRECTION('',(1.,0.,0.));
#1919 = DEFINITIONAL_REPRESENTATION('',(#1920),#1923);
#1920 = B_SPLINE_CURVE_WITH_KNOTS('',1,(#1921,#1922),.UNSPECIFIED.,.F.,
  .F.,(2,2),(-19.5,-17.5),.PIECEWISE_BEZIER_KNOTS.);
#1921 = CARTESIAN_POINT('',(2.,-1.));
#1922 = CARTESIAN_POINT('',(0.,-1.));
#1923 = ( GEOMETRIC_REPRESENTATION_CONTEXT(2) 
PARAMETRIC_REPRESENTATION_CONTEXT() REPRESENTATION_CONTEXT('2D SPACE',''
  ) );
#1924 = ORIENTED_EDGE('',*,*,#1925,.T.);
#1925 = EDGE_CURVE('',#1900,#1926,#1928,.T.);
#1926 = VERTEX_POINT('',#1927);
#1927 = CARTESIAN_POINT('',(37.6,5.20000000915,0.));
#1928 = SURFACE_CURVE('',#1929,(#1934,#1945),.PCURVE_S1.);
#1929 = CIRCLE('',#1930,0.6);
#1930 = AXIS2_PLACEMENT_3D('',#1931,#1932,#1933);
#1931 = CARTESIAN_POINT('',(37.,5.20000000915,0.));
#1932 = DIRECTION('',(0.,0.,-1.));
#1933 = DIRECTION('',(-1.,0.,0.));
#1934 = PCURVE('',#309,#1935);
#1935 = DEFINITIONAL_REPRESENTATION('',(#1936),#1944);
#1936 = ( BOUNDED_CURVE() B_SPLINE_CURVE(2,(#1937,#1938,#1939,#1940,
#1941,#1942,#1943),.UNSPECIFIED.,.T.,.F.) B_SPLINE_CURVE_WITH_KNOTS((1,2
    ,2,2,2,1),(-2.094395102393,0.,2.094395102393,4.188790204786,
6.28318530718,8.377580409573),.UNSPECIFIED.) CURVE() 
GEOMETRIC_REPRESENTATION_ITEM() RATIONAL_B_SPLINE_CURVE((1.,0.5,1.,0.5,
1.,0.5,1.)) REPRESENTATION_ITEM('') );
#1937 = CARTESIAN_POINT('',(36.4,5.200000010539));
#1938 = CARTESIAN_POINT('',(36.4,6.239230495081));
#1939 = CARTESIAN_POINT('',(37.3,5.71961525281));
#1940 = CARTESIAN_POINT('',(38.2,5.200000010539));
#1941 = CARTESIAN_POINT('',(37.3,4.680384768269));
#1942 = CARTESIAN_POINT('',(36.4,4.160769525998));
#1943 = CARTESIAN_POINT('',(36.4,5.200000010539));
#1944 = ( GEOMETRIC_REPRESENTATION_CONTEXT(2) 
PARAMETRIC_REPRESENTATION_CONTEXT() REPRESENTATION_CONTEXT('2D SPACE',''
  ) );
#1945 = PCURVE('',#1946,#1951);
#1946 = CYLINDRICAL_SURFACE('',#1947,0.6);
#1947 = AXIS2_PLACEMENT_3D('',#1948,#1949,#1950);
#1948 = CARTESIAN_POINT('',(37.,5.20000000915,-1.));
#1949 = DIRECTION('',(0.,0.,-1.));
#1950 = DIRECTION('',(-1.,0.,0.));
#1951 = DEFINITIONAL_REPRESENTATION('',(#1952),#1956);
#1952 = LINE('',#1953,#1954);
#1953 = CARTESIAN_POINT('',(0.,-1.));
#1954 = VECTOR('',#1955,1.);
#1955 = DIRECTION('',(1.,0.));
#1956 = ( GEOMETRIC_REPRESENTATION_CONTEXT(2) 
PARAMETRIC_REPRESENTATION_CONTEXT() REPRESENTATION_CONTEXT('2D SPACE',''
  ) );
#1957 = ORIENTED_EDGE('',*,*,#1958,.T.);
#1958 = EDGE_CURVE('',#1926,#1959,#1961,.T.);
#1959 = VERTEX_POINT('',#1960);
#1960 = CARTESIAN_POINT('',(37.6,3.999999988737,0.));
#1961 = SURFACE_CURVE('',#1962,(#1966,#1972),.PCURVE_S1.);
#1962 = LINE('',#1963,#1964);
#1963 = CARTESIAN_POINT('',(37.6,1.999999993674,0.));
#1964 = VECTOR('',#1965,1.);
#1965 = DIRECTION('',(0.,-1.,0.));
#1966 = PCURVE('',#309,#1967);
#1967 = DEFINITIONAL_REPRESENTATION('',(#1968),#1971);
#1968 = B_SPLINE_CURVE_WITH_KNOTS('',1,(#1969,#1970),.UNSPECIFIED.,.F.,
  .F.,(2,2),(-3.200000015476,-1.999999995063),.PIECEWISE_BEZIER_KNOTS.);
#1969 = CARTESIAN_POINT('',(37.6,5.200000010539));
#1970 = CARTESIAN_POINT('',(37.6,3.999999990126));
#1971 = ( GEOMETRIC_REPRESENTATION_CONTEXT(2) 
PARAMETRIC_REPRESENTATION_CONTEXT() REPRESENTATION_CONTEXT('2D SPACE',''
  ) );
#1972 = PCURVE('',#1973,#1978);
#1973 = PLANE('',#1974);
#1974 = AXIS2_PLACEMENT_3D('',#1975,#1976,#1977);
#1975 = CARTESIAN_POINT('',(37.6,3.999999988737,-1.));
#1976 = DIRECTION('',(-1.,0.,0.));
#1977 = DIRECTION('',(0.,1.,0.));
#1978 = DEFINITIONAL_REPRESENTATION('',(#1979),#1982);
#1979 = B_SPLINE_CURVE_WITH_KNOTS('',1,(#1980,#1981),.UNSPECIFIED.,.F.,
  .F.,(2,2),(-3.200000015476,-1.999999995063),.PIECEWISE_BEZIER_KNOTS.);
#1980 = CARTESIAN_POINT('',(1.200000020413,-1.));
#1981 = CARTESIAN_POINT('',(0.,-1.));
#1982 = ( GEOMETRIC_REPRESENTATION_CONTEXT(2) 
PARAMETRIC_REPRESENTATION_CONTEXT() REPRESENTATION_CONTEXT('2D SPACE',''
  ) );
#1983 = ORIENTED_EDGE('',*,*,#1984,.T.);
#1984 = EDGE_CURVE('',#1959,#1985,#1987,.T.);
#1985 = VERTEX_POINT('',#1986);
#1986 = CARTESIAN_POINT('',(37.,3.4,0.));
#1987 = SURFACE_CURVE('',#1988,(#1993,#2004),.PCURVE_S1.);
#1988 = CIRCLE('',#1989,0.6);
#1989 = AXIS2_PLACEMENT_3D('',#1990,#1991,#1992);
#1990 = CARTESIAN_POINT('',(37.,3.999999988737,0.));
#1991 = DIRECTION('',(0.,0.,-1.));
#1992 = DIRECTION('',(-1.,0.,0.));
#1993 = PCURVE('',#309,#1994);
#1994 = DEFINITIONAL_REPRESENTATION('',(#1995),#2003);
#1995 = ( BOUNDED_CURVE() B_SPLINE_CURVE(2,(#1996,#1997,#1998,#1999,
#2000,#2001,#2002),.UNSPECIFIED.,.T.,.F.) B_SPLINE_CURVE_WITH_KNOTS((1,2
    ,2,2,2,1),(-2.094395102393,0.,2.094395102393,4.188790204786,
6.28318530718,8.377580409573),.UNSPECIFIED.) CURVE() 
GEOMETRIC_REPRESENTATION_ITEM() RATIONAL_B_SPLINE_CURVE((1.,0.5,1.,0.5,
1.,0.5,1.)) REPRESENTATION_ITEM('') );
#1996 = CARTESIAN_POINT('',(36.4,3.999999990126));
#1997 = CARTESIAN_POINT('',(36.4,5.039230474667));
#1998 = CARTESIAN_POINT('',(37.3,4.519615232397));
#1999 = CARTESIAN_POINT('',(38.2,3.999999990126));
#2000 = CARTESIAN_POINT('',(37.3,3.480384747855));
#2001 = CARTESIAN_POINT('',(36.4,2.960769505585));
#2002 = CARTESIAN_POINT('',(36.4,3.999999990126));
#2003 = ( GEOMETRIC_REPRESENTATION_CONTEXT(2) 
PARAMETRIC_REPRESENTATION_CONTEXT() REPRESENTATION_CONTEXT('2D SPACE',''
  ) );
#2004 = PCURVE('',#2005,#2010);
#2005 = CYLINDRICAL_SURFACE('',#2006,0.6);
#2006 = AXIS2_PLACEMENT_3D('',#2007,#2008,#2009);
#2007 = CARTESIAN_POINT('',(37.,3.999999988737,-1.));
#2008 = DIRECTION('',(0.,0.,-1.));
#2009 = DIRECTION('',(-1.,0.,0.));
#2010 = DEFINITIONAL_REPRESENTATION('',(#2011),#2015);
#2011 = LINE('',#2012,#2013);
#2012 = CARTESIAN_POINT('',(0.,-1.));
#2013 = VECTOR('',#2014,1.);
#2014 = DIRECTION('',(1.,0.));
#2015 = ( GEOMETRIC_REPRESENTATION_CONTEXT(2) 
PARAMETRIC_REPRESENTATION_CONTEXT() REPRESENTATION_CONTEXT('2D SPACE',''
  ) );
#2016 = ORIENTED_EDGE('',*,*,#2017,.T.);
#2017 = EDGE_CURVE('',#1985,#2018,#2020,.T.);
#2018 = VERTEX_POINT('',#2019);
#2019 = CARTESIAN_POINT('',(35.,3.4,0.));
#2020 = SURFACE_CURVE('',#2021,(#2025,#2031),.PCURVE_S1.);
#2021 = LINE('',#2022,#2023);
#2022 = CARTESIAN_POINT('',(17.5,3.400000011263,0.));
#2023 = VECTOR('',#2024,1.);
#2024 = DIRECTION('',(-1.,0.,0.));
#2025 = PCURVE('',#309,#2026);
#2026 = DEFINITIONAL_REPRESENTATION('',(#2027),#2030);
#2027 = B_SPLINE_CURVE_WITH_KNOTS('',1,(#2028,#2029),.UNSPECIFIED.,.F.,
  .F.,(2,2),(-19.5,-17.5),.PIECEWISE_BEZIER_KNOTS.);
#2028 = CARTESIAN_POINT('',(37.,3.400000012653));
#2029 = CARTESIAN_POINT('',(35.,3.400000012653));
#2030 = ( GEOMETRIC_REPRESENTATION_CONTEXT(2) 
PARAMETRIC_REPRESENTATION_CONTEXT() REPRESENTATION_CONTEXT('2D SPACE',''
  ) );
#2031 = PCURVE('',#2032,#2037);
#2032 = PLANE('',#2033);
#2033 = AXIS2_PLACEMENT_3D('',#2034,#2035,#2036);
#2034 = CARTESIAN_POINT('',(35.,3.400000011263,-1.));
#2035 = DIRECTION('',(0.,1.,0.));
#2036 = DIRECTION('',(1.,0.,0.));
#2037 = DEFINITIONAL_REPRESENTATION('',(#2038),#2041);
#2038 = B_SPLINE_CURVE_WITH_KNOTS('',1,(#2039,#2040),.UNSPECIFIED.,.F.,
  .F.,(2,2),(-19.5,-17.5),.PIECEWISE_BEZIER_KNOTS.);
#2039 = CARTESIAN_POINT('',(2.,-1.));
#2040 = CARTESIAN_POINT('',(0.,-1.));
#2041 = ( GEOMETRIC_REPRESENTATION_CONTEXT(2) 
PARAMETRIC_REPRESENTATION_CONTEXT() REPRESENTATION_CONTEXT('2D SPACE',''
  ) );
#2042 = ORIENTED_EDGE('',*,*,#2043,.T.);
#2043 = EDGE_CURVE('',#2018,#1841,#2044,.T.);
#2044 = SURFACE_CURVE('',#2045,(#2050,#2061),.PCURVE_S1.);
#2045 = CIRCLE('',#2046,0.6);
#2046 = AXIS2_PLACEMENT_3D('',#2047,#2048,#2049);
#2047 = CARTESIAN_POINT('',(35.,3.999999988737,0.));
#2048 = DIRECTION('',(0.,0.,-1.));
#2049 = DIRECTION('',(-1.,0.,0.));
#2050 = PCURVE('',#309,#2051);
#2051 = DEFINITIONAL_REPRESENTATION('',(#2052),#2060);
#2052 = ( BOUNDED_CURVE() B_SPLINE_CURVE(2,(#2053,#2054,#2055,#2056,
#2057,#2058,#2059),.UNSPECIFIED.,.T.,.F.) B_SPLINE_CURVE_WITH_KNOTS((1,2
    ,2,2,2,1),(-2.094395102393,0.,2.094395102393,4.188790204786,
6.28318530718,8.377580409573),.UNSPECIFIED.) CURVE() 
GEOMETRIC_REPRESENTATION_ITEM() RATIONAL_B_SPLINE_CURVE((1.,0.5,1.,0.5,
1.,0.5,1.)) REPRESENTATION_ITEM('') );
#2053 = CARTESIAN_POINT('',(34.4,3.999999990126));
#2054 = CARTESIAN_POINT('',(34.4,5.039230474667));
#2055 = CARTESIAN_POINT('',(35.3,4.519615232397));
#2056 = CARTESIAN_POINT('',(36.2,3.999999990126));
#2057 = CARTESIAN_POINT('',(35.3,3.480384747855));
#2058 = CARTESIAN_POINT('',(34.4,2.960769505585));
#2059 = CARTESIAN_POINT('',(34.4,3.999999990126));
#2060 = ( GEOMETRIC_REPRESENTATION_CONTEXT(2) 
PARAMETRIC_REPRESENTATION_CONTEXT() REPRESENTATION_CONTEXT('2D SPACE',''
  ) );
#2061 = PCURVE('',#2062,#2067);
#2062 = CYLINDRICAL_SURFACE('',#2063,0.6);
#2063 = AXIS2_PLACEMENT_3D('',#2064,#2065,#2066);
#2064 = CARTESIAN_POINT('',(35.,3.999999988737,-1.));
#2065 = DIRECTION('',(0.,0.,-1.));
#2066 = DIRECTION('',(-1.,0.,0.));
#2067 = DEFINITIONAL_REPRESENTATION('',(#2068),#2072);
#2068 = LINE('',#2069,#2070);
#2069 = CARTESIAN_POINT('',(0.,-1.));
#2070 = VECTOR('',#2071,1.);
#2071 = DIRECTION('',(1.,0.));
#2072 = ( GEOMETRIC_REPRESENTATION_CONTEXT(2) 
PARAMETRIC_REPRESENTATION_CONTEXT() REPRESENTATION_CONTEXT('2D SPACE',''
  ) );
#2073 = ADVANCED_FACE('',(#2074),#284,.T.);
#2074 = FACE_BOUND('',#2075,.T.);
#2075 = EDGE_LOOP('',(#2076,#2077,#2078,#2097));
#2076 = ORIENTED_EDGE('',*,*,#269,.F.);
#2077 = ORIENTED_EDGE('',*,*,#454,.T.);
#2078 = ORIENTED_EDGE('',*,*,#2079,.T.);
#2079 = EDGE_CURVE('',#402,#903,#2080,.T.);
#2080 = SURFACE_CURVE('',#2081,(#2085,#2091),.PCURVE_S1.);
#2081 = LINE('',#2082,#2083);
#2082 = CARTESIAN_POINT('',(-15.7,14.999999994414,0.4));
#2083 = VECTOR('',#2084,1.);
#2084 = DIRECTION('',(4.329780281177E-17,-0.707106781187,-0.707106781187
    ));
#2085 = PCURVE('',#284,#2086);
#2086 = DEFINITIONAL_REPRESENTATION('',(#2087),#2090);
#2087 = B_SPLINE_CURVE_WITH_KNOTS('',1,(#2088,#2089),.UNSPECIFIED.,.F.,
  .F.,(2,2),(0.,0.565685424949),.PIECEWISE_BEZIER_KNOTS.);
#2088 = CARTESIAN_POINT('',(-1.570796326795,0.));
#2089 = CARTESIAN_POINT('',(-1.570796326795,-0.4));
#2090 = ( GEOMETRIC_REPRESENTATION_CONTEXT(2) 
PARAMETRIC_REPRESENTATION_CONTEXT() REPRESENTATION_CONTEXT('2D SPACE',''
  ) );
#2091 = PCURVE('',#918,#2092);
#2092 = DEFINITIONAL_REPRESENTATION('',(#2093),#2096);
#2093 = B_SPLINE_CURVE_WITH_KNOTS('',1,(#2094,#2095),.UNSPECIFIED.,.F.,
  .F.,(2,2),(0.,0.565685424949),.PIECEWISE_BEZIER_KNOTS.);
#2094 = CARTESIAN_POINT('',(0.,-0.282842712475));
#2095 = CARTESIAN_POINT('',(0.,0.282842712475));
#2096 = ( GEOMETRIC_REPRESENTATION_CONTEXT(2) 
PARAMETRIC_REPRESENTATION_CONTEXT() REPRESENTATION_CONTEXT('2D SPACE',''
  ) );
#2097 = ORIENTED_EDGE('',*,*,#930,.F.);
#2098 = ADVANCED_FACE('',(#2099,#2444,#2475,#2506,#2704,#2902,#2992,
    #3023,#3054,#3252),#386,.T.);
#2099 = FACE_BOUND('',#2100,.T.);
#2100 = EDGE_LOOP('',(#2101,#2131,#2159,#2188,#2216,#2245,#2273,#2301,
    #2334,#2362,#2388,#2389,#2390,#2413));
#2101 = ORIENTED_EDGE('',*,*,#2102,.F.);
#2102 = EDGE_CURVE('',#2103,#2105,#2107,.T.);
#2103 = VERTEX_POINT('',#2104);
#2104 = CARTESIAN_POINT('',(16.3,-7.6,2.));
#2105 = VERTEX_POINT('',#2106);
#2106 = CARTESIAN_POINT('',(16.3,-14.,2.));
#2107 = SURFACE_CURVE('',#2108,(#2112,#2119),.PCURVE_S1.);
#2108 = LINE('',#2109,#2110);
#2109 = CARTESIAN_POINT('',(16.3,-8.,2.));
#2110 = VECTOR('',#2111,1.);
#2111 = DIRECTION('',(0.,-1.,0.));
#2112 = PCURVE('',#386,#2113);
#2113 = DEFINITIONAL_REPRESENTATION('',(#2114),#2118);
#2114 = LINE('',#2115,#2116);
#2115 = CARTESIAN_POINT('',(16.3,-7.99999999861));
#2116 = VECTOR('',#2117,1.);
#2117 = DIRECTION('',(0.,-1.));
#2118 = ( GEOMETRIC_REPRESENTATION_CONTEXT(2) 
PARAMETRIC_REPRESENTATION_CONTEXT() REPRESENTATION_CONTEXT('2D SPACE',''
  ) );
#2119 = PCURVE('',#2120,#2125);
#2120 = PLANE('',#2121);
#2121 = AXIS2_PLACEMENT_3D('',#2122,#2123,#2124);
#2122 = CARTESIAN_POINT('',(16.5,-8.,1.8));
#2123 = DIRECTION('',(-0.707106781187,0.,-0.707106781187));
#2124 = DIRECTION('',(0.,-1.,0.));
#2125 = DEFINITIONAL_REPRESENTATION('',(#2126),#2130);
#2126 = LINE('',#2127,#2128);
#2127 = CARTESIAN_POINT('',(0.,0.282842712475));
#2128 = VECTOR('',#2129,1.);
#2129 = DIRECTION('',(1.,0.));
#2130 = ( GEOMETRIC_REPRESENTATION_CONTEXT(2) 
PARAMETRIC_REPRESENTATION_CONTEXT() REPRESENTATION_CONTEXT('2D SPACE',''
  ) );
#2131 = ORIENTED_EDGE('',*,*,#2132,.T.);
#2132 = EDGE_CURVE('',#2103,#2133,#2135,.T.);
#2133 = VERTEX_POINT('',#2134);
#2134 = CARTESIAN_POINT('',(39.,-7.6,2.));
#2135 = SURFACE_CURVE('',#2136,(#2140,#2147),.PCURVE_S1.);
#2136 = LINE('',#2137,#2138);
#2137 = CARTESIAN_POINT('',(16.7,-7.6,2.));
#2138 = VECTOR('',#2139,1.);
#2139 = DIRECTION('',(1.,0.,0.));
#2140 = PCURVE('',#386,#2141);
#2141 = DEFINITIONAL_REPRESENTATION('',(#2142),#2146);
#2142 = LINE('',#2143,#2144);
#2143 = CARTESIAN_POINT('',(16.7,-7.59999999861));
#2144 = VECTOR('',#2145,1.);
#2145 = DIRECTION('',(1.,0.));
#2146 = ( GEOMETRIC_REPRESENTATION_CONTEXT(2) 
PARAMETRIC_REPRESENTATION_CONTEXT() REPRESENTATION_CONTEXT('2D SPACE',''
  ) );
#2147 = PCURVE('',#2148,#2153);
#2148 = PLANE('',#2149);
#2149 = AXIS2_PLACEMENT_3D('',#2150,#2151,#2152);
#2150 = CARTESIAN_POINT('',(16.7,-7.8,1.8));
#2151 = DIRECTION('',(0.,0.707106781187,-0.707106781187));
#2152 = DIRECTION('',(1.,0.,0.));
#2153 = DEFINITIONAL_REPRESENTATION('',(#2154),#2158);
#2154 = LINE('',#2155,#2156);
#2155 = CARTESIAN_POINT('',(0.,-0.282842712475));
#2156 = VECTOR('',#2157,1.);
#2157 = DIRECTION('',(1.,0.));
#2158 = ( GEOMETRIC_REPRESENTATION_CONTEXT(2) 
PARAMETRIC_REPRESENTATION_CONTEXT() REPRESENTATION_CONTEXT('2D SPACE',''
  ) );
#2159 = ORIENTED_EDGE('',*,*,#2160,.T.);
#2160 = EDGE_CURVE('',#2133,#2161,#2163,.T.);
#2161 = VERTEX_POINT('',#2162);
#2162 = CARTESIAN_POINT('',(39.6,-7.,2.));
#2163 = SURFACE_CURVE('',#2164,(#2169,#2176),.PCURVE_S1.);
#2164 = CIRCLE('',#2165,0.6);
#2165 = AXIS2_PLACEMENT_3D('',#2166,#2167,#2168);
#2166 = CARTESIAN_POINT('',(39.,-7.,2.));
#2167 = DIRECTION('',(0.,0.,1.));
#2168 = DIRECTION('',(0.,-1.,0.));
#2169 = PCURVE('',#386,#2170);
#2170 = DEFINITIONAL_REPRESENTATION('',(#2171),#2175);
#2171 = CIRCLE('',#2172,0.6);
#2172 = AXIS2_PLACEMENT_2D('',#2173,#2174);
#2173 = CARTESIAN_POINT('',(39.,-6.999999998611));
#2174 = DIRECTION('',(0.,-1.));
#2175 = ( GEOMETRIC_REPRESENTATION_CONTEXT(2) 
PARAMETRIC_REPRESENTATION_CONTEXT() REPRESENTATION_CONTEXT('2D SPACE',''
  ) );
#2176 = PCURVE('',#2177,#2182);
#2177 = CONICAL_SURFACE('',#2178,1.,0.785398163397);
#2178 = AXIS2_PLACEMENT_3D('',#2179,#2180,#2181);
#2179 = CARTESIAN_POINT('',(39.,-7.,1.6));
#2180 = DIRECTION('',(0.,0.,-1.));
#2181 = DIRECTION('',(0.,-1.,0.));
#2182 = DEFINITIONAL_REPRESENTATION('',(#2183),#2187);
#2183 = LINE('',#2184,#2185);
#2184 = CARTESIAN_POINT('',(0.,-0.4));
#2185 = VECTOR('',#2186,1.);
#2186 = DIRECTION('',(-1.,0.));
#2187 = ( GEOMETRIC_REPRESENTATION_CONTEXT(2) 
PARAMETRIC_REPRESENTATION_CONTEXT() REPRESENTATION_CONTEXT('2D SPACE',''
  ) );
#2188 = ORIENTED_EDGE('',*,*,#2189,.T.);
#2189 = EDGE_CURVE('',#2161,#2190,#2192,.T.);
#2190 = VERTEX_POINT('',#2191);
#2191 = CARTESIAN_POINT('',(39.6,6.999999998418,2.));
#2192 = SURFACE_CURVE('',#2193,(#2197,#2204),.PCURVE_S1.);
#2193 = LINE('',#2194,#2195);
#2194 = CARTESIAN_POINT('',(39.6,-7.,2.));
#2195 = VECTOR('',#2196,1.);
#2196 = DIRECTION('',(0.,1.,0.));
#2197 = PCURVE('',#386,#2198);
#2198 = DEFINITIONAL_REPRESENTATION('',(#2199),#2203);
#2199 = LINE('',#2200,#2201);
#2200 = CARTESIAN_POINT('',(39.6,-6.999999998611));
#2201 = VECTOR('',#2202,1.);
#2202 = DIRECTION('',(0.,1.));
#2203 = ( GEOMETRIC_REPRESENTATION_CONTEXT(2) 
PARAMETRIC_REPRESENTATION_CONTEXT() REPRESENTATION_CONTEXT('2D SPACE',''
  ) );
#2204 = PCURVE('',#2205,#2210);
#2205 = PLANE('',#2206);
#2206 = AXIS2_PLACEMENT_3D('',#2207,#2208,#2209);
#2207 = CARTESIAN_POINT('',(39.8,-7.,1.8));
#2208 = DIRECTION('',(-0.707106781187,0.,-0.707106781187));
#2209 = DIRECTION('',(0.,1.,0.));
#2210 = DEFINITIONAL_REPRESENTATION('',(#2211),#2215);
#2211 = LINE('',#2212,#2213);
#2212 = CARTESIAN_POINT('',(0.,-0.282842712475));
#2213 = VECTOR('',#2214,1.);
#2214 = DIRECTION('',(1.,0.));
#2215 = ( GEOMETRIC_REPRESENTATION_CONTEXT(2) 
PARAMETRIC_REPRESENTATION_CONTEXT() REPRESENTATION_CONTEXT('2D SPACE',''
  ) );
#2216 = ORIENTED_EDGE('',*,*,#2217,.T.);
#2217 = EDGE_CURVE('',#2190,#2218,#2220,.T.);
#2218 = VERTEX_POINT('',#2219);
#2219 = CARTESIAN_POINT('',(39.,7.599999998418,2.));
#2220 = SURFACE_CURVE('',#2221,(#2226,#2233),.PCURVE_S1.);
#2221 = CIRCLE('',#2222,0.6);
#2222 = AXIS2_PLACEMENT_3D('',#2223,#2224,#2225);
#2223 = CARTESIAN_POINT('',(39.,6.999999998418,2.));
#2224 = DIRECTION('',(0.,0.,1.));
#2225 = DIRECTION('',(1.,0.,0.));
#2226 = PCURVE('',#386,#2227);
#2227 = DEFINITIONAL_REPRESENTATION('',(#2228),#2232);
#2228 = CIRCLE('',#2229,0.6);
#2229 = AXIS2_PLACEMENT_2D('',#2230,#2231);
#2230 = CARTESIAN_POINT('',(39.,6.999999999807));
#2231 = DIRECTION('',(1.,0.));
#2232 = ( GEOMETRIC_REPRESENTATION_CONTEXT(2) 
PARAMETRIC_REPRESENTATION_CONTEXT() REPRESENTATION_CONTEXT('2D SPACE',''
  ) );
#2233 = PCURVE('',#2234,#2239);
#2234 = CONICAL_SURFACE('',#2235,1.,0.785398163397);
#2235 = AXIS2_PLACEMENT_3D('',#2236,#2237,#2238);
#2236 = CARTESIAN_POINT('',(39.,6.999999998418,1.6));
#2237 = DIRECTION('',(0.,0.,-1.));
#2238 = DIRECTION('',(1.,0.,0.));
#2239 = DEFINITIONAL_REPRESENTATION('',(#2240),#2244);
#2240 = LINE('',#2241,#2242);
#2241 = CARTESIAN_POINT('',(0.,-0.4));
#2242 = VECTOR('',#2243,1.);
#2243 = DIRECTION('',(-1.,0.));
#2244 = ( GEOMETRIC_REPRESENTATION_CONTEXT(2) 
PARAMETRIC_REPRESENTATION_CONTEXT() REPRESENTATION_CONTEXT('2D SPACE',''
  ) );
#2245 = ORIENTED_EDGE('',*,*,#2246,.T.);
#2246 = EDGE_CURVE('',#2218,#2247,#2249,.T.);
#2247 = VERTEX_POINT('',#2248);
#2248 = CARTESIAN_POINT('',(16.3,7.6,2.));
#2249 = SURFACE_CURVE('',#2250,(#2254,#2261),.PCURVE_S1.);
#2250 = LINE('',#2251,#2252);
#2251 = CARTESIAN_POINT('',(39.,7.6,2.));
#2252 = VECTOR('',#2253,1.);
#2253 = DIRECTION('',(-1.,0.,0.));
#2254 = PCURVE('',#386,#2255);
#2255 = DEFINITIONAL_REPRESENTATION('',(#2256),#2260);
#2256 = LINE('',#2257,#2258);
#2257 = CARTESIAN_POINT('',(39.,7.60000000139));
#2258 = VECTOR('',#2259,1.);
#2259 = DIRECTION('',(-1.,0.));
#2260 = ( GEOMETRIC_REPRESENTATION_CONTEXT(2) 
PARAMETRIC_REPRESENTATION_CONTEXT() REPRESENTATION_CONTEXT('2D SPACE',''
  ) );
#2261 = PCURVE('',#2262,#2267);
#2262 = PLANE('',#2263);
#2263 = AXIS2_PLACEMENT_3D('',#2264,#2265,#2266);
#2264 = CARTESIAN_POINT('',(39.,7.8,1.8));
#2265 = DIRECTION('',(0.,0.707106781187,0.707106781187));
#2266 = DIRECTION('',(1.,0.,0.));
#2267 = DEFINITIONAL_REPRESENTATION('',(#2268),#2272);
#2268 = LINE('',#2269,#2270);
#2269 = CARTESIAN_POINT('',(0.,-0.282842712475));
#2270 = VECTOR('',#2271,1.);
#2271 = DIRECTION('',(-1.,0.));
#2272 = ( GEOMETRIC_REPRESENTATION_CONTEXT(2) 
PARAMETRIC_REPRESENTATION_CONTEXT() REPRESENTATION_CONTEXT('2D SPACE',''
  ) );
#2273 = ORIENTED_EDGE('',*,*,#2274,.F.);
#2274 = EDGE_CURVE('',#2275,#2247,#2277,.T.);
#2275 = VERTEX_POINT('',#2276);
#2276 = CARTESIAN_POINT('',(16.3,13.999999994414,2.));
#2277 = SURFACE_CURVE('',#2278,(#2282,#2289),.PCURVE_S1.);
#2278 = LINE('',#2279,#2280);
#2279 = CARTESIAN_POINT('',(16.3,13.999999994414,2.));
#2280 = VECTOR('',#2281,1.);
#2281 = DIRECTION('',(0.,-1.,0.));
#2282 = PCURVE('',#386,#2283);
#2283 = DEFINITIONAL_REPRESENTATION('',(#2284),#2288);
#2284 = LINE('',#2285,#2286);
#2285 = CARTESIAN_POINT('',(16.3,13.999999995804));
#2286 = VECTOR('',#2287,1.);
#2287 = DIRECTION('',(0.,-1.));
#2288 = ( GEOMETRIC_REPRESENTATION_CONTEXT(2) 
PARAMETRIC_REPRESENTATION_CONTEXT() REPRESENTATION_CONTEXT('2D SPACE',''
  ) );
#2289 = PCURVE('',#2290,#2295);
#2290 = PLANE('',#2291);
#2291 = AXIS2_PLACEMENT_3D('',#2292,#2293,#2294);
#2292 = CARTESIAN_POINT('',(16.5,13.999999994414,1.8));
#2293 = DIRECTION('',(-0.707106781187,0.,-0.707106781187));
#2294 = DIRECTION('',(0.,-1.,0.));
#2295 = DEFINITIONAL_REPRESENTATION('',(#2296),#2300);
#2296 = LINE('',#2297,#2298);
#2297 = CARTESIAN_POINT('',(0.,0.282842712475));
#2298 = VECTOR('',#2299,1.);
#2299 = DIRECTION('',(1.,0.));
#2300 = ( GEOMETRIC_REPRESENTATION_CONTEXT(2) 
PARAMETRIC_REPRESENTATION_CONTEXT() REPRESENTATION_CONTEXT('2D SPACE',''
  ) );
#2301 = ORIENTED_EDGE('',*,*,#2302,.F.);
#2302 = EDGE_CURVE('',#2303,#2275,#2305,.T.);
#2303 = VERTEX_POINT('',#2304);
#2304 = CARTESIAN_POINT('',(15.7,14.600000000001,2.));
#2305 = SURFACE_CURVE('',#2306,(#2311,#2322),.PCURVE_S1.);
#2306 = CIRCLE('',#2307,0.6);
#2307 = AXIS2_PLACEMENT_3D('',#2308,#2309,#2310);
#2308 = CARTESIAN_POINT('',(15.7,13.999999994414,2.));
#2309 = DIRECTION('',(0.,0.,-1.));
#2310 = DIRECTION('',(0.,1.,0.));
#2311 = PCURVE('',#386,#2312);
#2312 = DEFINITIONAL_REPRESENTATION('',(#2313),#2321);
#2313 = ( BOUNDED_CURVE() B_SPLINE_CURVE(2,(#2314,#2315,#2316,#2317,
#2318,#2319,#2320),.UNSPECIFIED.,.T.,.F.) B_SPLINE_CURVE_WITH_KNOTS((1,2
    ,2,2,2,1),(-2.094395102393,0.,2.094395102393,4.188790204786,
6.28318530718,8.377580409573),.UNSPECIFIED.) CURVE() 
GEOMETRIC_REPRESENTATION_ITEM() RATIONAL_B_SPLINE_CURVE((1.,0.5,1.,0.5,
1.,0.5,1.)) REPRESENTATION_ITEM('') );
#2314 = CARTESIAN_POINT('',(15.7,14.599999995804));
#2315 = CARTESIAN_POINT('',(16.739230484541,14.599999995804));
#2316 = CARTESIAN_POINT('',(16.219615242271,13.699999995804));
#2317 = CARTESIAN_POINT('',(15.7,12.799999995804));
#2318 = CARTESIAN_POINT('',(15.180384757729,13.699999995804));
#2319 = CARTESIAN_POINT('',(14.660769515459,14.599999995804));
#2320 = CARTESIAN_POINT('',(15.7,14.599999995804));
#2321 = ( GEOMETRIC_REPRESENTATION_CONTEXT(2) 
PARAMETRIC_REPRESENTATION_CONTEXT() REPRESENTATION_CONTEXT('2D SPACE',''
  ) );
#2322 = PCURVE('',#2323,#2328);
#2323 = CONICAL_SURFACE('',#2324,1.,0.785398163397);
#2324 = AXIS2_PLACEMENT_3D('',#2325,#2326,#2327);
#2325 = CARTESIAN_POINT('',(15.7,13.999999994414,1.6));
#2326 = DIRECTION('',(0.,0.,-1.));
#2327 = DIRECTION('',(0.,1.,0.));
#2328 = DEFINITIONAL_REPRESENTATION('',(#2329),#2333);
#2329 = LINE('',#2330,#2331);
#2330 = CARTESIAN_POINT('',(0.,-0.4));
#2331 = VECTOR('',#2332,1.);
#2332 = DIRECTION('',(1.,0.));
#2333 = ( GEOMETRIC_REPRESENTATION_CONTEXT(2) 
PARAMETRIC_REPRESENTATION_CONTEXT() REPRESENTATION_CONTEXT('2D SPACE',''
  ) );
#2334 = ORIENTED_EDGE('',*,*,#2335,.F.);
#2335 = EDGE_CURVE('',#2336,#2303,#2338,.T.);
#2336 = VERTEX_POINT('',#2337);
#2337 = CARTESIAN_POINT('',(-15.7,14.599999994414,2.));
#2338 = SURFACE_CURVE('',#2339,(#2343,#2350),.PCURVE_S1.);
#2339 = LINE('',#2340,#2341);
#2340 = CARTESIAN_POINT('',(-15.7,14.600000000001,2.));
#2341 = VECTOR('',#2342,1.);
#2342 = DIRECTION('',(1.,0.,0.));
#2343 = PCURVE('',#386,#2344);
#2344 = DEFINITIONAL_REPRESENTATION('',(#2345),#2349);
#2345 = LINE('',#2346,#2347);
#2346 = CARTESIAN_POINT('',(-15.7,14.600000001391));
#2347 = VECTOR('',#2348,1.);
#2348 = DIRECTION('',(1.,0.));
#2349 = ( GEOMETRIC_REPRESENTATION_CONTEXT(2) 
PARAMETRIC_REPRESENTATION_CONTEXT() REPRESENTATION_CONTEXT('2D SPACE',''
  ) );
#2350 = PCURVE('',#2351,#2356);
#2351 = PLANE('',#2352);
#2352 = AXIS2_PLACEMENT_3D('',#2353,#2354,#2355);
#2353 = CARTESIAN_POINT('',(-15.7,14.800000000001,1.8));
#2354 = DIRECTION('',(0.,0.707106781187,0.707106781187));
#2355 = DIRECTION('',(-1.,0.,0.));
#2356 = DEFINITIONAL_REPRESENTATION('',(#2357),#2361);
#2357 = LINE('',#2358,#2359);
#2358 = CARTESIAN_POINT('',(0.,0.282842712475));
#2359 = VECTOR('',#2360,1.);
#2360 = DIRECTION('',(-1.,0.));
#2361 = ( GEOMETRIC_REPRESENTATION_CONTEXT(2) 
PARAMETRIC_REPRESENTATION_CONTEXT() REPRESENTATION_CONTEXT('2D SPACE',''
  ) );
#2362 = ORIENTED_EDGE('',*,*,#2363,.F.);
#2363 = EDGE_CURVE('',#347,#2336,#2364,.T.);
#2364 = SURFACE_CURVE('',#2365,(#2370,#2381),.PCURVE_S1.);
#2365 = CIRCLE('',#2366,0.6);
#2366 = AXIS2_PLACEMENT_3D('',#2367,#2368,#2369);
#2367 = CARTESIAN_POINT('',(-15.7,13.999999994414,2.));
#2368 = DIRECTION('',(0.,0.,-1.));
#2369 = DIRECTION('',(-1.,0.,0.));
#2370 = PCURVE('',#386,#2371);
#2371 = DEFINITIONAL_REPRESENTATION('',(#2372),#2380);
#2372 = ( BOUNDED_CURVE() B_SPLINE_CURVE(2,(#2373,#2374,#2375,#2376,
#2377,#2378,#2379),.UNSPECIFIED.,.T.,.F.) B_SPLINE_CURVE_WITH_KNOTS((1,2
    ,2,2,2,1),(-2.094395102393,0.,2.094395102393,4.188790204786,
6.28318530718,8.377580409573),.UNSPECIFIED.) CURVE() 
GEOMETRIC_REPRESENTATION_ITEM() RATIONAL_B_SPLINE_CURVE((1.,0.5,1.,0.5,
1.,0.5,1.)) REPRESENTATION_ITEM('') );
#2373 = CARTESIAN_POINT('',(-16.3,13.999999995804));
#2374 = CARTESIAN_POINT('',(-16.3,15.039230480345));
#2375 = CARTESIAN_POINT('',(-15.4,14.519615238075));
#2376 = CARTESIAN_POINT('',(-14.5,13.999999995804));
#2377 = CARTESIAN_POINT('',(-15.4,13.480384753533));
#2378 = CARTESIAN_POINT('',(-16.3,12.960769511263));
#2379 = CARTESIAN_POINT('',(-16.3,13.999999995804));
#2380 = ( GEOMETRIC_REPRESENTATION_CONTEXT(2) 
PARAMETRIC_REPRESENTATION_CONTEXT() REPRESENTATION_CONTEXT('2D SPACE',''
  ) );
#2381 = PCURVE('',#361,#2382);
#2382 = DEFINITIONAL_REPRESENTATION('',(#2383),#2387);
#2383 = LINE('',#2384,#2385);
#2384 = CARTESIAN_POINT('',(0.,-0.4));
#2385 = VECTOR('',#2386,1.);
#2386 = DIRECTION('',(1.,0.));
#2387 = ( GEOMETRIC_REPRESENTATION_CONTEXT(2) 
PARAMETRIC_REPRESENTATION_CONTEXT() REPRESENTATION_CONTEXT('2D SPACE',''
  ) );
#2388 = ORIENTED_EDGE('',*,*,#372,.F.);
#2389 = ORIENTED_EDGE('',*,*,#564,.F.);
#2390 = ORIENTED_EDGE('',*,*,#2391,.F.);
#2391 = EDGE_CURVE('',#2392,#537,#2394,.T.);
#2392 = VERTEX_POINT('',#2393);
#2393 = CARTESIAN_POINT('',(15.7,-14.6,2.));
#2394 = SURFACE_CURVE('',#2395,(#2399,#2406),.PCURVE_S1.);
#2395 = LINE('',#2396,#2397);
#2396 = CARTESIAN_POINT('',(15.7,-14.59999999999,2.));
#2397 = VECTOR('',#2398,1.);
#2398 = DIRECTION('',(-1.,0.,0.));
#2399 = PCURVE('',#386,#2400);
#2400 = DEFINITIONAL_REPRESENTATION('',(#2401),#2405);
#2401 = LINE('',#2402,#2403);
#2402 = CARTESIAN_POINT('',(15.7,-14.5999999986));
#2403 = VECTOR('',#2404,1.);
#2404 = DIRECTION('',(-1.,0.));
#2405 = ( GEOMETRIC_REPRESENTATION_CONTEXT(2) 
PARAMETRIC_REPRESENTATION_CONTEXT() REPRESENTATION_CONTEXT('2D SPACE',''
  ) );
#2406 = PCURVE('',#551,#2407);
#2407 = DEFINITIONAL_REPRESENTATION('',(#2408),#2412);
#2408 = LINE('',#2409,#2410);
#2409 = CARTESIAN_POINT('',(0.,0.282842712475));
#2410 = VECTOR('',#2411,1.);
#2411 = DIRECTION('',(1.,0.));
#2412 = ( GEOMETRIC_REPRESENTATION_CONTEXT(2) 
PARAMETRIC_REPRESENTATION_CONTEXT() REPRESENTATION_CONTEXT('2D SPACE',''
  ) );
#2413 = ORIENTED_EDGE('',*,*,#2414,.F.);
#2414 = EDGE_CURVE('',#2105,#2392,#2415,.T.);
#2415 = SURFACE_CURVE('',#2416,(#2421,#2432),.PCURVE_S1.);
#2416 = CIRCLE('',#2417,0.6);
#2417 = AXIS2_PLACEMENT_3D('',#2418,#2419,#2420);
#2418 = CARTESIAN_POINT('',(15.7,-14.,2.));
#2419 = DIRECTION('',(0.,0.,-1.));
#2420 = DIRECTION('',(1.,0.,0.));
#2421 = PCURVE('',#386,#2422);
#2422 = DEFINITIONAL_REPRESENTATION('',(#2423),#2431);
#2423 = ( BOUNDED_CURVE() B_SPLINE_CURVE(2,(#2424,#2425,#2426,#2427,
#2428,#2429,#2430),.UNSPECIFIED.,.T.,.F.) B_SPLINE_CURVE_WITH_KNOTS((1,2
    ,2,2,2,1),(-2.094395102393,0.,2.094395102393,4.188790204786,
6.28318530718,8.377580409573),.UNSPECIFIED.) CURVE() 
GEOMETRIC_REPRESENTATION_ITEM() RATIONAL_B_SPLINE_CURVE((1.,0.5,1.,0.5,
1.,0.5,1.)) REPRESENTATION_ITEM('') );
#2424 = CARTESIAN_POINT('',(16.3,-13.99999999861));
#2425 = CARTESIAN_POINT('',(16.3,-15.03923048315));
#2426 = CARTESIAN_POINT('',(15.4,-14.51961524088));
#2427 = CARTESIAN_POINT('',(14.5,-13.99999999861));
#2428 = CARTESIAN_POINT('',(15.4,-13.48038475634));
#2429 = CARTESIAN_POINT('',(16.3,-12.96076951407));
#2430 = CARTESIAN_POINT('',(16.3,-13.99999999861));
#2431 = ( GEOMETRIC_REPRESENTATION_CONTEXT(2) 
PARAMETRIC_REPRESENTATION_CONTEXT() REPRESENTATION_CONTEXT('2D SPACE',''
  ) );
#2432 = PCURVE('',#2433,#2438);
#2433 = CONICAL_SURFACE('',#2434,1.,0.785398163397);
#2434 = AXIS2_PLACEMENT_3D('',#2435,#2436,#2437);
#2435 = CARTESIAN_POINT('',(15.7,-14.,1.6));
#2436 = DIRECTION('',(0.,0.,-1.));
#2437 = DIRECTION('',(1.,0.,0.));
#2438 = DEFINITIONAL_REPRESENTATION('',(#2439),#2443);
#2439 = LINE('',#2440,#2441);
#2440 = CARTESIAN_POINT('',(0.,-0.4));
#2441 = VECTOR('',#2442,1.);
#2442 = DIRECTION('',(1.,0.));
#2443 = ( GEOMETRIC_REPRESENTATION_CONTEXT(2) 
PARAMETRIC_REPRESENTATION_CONTEXT() REPRESENTATION_CONTEXT('2D SPACE',''
  ) );
#2444 = FACE_BOUND('',#2445,.T.);
#2445 = EDGE_LOOP('',(#2446));
#2446 = ORIENTED_EDGE('',*,*,#2447,.F.);
#2447 = EDGE_CURVE('',#2448,#2448,#2450,.T.);
#2448 = VERTEX_POINT('',#2449);
#2449 = CARTESIAN_POINT('',(-7.71,-6.35,2.));
#2450 = SURFACE_CURVE('',#2451,(#2456,#2463),.PCURVE_S1.);
#2451 = CIRCLE('',#2452,2.45);
#2452 = AXIS2_PLACEMENT_3D('',#2453,#2454,#2455);
#2453 = CARTESIAN_POINT('',(-10.16,-6.35,2.));
#2454 = DIRECTION('',(0.,0.,1.));
#2455 = DIRECTION('',(1.,0.,0.));
#2456 = PCURVE('',#386,#2457);
#2457 = DEFINITIONAL_REPRESENTATION('',(#2458),#2462);
#2458 = CIRCLE('',#2459,2.45);
#2459 = AXIS2_PLACEMENT_2D('',#2460,#2461);
#2460 = CARTESIAN_POINT('',(-10.16,-6.34999999861));
#2461 = DIRECTION('',(1.,0.));
#2462 = ( GEOMETRIC_REPRESENTATION_CONTEXT(2) 
PARAMETRIC_REPRESENTATION_CONTEXT() REPRESENTATION_CONTEXT('2D SPACE',''
  ) );
#2463 = PCURVE('',#2464,#2469);
#2464 = CYLINDRICAL_SURFACE('',#2465,2.45);
#2465 = AXIS2_PLACEMENT_3D('',#2466,#2467,#2468);
#2466 = CARTESIAN_POINT('',(-10.16,-6.35,1.8));
#2467 = DIRECTION('',(0.,0.,1.));
#2468 = DIRECTION('',(1.,0.,0.));
#2469 = DEFINITIONAL_REPRESENTATION('',(#2470),#2474);
#2470 = LINE('',#2471,#2472);
#2471 = CARTESIAN_POINT('',(0.,0.2));
#2472 = VECTOR('',#2473,1.);
#2473 = DIRECTION('',(1.,0.));
#2474 = ( GEOMETRIC_REPRESENTATION_CONTEXT(2) 
PARAMETRIC_REPRESENTATION_CONTEXT() REPRESENTATION_CONTEXT('2D SPACE',''
  ) );
#2475 = FACE_BOUND('',#2476,.T.);
#2476 = EDGE_LOOP('',(#2477));
#2477 = ORIENTED_EDGE('',*,*,#2478,.F.);
#2478 = EDGE_CURVE('',#2479,#2479,#2481,.T.);
#2479 = VERTEX_POINT('',#2480);
#2480 = CARTESIAN_POINT('',(12.61,-6.35,2.));
#2481 = SURFACE_CURVE('',#2482,(#2487,#2494),.PCURVE_S1.);
#2482 = CIRCLE('',#2483,2.45);
#2483 = AXIS2_PLACEMENT_3D('',#2484,#2485,#2486);
#2484 = CARTESIAN_POINT('',(10.16,-6.35,2.));
#2485 = DIRECTION('',(0.,0.,1.));
#2486 = DIRECTION('',(1.,0.,0.));
#2487 = PCURVE('',#386,#2488);
#2488 = DEFINITIONAL_REPRESENTATION('',(#2489),#2493);
#2489 = CIRCLE('',#2490,2.45);
#2490 = AXIS2_PLACEMENT_2D('',#2491,#2492);
#2491 = CARTESIAN_POINT('',(10.16,-6.34999999861));
#2492 = DIRECTION('',(1.,0.));
#2493 = ( GEOMETRIC_REPRESENTATION_CONTEXT(2) 
PARAMETRIC_REPRESENTATION_CONTEXT() REPRESENTATION_CONTEXT('2D SPACE',''
  ) );
#2494 = PCURVE('',#2495,#2500);
#2495 = CYLINDRICAL_SURFACE('',#2496,2.45);
#2496 = AXIS2_PLACEMENT_3D('',#2497,#2498,#2499);
#2497 = CARTESIAN_POINT('',(10.16,-6.35,1.8));
#2498 = DIRECTION('',(0.,0.,1.));
#2499 = DIRECTION('',(1.,0.,0.));
#2500 = DEFINITIONAL_REPRESENTATION('',(#2501),#2505);
#2501 = LINE('',#2502,#2503);
#2502 = CARTESIAN_POINT('',(0.,0.2));
#2503 = VECTOR('',#2504,1.);
#2504 = DIRECTION('',(1.,0.));
#2505 = ( GEOMETRIC_REPRESENTATION_CONTEXT(2) 
PARAMETRIC_REPRESENTATION_CONTEXT() REPRESENTATION_CONTEXT('2D SPACE',''
  ) );
#2506 = FACE_BOUND('',#2507,.T.);
#2507 = EDGE_LOOP('',(#2508,#2531,#2559,#2580,#2608,#2629,#2657,#2678));
#2508 = ORIENTED_EDGE('',*,*,#2509,.F.);
#2509 = EDGE_CURVE('',#2510,#2512,#2514,.T.);
#2510 = VERTEX_POINT('',#2511);
#2511 = CARTESIAN_POINT('',(28.4,-3.99999999085,2.));
#2512 = VERTEX_POINT('',#2513);
#2513 = CARTESIAN_POINT('',(28.4,-5.200000011263,2.));
#2514 = SURFACE_CURVE('',#2515,(#2519,#2525),.PCURVE_S1.);
#2515 = LINE('',#2516,#2517);
#2516 = CARTESIAN_POINT('',(28.4,-2.600000006326,2.));
#2517 = VECTOR('',#2518,1.);
#2518 = DIRECTION('',(0.,-1.,0.));
#2519 = PCURVE('',#386,#2520);
#2520 = DEFINITIONAL_REPRESENTATION('',(#2521),#2524);
#2521 = B_SPLINE_CURVE_WITH_KNOTS('',1,(#2522,#2523),.UNSPECIFIED.,.F.,
  .F.,(2,2),(1.399999984524,2.600000004937),.PIECEWISE_BEZIER_KNOTS.);
#2522 = CARTESIAN_POINT('',(28.4,-3.999999989461));
#2523 = CARTESIAN_POINT('',(28.4,-5.200000009874));
#2524 = ( GEOMETRIC_REPRESENTATION_CONTEXT(2) 
PARAMETRIC_REPRESENTATION_CONTEXT() REPRESENTATION_CONTEXT('2D SPACE',''
  ) );
#2525 = PCURVE('',#1031,#2526);
#2526 = DEFINITIONAL_REPRESENTATION('',(#2527),#2530);
#2527 = B_SPLINE_CURVE_WITH_KNOTS('',1,(#2528,#2529),.UNSPECIFIED.,.F.,
  .F.,(2,2),(1.399999984524,2.600000004937),.PIECEWISE_BEZIER_KNOTS.);
#2528 = CARTESIAN_POINT('',(1.200000020413,-3.));
#2529 = CARTESIAN_POINT('',(0.,-3.));
#2530 = ( GEOMETRIC_REPRESENTATION_CONTEXT(2) 
PARAMETRIC_REPRESENTATION_CONTEXT() REPRESENTATION_CONTEXT('2D SPACE',''
  ) );
#2531 = ORIENTED_EDGE('',*,*,#2532,.T.);
#2532 = EDGE_CURVE('',#2510,#2533,#2535,.T.);
#2533 = VERTEX_POINT('',#2534);
#2534 = CARTESIAN_POINT('',(29.,-3.399999989793,2.));
#2535 = SURFACE_CURVE('',#2536,(#2541,#2552),.PCURVE_S1.);
#2536 = CIRCLE('',#2537,0.6);
#2537 = AXIS2_PLACEMENT_3D('',#2538,#2539,#2540);
#2538 = CARTESIAN_POINT('',(29.,-3.99999999085,2.));
#2539 = DIRECTION('',(0.,0.,-1.));
#2540 = DIRECTION('',(-1.,0.,0.));
#2541 = PCURVE('',#386,#2542);
#2542 = DEFINITIONAL_REPRESENTATION('',(#2543),#2551);
#2543 = ( BOUNDED_CURVE() B_SPLINE_CURVE(2,(#2544,#2545,#2546,#2547,
#2548,#2549,#2550),.UNSPECIFIED.,.T.,.F.) B_SPLINE_CURVE_WITH_KNOTS((1,2
    ,2,2,2,1),(-2.094395102393,0.,2.094395102393,4.188790204786,
6.28318530718,8.377580409573),.UNSPECIFIED.) CURVE() 
GEOMETRIC_REPRESENTATION_ITEM() RATIONAL_B_SPLINE_CURVE((1.,0.5,1.,0.5,
1.,0.5,1.)) REPRESENTATION_ITEM('') );
#2544 = CARTESIAN_POINT('',(28.4,-3.999999989461));
#2545 = CARTESIAN_POINT('',(28.4,-2.960769504919));
#2546 = CARTESIAN_POINT('',(29.3,-3.48038474719));
#2547 = CARTESIAN_POINT('',(30.2,-3.999999989461));
#2548 = CARTESIAN_POINT('',(29.3,-4.519615231731));
#2549 = CARTESIAN_POINT('',(28.4,-5.039230474002));
#2550 = CARTESIAN_POINT('',(28.4,-3.999999989461));
#2551 = ( GEOMETRIC_REPRESENTATION_CONTEXT(2) 
PARAMETRIC_REPRESENTATION_CONTEXT() REPRESENTATION_CONTEXT('2D SPACE',''
  ) );
#2552 = PCURVE('',#1063,#2553);
#2553 = DEFINITIONAL_REPRESENTATION('',(#2554),#2558);
#2554 = LINE('',#2555,#2556);
#2555 = CARTESIAN_POINT('',(0.,-3.));
#2556 = VECTOR('',#2557,1.);
#2557 = DIRECTION('',(1.,0.));
#2558 = ( GEOMETRIC_REPRESENTATION_CONTEXT(2) 
PARAMETRIC_REPRESENTATION_CONTEXT() REPRESENTATION_CONTEXT('2D SPACE',''
  ) );
#2559 = ORIENTED_EDGE('',*,*,#2560,.F.);
#2560 = EDGE_CURVE('',#2561,#2533,#2563,.T.);
#2561 = VERTEX_POINT('',#2562);
#2562 = CARTESIAN_POINT('',(31.,-3.399999989793,2.));
#2563 = SURFACE_CURVE('',#2564,(#2568,#2574),.PCURVE_S1.);
#2564 = LINE('',#2565,#2566);
#2565 = CARTESIAN_POINT('',(14.5,-3.399999988737,2.));
#2566 = VECTOR('',#2567,1.);
#2567 = DIRECTION('',(-1.,0.,0.));
#2568 = PCURVE('',#386,#2569);
#2569 = DEFINITIONAL_REPRESENTATION('',(#2570),#2573);
#2570 = B_SPLINE_CURVE_WITH_KNOTS('',1,(#2571,#2572),.UNSPECIFIED.,.F.,
  .F.,(2,2),(-16.5,-14.5),.PIECEWISE_BEZIER_KNOTS.);
#2571 = CARTESIAN_POINT('',(31.,-3.399999987347));
#2572 = CARTESIAN_POINT('',(29.,-3.399999987347));
#2573 = ( GEOMETRIC_REPRESENTATION_CONTEXT(2) 
PARAMETRIC_REPRESENTATION_CONTEXT() REPRESENTATION_CONTEXT('2D SPACE',''
  ) );
#2574 = PCURVE('',#1090,#2575);
#2575 = DEFINITIONAL_REPRESENTATION('',(#2576),#2579);
#2576 = B_SPLINE_CURVE_WITH_KNOTS('',1,(#2577,#2578),.UNSPECIFIED.,.F.,
  .F.,(2,2),(-16.5,-14.5),.PIECEWISE_BEZIER_KNOTS.);
#2577 = CARTESIAN_POINT('',(2.,-3.));
#2578 = CARTESIAN_POINT('',(0.,-3.));
#2579 = ( GEOMETRIC_REPRESENTATION_CONTEXT(2) 
PARAMETRIC_REPRESENTATION_CONTEXT() REPRESENTATION_CONTEXT('2D SPACE',''
  ) );
#2580 = ORIENTED_EDGE('',*,*,#2581,.T.);
#2581 = EDGE_CURVE('',#2561,#2582,#2584,.T.);
#2582 = VERTEX_POINT('',#2583);
#2583 = CARTESIAN_POINT('',(31.6,-3.99999999085,2.));
#2584 = SURFACE_CURVE('',#2585,(#2590,#2601),.PCURVE_S1.);
#2585 = CIRCLE('',#2586,0.6);
#2586 = AXIS2_PLACEMENT_3D('',#2587,#2588,#2589);
#2587 = CARTESIAN_POINT('',(31.,-3.99999999085,2.));
#2588 = DIRECTION('',(0.,0.,-1.));
#2589 = DIRECTION('',(-1.,0.,0.));
#2590 = PCURVE('',#386,#2591);
#2591 = DEFINITIONAL_REPRESENTATION('',(#2592),#2600);
#2592 = ( BOUNDED_CURVE() B_SPLINE_CURVE(2,(#2593,#2594,#2595,#2596,
#2597,#2598,#2599),.UNSPECIFIED.,.T.,.F.) B_SPLINE_CURVE_WITH_KNOTS((1,2
    ,2,2,2,1),(-2.094395102393,0.,2.094395102393,4.188790204786,
6.28318530718,8.377580409573),.UNSPECIFIED.) CURVE() 
GEOMETRIC_REPRESENTATION_ITEM() RATIONAL_B_SPLINE_CURVE((1.,0.5,1.,0.5,
1.,0.5,1.)) REPRESENTATION_ITEM('') );
#2593 = CARTESIAN_POINT('',(30.4,-3.999999989461));
#2594 = CARTESIAN_POINT('',(30.4,-2.960769504919));
#2595 = CARTESIAN_POINT('',(31.3,-3.48038474719));
#2596 = CARTESIAN_POINT('',(32.2,-3.999999989461));
#2597 = CARTESIAN_POINT('',(31.3,-4.519615231731));
#2598 = CARTESIAN_POINT('',(30.4,-5.039230474002));
#2599 = CARTESIAN_POINT('',(30.4,-3.999999989461));
#2600 = ( GEOMETRIC_REPRESENTATION_CONTEXT(2) 
PARAMETRIC_REPRESENTATION_CONTEXT() REPRESENTATION_CONTEXT('2D SPACE',''
  ) );
#2601 = PCURVE('',#1122,#2602);
#2602 = DEFINITIONAL_REPRESENTATION('',(#2603),#2607);
#2603 = LINE('',#2604,#2605);
#2604 = CARTESIAN_POINT('',(0.,-3.));
#2605 = VECTOR('',#2606,1.);
#2606 = DIRECTION('',(1.,0.));
#2607 = ( GEOMETRIC_REPRESENTATION_CONTEXT(2) 
PARAMETRIC_REPRESENTATION_CONTEXT() REPRESENTATION_CONTEXT('2D SPACE',''
  ) );
#2608 = ORIENTED_EDGE('',*,*,#2609,.T.);
#2609 = EDGE_CURVE('',#2582,#2610,#2612,.T.);
#2610 = VERTEX_POINT('',#2611);
#2611 = CARTESIAN_POINT('',(31.6,-5.200000011263,2.));
#2612 = SURFACE_CURVE('',#2613,(#2617,#2623),.PCURVE_S1.);
#2613 = LINE('',#2614,#2615);
#2614 = CARTESIAN_POINT('',(31.6,-2.600000006326,2.));
#2615 = VECTOR('',#2616,1.);
#2616 = DIRECTION('',(0.,-1.,0.));
#2617 = PCURVE('',#386,#2618);
#2618 = DEFINITIONAL_REPRESENTATION('',(#2619),#2622);
#2619 = B_SPLINE_CURVE_WITH_KNOTS('',1,(#2620,#2621),.UNSPECIFIED.,.F.,
  .F.,(2,2),(1.399999984524,2.600000004937),.PIECEWISE_BEZIER_KNOTS.);
#2620 = CARTESIAN_POINT('',(31.6,-3.999999989461));
#2621 = CARTESIAN_POINT('',(31.6,-5.200000009874));
#2622 = ( GEOMETRIC_REPRESENTATION_CONTEXT(2) 
PARAMETRIC_REPRESENTATION_CONTEXT() REPRESENTATION_CONTEXT('2D SPACE',''
  ) );
#2623 = PCURVE('',#1149,#2624);
#2624 = DEFINITIONAL_REPRESENTATION('',(#2625),#2628);
#2625 = B_SPLINE_CURVE_WITH_KNOTS('',1,(#2626,#2627),.UNSPECIFIED.,.F.,
  .F.,(2,2),(1.399999984524,2.600000004937),.PIECEWISE_BEZIER_KNOTS.);
#2626 = CARTESIAN_POINT('',(1.200000020413,-3.));
#2627 = CARTESIAN_POINT('',(0.,-3.));
#2628 = ( GEOMETRIC_REPRESENTATION_CONTEXT(2) 
PARAMETRIC_REPRESENTATION_CONTEXT() REPRESENTATION_CONTEXT('2D SPACE',''
  ) );
#2629 = ORIENTED_EDGE('',*,*,#2630,.T.);
#2630 = EDGE_CURVE('',#2610,#2631,#2633,.T.);
#2631 = VERTEX_POINT('',#2632);
#2632 = CARTESIAN_POINT('',(31.,-5.8,2.));
#2633 = SURFACE_CURVE('',#2634,(#2639,#2650),.PCURVE_S1.);
#2634 = CIRCLE('',#2635,0.6);
#2635 = AXIS2_PLACEMENT_3D('',#2636,#2637,#2638);
#2636 = CARTESIAN_POINT('',(31.,-5.200000011263,2.));
#2637 = DIRECTION('',(0.,0.,-1.));
#2638 = DIRECTION('',(-1.,0.,0.));
#2639 = PCURVE('',#386,#2640);
#2640 = DEFINITIONAL_REPRESENTATION('',(#2641),#2649);
#2641 = ( BOUNDED_CURVE() B_SPLINE_CURVE(2,(#2642,#2643,#2644,#2645,
#2646,#2647,#2648),.UNSPECIFIED.,.T.,.F.) B_SPLINE_CURVE_WITH_KNOTS((1,2
    ,2,2,2,1),(-2.094395102393,0.,2.094395102393,4.188790204786,
6.28318530718,8.377580409573),.UNSPECIFIED.) CURVE() 
GEOMETRIC_REPRESENTATION_ITEM() RATIONAL_B_SPLINE_CURVE((1.,0.5,1.,0.5,
1.,0.5,1.)) REPRESENTATION_ITEM('') );
#2642 = CARTESIAN_POINT('',(30.4,-5.200000009874));
#2643 = CARTESIAN_POINT('',(30.4,-4.160769525333));
#2644 = CARTESIAN_POINT('',(31.3,-4.680384767603));
#2645 = CARTESIAN_POINT('',(32.2,-5.200000009874));
#2646 = CARTESIAN_POINT('',(31.3,-5.719615252145));
#2647 = CARTESIAN_POINT('',(30.4,-6.239230494415));
#2648 = CARTESIAN_POINT('',(30.4,-5.200000009874));
#2649 = ( GEOMETRIC_REPRESENTATION_CONTEXT(2) 
PARAMETRIC_REPRESENTATION_CONTEXT() REPRESENTATION_CONTEXT('2D SPACE',''
  ) );
#2650 = PCURVE('',#1181,#2651);
#2651 = DEFINITIONAL_REPRESENTATION('',(#2652),#2656);
#2652 = LINE('',#2653,#2654);
#2653 = CARTESIAN_POINT('',(0.,-3.));
#2654 = VECTOR('',#2655,1.);
#2655 = DIRECTION('',(1.,0.));
#2656 = ( GEOMETRIC_REPRESENTATION_CONTEXT(2) 
PARAMETRIC_REPRESENTATION_CONTEXT() REPRESENTATION_CONTEXT('2D SPACE',''
  ) );
#2657 = ORIENTED_EDGE('',*,*,#2658,.T.);
#2658 = EDGE_CURVE('',#2631,#2659,#2661,.T.);
#2659 = VERTEX_POINT('',#2660);
#2660 = CARTESIAN_POINT('',(29.,-5.8,2.));
#2661 = SURFACE_CURVE('',#2662,(#2666,#2672),.PCURVE_S1.);
#2662 = LINE('',#2663,#2664);
#2663 = CARTESIAN_POINT('',(14.5,-5.799999988737,2.));
#2664 = VECTOR('',#2665,1.);
#2665 = DIRECTION('',(-1.,0.,0.));
#2666 = PCURVE('',#386,#2667);
#2667 = DEFINITIONAL_REPRESENTATION('',(#2668),#2671);
#2668 = B_SPLINE_CURVE_WITH_KNOTS('',1,(#2669,#2670),.UNSPECIFIED.,.F.,
  .F.,(2,2),(-16.5,-14.5),.PIECEWISE_BEZIER_KNOTS.);
#2669 = CARTESIAN_POINT('',(31.,-5.799999987347));
#2670 = CARTESIAN_POINT('',(29.,-5.799999987347));
#2671 = ( GEOMETRIC_REPRESENTATION_CONTEXT(2) 
PARAMETRIC_REPRESENTATION_CONTEXT() REPRESENTATION_CONTEXT('2D SPACE',''
  ) );
#2672 = PCURVE('',#1208,#2673);
#2673 = DEFINITIONAL_REPRESENTATION('',(#2674),#2677);
#2674 = B_SPLINE_CURVE_WITH_KNOTS('',1,(#2675,#2676),.UNSPECIFIED.,.F.,
  .F.,(2,2),(-16.5,-14.5),.PIECEWISE_BEZIER_KNOTS.);
#2675 = CARTESIAN_POINT('',(2.,-3.));
#2676 = CARTESIAN_POINT('',(0.,-3.));
#2677 = ( GEOMETRIC_REPRESENTATION_CONTEXT(2) 
PARAMETRIC_REPRESENTATION_CONTEXT() REPRESENTATION_CONTEXT('2D SPACE',''
  ) );
#2678 = ORIENTED_EDGE('',*,*,#2679,.T.);
#2679 = EDGE_CURVE('',#2659,#2512,#2680,.T.);
#2680 = SURFACE_CURVE('',#2681,(#2686,#2697),.PCURVE_S1.);
#2681 = CIRCLE('',#2682,0.6);
#2682 = AXIS2_PLACEMENT_3D('',#2683,#2684,#2685);
#2683 = CARTESIAN_POINT('',(29.,-5.200000011263,2.));
#2684 = DIRECTION('',(0.,0.,-1.));
#2685 = DIRECTION('',(-1.,0.,0.));
#2686 = PCURVE('',#386,#2687);
#2687 = DEFINITIONAL_REPRESENTATION('',(#2688),#2696);
#2688 = ( BOUNDED_CURVE() B_SPLINE_CURVE(2,(#2689,#2690,#2691,#2692,
#2693,#2694,#2695),.UNSPECIFIED.,.T.,.F.) B_SPLINE_CURVE_WITH_KNOTS((1,2
    ,2,2,2,1),(-2.094395102393,0.,2.094395102393,4.188790204786,
6.28318530718,8.377580409573),.UNSPECIFIED.) CURVE() 
GEOMETRIC_REPRESENTATION_ITEM() RATIONAL_B_SPLINE_CURVE((1.,0.5,1.,0.5,
1.,0.5,1.)) REPRESENTATION_ITEM('') );
#2689 = CARTESIAN_POINT('',(28.4,-5.200000009874));
#2690 = CARTESIAN_POINT('',(28.4,-4.160769525333));
#2691 = CARTESIAN_POINT('',(29.3,-4.680384767603));
#2692 = CARTESIAN_POINT('',(30.2,-5.200000009874));
#2693 = CARTESIAN_POINT('',(29.3,-5.719615252145));
#2694 = CARTESIAN_POINT('',(28.4,-6.239230494415));
#2695 = CARTESIAN_POINT('',(28.4,-5.200000009874));
#2696 = ( GEOMETRIC_REPRESENTATION_CONTEXT(2) 
PARAMETRIC_REPRESENTATION_CONTEXT() REPRESENTATION_CONTEXT('2D SPACE',''
  ) );
#2697 = PCURVE('',#1238,#2698);
#2698 = DEFINITIONAL_REPRESENTATION('',(#2699),#2703);
#2699 = LINE('',#2700,#2701);
#2700 = CARTESIAN_POINT('',(0.,-3.));
#2701 = VECTOR('',#2702,1.);
#2702 = DIRECTION('',(1.,0.));
#2703 = ( GEOMETRIC_REPRESENTATION_CONTEXT(2) 
PARAMETRIC_REPRESENTATION_CONTEXT() REPRESENTATION_CONTEXT('2D SPACE',''
  ) );
#2704 = FACE_BOUND('',#2705,.T.);
#2705 = EDGE_LOOP('',(#2706,#2729,#2757,#2778,#2806,#2827,#2855,#2876));
#2706 = ORIENTED_EDGE('',*,*,#2707,.F.);
#2707 = EDGE_CURVE('',#2708,#2710,#2712,.T.);
#2708 = VERTEX_POINT('',#2709);
#2709 = CARTESIAN_POINT('',(34.4,-3.99999999085,2.));
#2710 = VERTEX_POINT('',#2711);
#2711 = CARTESIAN_POINT('',(34.4,-5.200000011263,2.));
#2712 = SURFACE_CURVE('',#2713,(#2717,#2723),.PCURVE_S1.);
#2713 = LINE('',#2714,#2715);
#2714 = CARTESIAN_POINT('',(34.4,-2.600000006326,2.));
#2715 = VECTOR('',#2716,1.);
#2716 = DIRECTION('',(0.,-1.,0.));
#2717 = PCURVE('',#386,#2718);
#2718 = DEFINITIONAL_REPRESENTATION('',(#2719),#2722);
#2719 = B_SPLINE_CURVE_WITH_KNOTS('',1,(#2720,#2721),.UNSPECIFIED.,.F.,
  .F.,(2,2),(1.399999984524,2.600000004937),.PIECEWISE_BEZIER_KNOTS.);
#2720 = CARTESIAN_POINT('',(34.4,-3.999999989461));
#2721 = CARTESIAN_POINT('',(34.4,-5.200000009874));
#2722 = ( GEOMETRIC_REPRESENTATION_CONTEXT(2) 
PARAMETRIC_REPRESENTATION_CONTEXT() REPRESENTATION_CONTEXT('2D SPACE',''
  ) );
#2723 = PCURVE('',#1269,#2724);
#2724 = DEFINITIONAL_REPRESENTATION('',(#2725),#2728);
#2725 = B_SPLINE_CURVE_WITH_KNOTS('',1,(#2726,#2727),.UNSPECIFIED.,.F.,
  .F.,(2,2),(1.399999984524,2.600000004937),.PIECEWISE_BEZIER_KNOTS.);
#2726 = CARTESIAN_POINT('',(1.200000020413,-3.));
#2727 = CARTESIAN_POINT('',(0.,-3.));
#2728 = ( GEOMETRIC_REPRESENTATION_CONTEXT(2) 
PARAMETRIC_REPRESENTATION_CONTEXT() REPRESENTATION_CONTEXT('2D SPACE',''
  ) );
#2729 = ORIENTED_EDGE('',*,*,#2730,.T.);
#2730 = EDGE_CURVE('',#2708,#2731,#2733,.T.);
#2731 = VERTEX_POINT('',#2732);
#2732 = CARTESIAN_POINT('',(35.,-3.399999989793,2.));
#2733 = SURFACE_CURVE('',#2734,(#2739,#2750),.PCURVE_S1.);
#2734 = CIRCLE('',#2735,0.6);
#2735 = AXIS2_PLACEMENT_3D('',#2736,#2737,#2738);
#2736 = CARTESIAN_POINT('',(35.,-3.99999999085,2.));
#2737 = DIRECTION('',(0.,0.,-1.));
#2738 = DIRECTION('',(-1.,0.,0.));
#2739 = PCURVE('',#386,#2740);
#2740 = DEFINITIONAL_REPRESENTATION('',(#2741),#2749);
#2741 = ( BOUNDED_CURVE() B_SPLINE_CURVE(2,(#2742,#2743,#2744,#2745,
#2746,#2747,#2748),.UNSPECIFIED.,.T.,.F.) B_SPLINE_CURVE_WITH_KNOTS((1,2
    ,2,2,2,1),(-2.094395102393,0.,2.094395102393,4.188790204786,
6.28318530718,8.377580409573),.UNSPECIFIED.) CURVE() 
GEOMETRIC_REPRESENTATION_ITEM() RATIONAL_B_SPLINE_CURVE((1.,0.5,1.,0.5,
1.,0.5,1.)) REPRESENTATION_ITEM('') );
#2742 = CARTESIAN_POINT('',(34.4,-3.999999989461));
#2743 = CARTESIAN_POINT('',(34.4,-2.960769504919));
#2744 = CARTESIAN_POINT('',(35.3,-3.48038474719));
#2745 = CARTESIAN_POINT('',(36.2,-3.999999989461));
#2746 = CARTESIAN_POINT('',(35.3,-4.519615231731));
#2747 = CARTESIAN_POINT('',(34.4,-5.039230474002));
#2748 = CARTESIAN_POINT('',(34.4,-3.999999989461));
#2749 = ( GEOMETRIC_REPRESENTATION_CONTEXT(2) 
PARAMETRIC_REPRESENTATION_CONTEXT() REPRESENTATION_CONTEXT('2D SPACE',''
  ) );
#2750 = PCURVE('',#1301,#2751);
#2751 = DEFINITIONAL_REPRESENTATION('',(#2752),#2756);
#2752 = LINE('',#2753,#2754);
#2753 = CARTESIAN_POINT('',(0.,-3.));
#2754 = VECTOR('',#2755,1.);
#2755 = DIRECTION('',(1.,0.));
#2756 = ( GEOMETRIC_REPRESENTATION_CONTEXT(2) 
PARAMETRIC_REPRESENTATION_CONTEXT() REPRESENTATION_CONTEXT('2D SPACE',''
  ) );
#2757 = ORIENTED_EDGE('',*,*,#2758,.F.);
#2758 = EDGE_CURVE('',#2759,#2731,#2761,.T.);
#2759 = VERTEX_POINT('',#2760);
#2760 = CARTESIAN_POINT('',(37.,-3.399999989793,2.));
#2761 = SURFACE_CURVE('',#2762,(#2766,#2772),.PCURVE_S1.);
#2762 = LINE('',#2763,#2764);
#2763 = CARTESIAN_POINT('',(17.5,-3.399999988737,2.));
#2764 = VECTOR('',#2765,1.);
#2765 = DIRECTION('',(-1.,0.,0.));
#2766 = PCURVE('',#386,#2767);
#2767 = DEFINITIONAL_REPRESENTATION('',(#2768),#2771);
#2768 = B_SPLINE_CURVE_WITH_KNOTS('',1,(#2769,#2770),.UNSPECIFIED.,.F.,
  .F.,(2,2),(-19.5,-17.5),.PIECEWISE_BEZIER_KNOTS.);
#2769 = CARTESIAN_POINT('',(37.,-3.399999987347));
#2770 = CARTESIAN_POINT('',(35.,-3.399999987347));
#2771 = ( GEOMETRIC_REPRESENTATION_CONTEXT(2) 
PARAMETRIC_REPRESENTATION_CONTEXT() REPRESENTATION_CONTEXT('2D SPACE',''
  ) );
#2772 = PCURVE('',#1328,#2773);
#2773 = DEFINITIONAL_REPRESENTATION('',(#2774),#2777);
#2774 = B_SPLINE_CURVE_WITH_KNOTS('',1,(#2775,#2776),.UNSPECIFIED.,.F.,
  .F.,(2,2),(-19.5,-17.5),.PIECEWISE_BEZIER_KNOTS.);
#2775 = CARTESIAN_POINT('',(2.,-3.));
#2776 = CARTESIAN_POINT('',(0.,-3.));
#2777 = ( GEOMETRIC_REPRESENTATION_CONTEXT(2) 
PARAMETRIC_REPRESENTATION_CONTEXT() REPRESENTATION_CONTEXT('2D SPACE',''
  ) );
#2778 = ORIENTED_EDGE('',*,*,#2779,.T.);
#2779 = EDGE_CURVE('',#2759,#2780,#2782,.T.);
#2780 = VERTEX_POINT('',#2781);
#2781 = CARTESIAN_POINT('',(37.6,-3.99999999085,2.));
#2782 = SURFACE_CURVE('',#2783,(#2788,#2799),.PCURVE_S1.);
#2783 = CIRCLE('',#2784,0.6);
#2784 = AXIS2_PLACEMENT_3D('',#2785,#2786,#2787);
#2785 = CARTESIAN_POINT('',(37.,-3.99999999085,2.));
#2786 = DIRECTION('',(0.,0.,-1.));
#2787 = DIRECTION('',(-1.,0.,0.));
#2788 = PCURVE('',#386,#2789);
#2789 = DEFINITIONAL_REPRESENTATION('',(#2790),#2798);
#2790 = ( BOUNDED_CURVE() B_SPLINE_CURVE(2,(#2791,#2792,#2793,#2794,
#2795,#2796,#2797),.UNSPECIFIED.,.T.,.F.) B_SPLINE_CURVE_WITH_KNOTS((1,2
    ,2,2,2,1),(-2.094395102393,0.,2.094395102393,4.188790204786,
6.28318530718,8.377580409573),.UNSPECIFIED.) CURVE() 
GEOMETRIC_REPRESENTATION_ITEM() RATIONAL_B_SPLINE_CURVE((1.,0.5,1.,0.5,
1.,0.5,1.)) REPRESENTATION_ITEM('') );
#2791 = CARTESIAN_POINT('',(36.4,-3.999999989461));
#2792 = CARTESIAN_POINT('',(36.4,-2.960769504919));
#2793 = CARTESIAN_POINT('',(37.3,-3.48038474719));
#2794 = CARTESIAN_POINT('',(38.2,-3.999999989461));
#2795 = CARTESIAN_POINT('',(37.3,-4.519615231731));
#2796 = CARTESIAN_POINT('',(36.4,-5.039230474002));
#2797 = CARTESIAN_POINT('',(36.4,-3.999999989461));
#2798 = ( GEOMETRIC_REPRESENTATION_CONTEXT(2) 
PARAMETRIC_REPRESENTATION_CONTEXT() REPRESENTATION_CONTEXT('2D SPACE',''
  ) );
#2799 = PCURVE('',#1360,#2800);
#2800 = DEFINITIONAL_REPRESENTATION('',(#2801),#2805);
#2801 = LINE('',#2802,#2803);
#2802 = CARTESIAN_POINT('',(0.,-3.));
#2803 = VECTOR('',#2804,1.);
#2804 = DIRECTION('',(1.,0.));
#2805 = ( GEOMETRIC_REPRESENTATION_CONTEXT(2) 
PARAMETRIC_REPRESENTATION_CONTEXT() REPRESENTATION_CONTEXT('2D SPACE',''
  ) );
#2806 = ORIENTED_EDGE('',*,*,#2807,.T.);
#2807 = EDGE_CURVE('',#2780,#2808,#2810,.T.);
#2808 = VERTEX_POINT('',#2809);
#2809 = CARTESIAN_POINT('',(37.6,-5.200000011263,2.));
#2810 = SURFACE_CURVE('',#2811,(#2815,#2821),.PCURVE_S1.);
#2811 = LINE('',#2812,#2813);
#2812 = CARTESIAN_POINT('',(37.6,-2.600000006326,2.));
#2813 = VECTOR('',#2814,1.);
#2814 = DIRECTION('',(0.,-1.,0.));
#2815 = PCURVE('',#386,#2816);
#2816 = DEFINITIONAL_REPRESENTATION('',(#2817),#2820);
#2817 = B_SPLINE_CURVE_WITH_KNOTS('',1,(#2818,#2819),.UNSPECIFIED.,.F.,
  .F.,(2,2),(1.399999984524,2.600000004937),.PIECEWISE_BEZIER_KNOTS.);
#2818 = CARTESIAN_POINT('',(37.6,-3.999999989461));
#2819 = CARTESIAN_POINT('',(37.6,-5.200000009874));
#2820 = ( GEOMETRIC_REPRESENTATION_CONTEXT(2) 
PARAMETRIC_REPRESENTATION_CONTEXT() REPRESENTATION_CONTEXT('2D SPACE',''
  ) );
#2821 = PCURVE('',#1387,#2822);
#2822 = DEFINITIONAL_REPRESENTATION('',(#2823),#2826);
#2823 = B_SPLINE_CURVE_WITH_KNOTS('',1,(#2824,#2825),.UNSPECIFIED.,.F.,
  .F.,(2,2),(1.399999984524,2.600000004937),.PIECEWISE_BEZIER_KNOTS.);
#2824 = CARTESIAN_POINT('',(1.200000020413,-3.));
#2825 = CARTESIAN_POINT('',(0.,-3.));
#2826 = ( GEOMETRIC_REPRESENTATION_CONTEXT(2) 
PARAMETRIC_REPRESENTATION_CONTEXT() REPRESENTATION_CONTEXT('2D SPACE',''
  ) );
#2827 = ORIENTED_EDGE('',*,*,#2828,.T.);
#2828 = EDGE_CURVE('',#2808,#2829,#2831,.T.);
#2829 = VERTEX_POINT('',#2830);
#2830 = CARTESIAN_POINT('',(37.,-5.8,2.));
#2831 = SURFACE_CURVE('',#2832,(#2837,#2848),.PCURVE_S1.);
#2832 = CIRCLE('',#2833,0.6);
#2833 = AXIS2_PLACEMENT_3D('',#2834,#2835,#2836);
#2834 = CARTESIAN_POINT('',(37.,-5.200000011263,2.));
#2835 = DIRECTION('',(0.,0.,-1.));
#2836 = DIRECTION('',(-1.,0.,0.));
#2837 = PCURVE('',#386,#2838);
#2838 = DEFINITIONAL_REPRESENTATION('',(#2839),#2847);
#2839 = ( BOUNDED_CURVE() B_SPLINE_CURVE(2,(#2840,#2841,#2842,#2843,
#2844,#2845,#2846),.UNSPECIFIED.,.T.,.F.) B_SPLINE_CURVE_WITH_KNOTS((1,2
    ,2,2,2,1),(-2.094395102393,0.,2.094395102393,4.188790204786,
6.28318530718,8.377580409573),.UNSPECIFIED.) CURVE() 
GEOMETRIC_REPRESENTATION_ITEM() RATIONAL_B_SPLINE_CURVE((1.,0.5,1.,0.5,
1.,0.5,1.)) REPRESENTATION_ITEM('') );
#2840 = CARTESIAN_POINT('',(36.4,-5.200000009874));
#2841 = CARTESIAN_POINT('',(36.4,-4.160769525333));
#2842 = CARTESIAN_POINT('',(37.3,-4.680384767603));
#2843 = CARTESIAN_POINT('',(38.2,-5.200000009874));
#2844 = CARTESIAN_POINT('',(37.3,-5.719615252145));
#2845 = CARTESIAN_POINT('',(36.4,-6.239230494415));
#2846 = CARTESIAN_POINT('',(36.4,-5.200000009874));
#2847 = ( GEOMETRIC_REPRESENTATION_CONTEXT(2) 
PARAMETRIC_REPRESENTATION_CONTEXT() REPRESENTATION_CONTEXT('2D SPACE',''
  ) );
#2848 = PCURVE('',#1419,#2849);
#2849 = DEFINITIONAL_REPRESENTATION('',(#2850),#2854);
#2850 = LINE('',#2851,#2852);
#2851 = CARTESIAN_POINT('',(0.,-3.));
#2852 = VECTOR('',#2853,1.);
#2853 = DIRECTION('',(1.,0.));
#2854 = ( GEOMETRIC_REPRESENTATION_CONTEXT(2) 
PARAMETRIC_REPRESENTATION_CONTEXT() REPRESENTATION_CONTEXT('2D SPACE',''
  ) );
#2855 = ORIENTED_EDGE('',*,*,#2856,.T.);
#2856 = EDGE_CURVE('',#2829,#2857,#2859,.T.);
#2857 = VERTEX_POINT('',#2858);
#2858 = CARTESIAN_POINT('',(35.,-5.8,2.));
#2859 = SURFACE_CURVE('',#2860,(#2864,#2870),.PCURVE_S1.);
#2860 = LINE('',#2861,#2862);
#2861 = CARTESIAN_POINT('',(17.5,-5.799999988737,2.));
#2862 = VECTOR('',#2863,1.);
#2863 = DIRECTION('',(-1.,0.,0.));
#2864 = PCURVE('',#386,#2865);
#2865 = DEFINITIONAL_REPRESENTATION('',(#2866),#2869);
#2866 = B_SPLINE_CURVE_WITH_KNOTS('',1,(#2867,#2868),.UNSPECIFIED.,.F.,
  .F.,(2,2),(-19.5,-17.5),.PIECEWISE_BEZIER_KNOTS.);
#2867 = CARTESIAN_POINT('',(37.,-5.799999987347));
#2868 = CARTESIAN_POINT('',(35.,-5.799999987347));
#2869 = ( GEOMETRIC_REPRESENTATION_CONTEXT(2) 
PARAMETRIC_REPRESENTATION_CONTEXT() REPRESENTATION_CONTEXT('2D SPACE',''
  ) );
#2870 = PCURVE('',#1446,#2871);
#2871 = DEFINITIONAL_REPRESENTATION('',(#2872),#2875);
#2872 = B_SPLINE_CURVE_WITH_KNOTS('',1,(#2873,#2874),.UNSPECIFIED.,.F.,
  .F.,(2,2),(-19.5,-17.5),.PIECEWISE_BEZIER_KNOTS.);
#2873 = CARTESIAN_POINT('',(2.,-3.));
#2874 = CARTESIAN_POINT('',(0.,-3.));
#2875 = ( GEOMETRIC_REPRESENTATION_CONTEXT(2) 
PARAMETRIC_REPRESENTATION_CONTEXT() REPRESENTATION_CONTEXT('2D SPACE',''
  ) );
#2876 = ORIENTED_EDGE('',*,*,#2877,.T.);
#2877 = EDGE_CURVE('',#2857,#2710,#2878,.T.);
#2878 = SURFACE_CURVE('',#2879,(#2884,#2895),.PCURVE_S1.);
#2879 = CIRCLE('',#2880,0.6);
#2880 = AXIS2_PLACEMENT_3D('',#2881,#2882,#2883);
#2881 = CARTESIAN_POINT('',(35.,-5.200000011263,2.));
#2882 = DIRECTION('',(0.,0.,-1.));
#2883 = DIRECTION('',(-1.,0.,0.));
#2884 = PCURVE('',#386,#2885);
#2885 = DEFINITIONAL_REPRESENTATION('',(#2886),#2894);
#2886 = ( BOUNDED_CURVE() B_SPLINE_CURVE(2,(#2887,#2888,#2889,#2890,
#2891,#2892,#2893),.UNSPECIFIED.,.T.,.F.) B_SPLINE_CURVE_WITH_KNOTS((1,2
    ,2,2,2,1),(-2.094395102393,0.,2.094395102393,4.188790204786,
6.28318530718,8.377580409573),.UNSPECIFIED.) CURVE() 
GEOMETRIC_REPRESENTATION_ITEM() RATIONAL_B_SPLINE_CURVE((1.,0.5,1.,0.5,
1.,0.5,1.)) REPRESENTATION_ITEM('') );
#2887 = CARTESIAN_POINT('',(34.4,-5.200000009874));
#2888 = CARTESIAN_POINT('',(34.4,-4.160769525333));
#2889 = CARTESIAN_POINT('',(35.3,-4.680384767603));
#2890 = CARTESIAN_POINT('',(36.2,-5.200000009874));
#2891 = CARTESIAN_POINT('',(35.3,-5.719615252145));
#2892 = CARTESIAN_POINT('',(34.4,-6.239230494415));
#2893 = CARTESIAN_POINT('',(34.4,-5.200000009874));
#2894 = ( GEOMETRIC_REPRESENTATION_CONTEXT(2) 
PARAMETRIC_REPRESENTATION_CONTEXT() REPRESENTATION_CONTEXT('2D SPACE',''
  ) );
#2895 = PCURVE('',#1476,#2896);
#2896 = DEFINITIONAL_REPRESENTATION('',(#2897),#2901);
#2897 = LINE('',#2898,#2899);
#2898 = CARTESIAN_POINT('',(0.,-3.));
#2899 = VECTOR('',#2900,1.);
#2900 = DIRECTION('',(1.,0.));
#2901 = ( GEOMETRIC_REPRESENTATION_CONTEXT(2) 
PARAMETRIC_REPRESENTATION_CONTEXT() REPRESENTATION_CONTEXT('2D SPACE',''
  ) );
#2902 = FACE_BOUND('',#2903,.T.);
#2903 = EDGE_LOOP('',(#2904,#2928,#2950,#2972));
#2904 = ORIENTED_EDGE('',*,*,#2905,.T.);
#2905 = EDGE_CURVE('',#2906,#2908,#2910,.T.);
#2906 = VERTEX_POINT('',#2907);
#2907 = CARTESIAN_POINT('',(13.3,-3.85,2.));
#2908 = VERTEX_POINT('',#2909);
#2909 = CARTESIAN_POINT('',(-13.3,-3.85,2.));
#2910 = SURFACE_CURVE('',#2911,(#2915,#2922),.PCURVE_S1.);
#2911 = LINE('',#2912,#2913);
#2912 = CARTESIAN_POINT('',(-6.65,-3.85,2.));
#2913 = VECTOR('',#2914,1.);
#2914 = DIRECTION('',(-1.,0.,0.));
#2915 = PCURVE('',#386,#2916);
#2916 = DEFINITIONAL_REPRESENTATION('',(#2917),#2921);
#2917 = LINE('',#2918,#2919);
#2918 = CARTESIAN_POINT('',(-6.65,-3.84999999861));
#2919 = VECTOR('',#2920,1.);
#2920 = DIRECTION('',(-1.,0.));
#2921 = ( GEOMETRIC_REPRESENTATION_CONTEXT(2) 
PARAMETRIC_REPRESENTATION_CONTEXT() REPRESENTATION_CONTEXT('2D SPACE',''
  ) );
#2922 = PCURVE('',#1508,#2923);
#2923 = DEFINITIONAL_REPRESENTATION('',(#2924),#2927);
#2924 = B_SPLINE_CURVE_WITH_KNOTS('',1,(#2925,#2926),.UNSPECIFIED.,.F.,
  .F.,(2,2),(-19.95,6.65),.PIECEWISE_BEZIER_KNOTS.);
#2925 = CARTESIAN_POINT('',(3.,26.6));
#2926 = CARTESIAN_POINT('',(3.,0.));
#2927 = ( GEOMETRIC_REPRESENTATION_CONTEXT(2) 
PARAMETRIC_REPRESENTATION_CONTEXT() REPRESENTATION_CONTEXT('2D SPACE',''
  ) );
#2928 = ORIENTED_EDGE('',*,*,#2929,.T.);
#2929 = EDGE_CURVE('',#2908,#2930,#2932,.T.);
#2930 = VERTEX_POINT('',#2931);
#2931 = CARTESIAN_POINT('',(-13.3,3.85,2.));
#2932 = SURFACE_CURVE('',#2933,(#2937,#2944),.PCURVE_S1.);
#2933 = LINE('',#2934,#2935);
#2934 = CARTESIAN_POINT('',(-13.3,-1.925000000695,2.));
#2935 = VECTOR('',#2936,1.);
#2936 = DIRECTION('',(0.,1.,0.));
#2937 = PCURVE('',#386,#2938);
#2938 = DEFINITIONAL_REPRESENTATION('',(#2939),#2943);
#2939 = LINE('',#2940,#2941);
#2940 = CARTESIAN_POINT('',(-13.3,-1.924999999305));
#2941 = VECTOR('',#2942,1.);
#2942 = DIRECTION('',(0.,1.));
#2943 = ( GEOMETRIC_REPRESENTATION_CONTEXT(2) 
PARAMETRIC_REPRESENTATION_CONTEXT() REPRESENTATION_CONTEXT('2D SPACE',''
  ) );
#2944 = PCURVE('',#1535,#2945);
#2945 = DEFINITIONAL_REPRESENTATION('',(#2946),#2949);
#2946 = B_SPLINE_CURVE_WITH_KNOTS('',1,(#2947,#2948),.UNSPECIFIED.,.F.,
  .F.,(2,2),(-1.924999999305,5.775000000695),.PIECEWISE_BEZIER_KNOTS.);
#2947 = CARTESIAN_POINT('',(3.,0.));
#2948 = CARTESIAN_POINT('',(3.,-7.7));
#2949 = ( GEOMETRIC_REPRESENTATION_CONTEXT(2) 
PARAMETRIC_REPRESENTATION_CONTEXT() REPRESENTATION_CONTEXT('2D SPACE',''
  ) );
#2950 = ORIENTED_EDGE('',*,*,#2951,.F.);
#2951 = EDGE_CURVE('',#2952,#2930,#2954,.T.);
#2952 = VERTEX_POINT('',#2953);
#2953 = CARTESIAN_POINT('',(13.3,3.85,2.));
#2954 = SURFACE_CURVE('',#2955,(#2959,#2966),.PCURVE_S1.);
#2955 = LINE('',#2956,#2957);
#2956 = CARTESIAN_POINT('',(-6.65,3.85,2.));
#2957 = VECTOR('',#2958,1.);
#2958 = DIRECTION('',(-1.,0.,0.));
#2959 = PCURVE('',#386,#2960);
#2960 = DEFINITIONAL_REPRESENTATION('',(#2961),#2965);
#2961 = LINE('',#2962,#2963);
#2962 = CARTESIAN_POINT('',(-6.65,3.85000000139));
#2963 = VECTOR('',#2964,1.);
#2964 = DIRECTION('',(-1.,0.));
#2965 = ( GEOMETRIC_REPRESENTATION_CONTEXT(2) 
PARAMETRIC_REPRESENTATION_CONTEXT() REPRESENTATION_CONTEXT('2D SPACE',''
  ) );
#2966 = PCURVE('',#1562,#2967);
#2967 = DEFINITIONAL_REPRESENTATION('',(#2968),#2971);
#2968 = B_SPLINE_CURVE_WITH_KNOTS('',1,(#2969,#2970),.UNSPECIFIED.,.F.,
  .F.,(2,2),(-19.95,6.65),.PIECEWISE_BEZIER_KNOTS.);
#2969 = CARTESIAN_POINT('',(3.,26.6));
#2970 = CARTESIAN_POINT('',(3.,0.));
#2971 = ( GEOMETRIC_REPRESENTATION_CONTEXT(2) 
PARAMETRIC_REPRESENTATION_CONTEXT() REPRESENTATION_CONTEXT('2D SPACE',''
  ) );
#2972 = ORIENTED_EDGE('',*,*,#2973,.F.);
#2973 = EDGE_CURVE('',#2906,#2952,#2974,.T.);
#2974 = SURFACE_CURVE('',#2975,(#2979,#2986),.PCURVE_S1.);
#2975 = LINE('',#2976,#2977);
#2976 = CARTESIAN_POINT('',(13.3,-1.925000000695,2.));
#2977 = VECTOR('',#2978,1.);
#2978 = DIRECTION('',(0.,1.,0.));
#2979 = PCURVE('',#386,#2980);
#2980 = DEFINITIONAL_REPRESENTATION('',(#2981),#2985);
#2981 = LINE('',#2982,#2983);
#2982 = CARTESIAN_POINT('',(13.3,-1.924999999305));
#2983 = VECTOR('',#2984,1.);
#2984 = DIRECTION('',(0.,1.));
#2985 = ( GEOMETRIC_REPRESENTATION_CONTEXT(2) 
PARAMETRIC_REPRESENTATION_CONTEXT() REPRESENTATION_CONTEXT('2D SPACE',''
  ) );
#2986 = PCURVE('',#1587,#2987);
#2987 = DEFINITIONAL_REPRESENTATION('',(#2988),#2991);
#2988 = B_SPLINE_CURVE_WITH_KNOTS('',1,(#2989,#2990),.UNSPECIFIED.,.F.,
  .F.,(2,2),(-1.924999999305,5.775000000695),.PIECEWISE_BEZIER_KNOTS.);
#2989 = CARTESIAN_POINT('',(3.,0.));
#2990 = CARTESIAN_POINT('',(3.,-7.7));
#2991 = ( GEOMETRIC_REPRESENTATION_CONTEXT(2) 
PARAMETRIC_REPRESENTATION_CONTEXT() REPRESENTATION_CONTEXT('2D SPACE',''
  ) );
#2992 = FACE_BOUND('',#2993,.T.);
#2993 = EDGE_LOOP('',(#2994));
#2994 = ORIENTED_EDGE('',*,*,#2995,.F.);
#2995 = EDGE_CURVE('',#2996,#2996,#2998,.T.);
#2996 = VERTEX_POINT('',#2997);
#2997 = CARTESIAN_POINT('',(-7.71,6.35,2.));
#2998 = SURFACE_CURVE('',#2999,(#3004,#3011),.PCURVE_S1.);
#2999 = CIRCLE('',#3000,2.45);
#3000 = AXIS2_PLACEMENT_3D('',#3001,#3002,#3003);
#3001 = CARTESIAN_POINT('',(-10.16,6.35,2.));
#3002 = DIRECTION('',(0.,0.,1.));
#3003 = DIRECTION('',(1.,0.,0.));
#3004 = PCURVE('',#386,#3005);
#3005 = DEFINITIONAL_REPRESENTATION('',(#3006),#3010);
#3006 = CIRCLE('',#3007,2.45);
#3007 = AXIS2_PLACEMENT_2D('',#3008,#3009);
#3008 = CARTESIAN_POINT('',(-10.16,6.35000000139));
#3009 = DIRECTION('',(1.,0.));
#3010 = ( GEOMETRIC_REPRESENTATION_CONTEXT(2) 
PARAMETRIC_REPRESENTATION_CONTEXT() REPRESENTATION_CONTEXT('2D SPACE',''
  ) );
#3011 = PCURVE('',#3012,#3017);
#3012 = CYLINDRICAL_SURFACE('',#3013,2.45);
#3013 = AXIS2_PLACEMENT_3D('',#3014,#3015,#3016);
#3014 = CARTESIAN_POINT('',(-10.16,6.35,1.8));
#3015 = DIRECTION('',(0.,0.,1.));
#3016 = DIRECTION('',(1.,0.,0.));
#3017 = DEFINITIONAL_REPRESENTATION('',(#3018),#3022);
#3018 = LINE('',#3019,#3020);
#3019 = CARTESIAN_POINT('',(0.,0.2));
#3020 = VECTOR('',#3021,1.);
#3021 = DIRECTION('',(1.,0.));
#3022 = ( GEOMETRIC_REPRESENTATION_CONTEXT(2) 
PARAMETRIC_REPRESENTATION_CONTEXT() REPRESENTATION_CONTEXT('2D SPACE',''
  ) );
#3023 = FACE_BOUND('',#3024,.T.);
#3024 = EDGE_LOOP('',(#3025));
#3025 = ORIENTED_EDGE('',*,*,#3026,.F.);
#3026 = EDGE_CURVE('',#3027,#3027,#3029,.T.);
#3027 = VERTEX_POINT('',#3028);
#3028 = CARTESIAN_POINT('',(12.61,6.35,2.));
#3029 = SURFACE_CURVE('',#3030,(#3035,#3042),.PCURVE_S1.);
#3030 = CIRCLE('',#3031,2.45);
#3031 = AXIS2_PLACEMENT_3D('',#3032,#3033,#3034);
#3032 = CARTESIAN_POINT('',(10.16,6.35,2.));
#3033 = DIRECTION('',(0.,0.,1.));
#3034 = DIRECTION('',(1.,0.,0.));
#3035 = PCURVE('',#386,#3036);
#3036 = DEFINITIONAL_REPRESENTATION('',(#3037),#3041);
#3037 = CIRCLE('',#3038,2.45);
#3038 = AXIS2_PLACEMENT_2D('',#3039,#3040);
#3039 = CARTESIAN_POINT('',(10.16,6.35000000139));
#3040 = DIRECTION('',(1.,0.));
#3041 = ( GEOMETRIC_REPRESENTATION_CONTEXT(2) 
PARAMETRIC_REPRESENTATION_CONTEXT() REPRESENTATION_CONTEXT('2D SPACE',''
  ) );
#3042 = PCURVE('',#3043,#3048);
#3043 = CYLINDRICAL_SURFACE('',#3044,2.45);
#3044 = AXIS2_PLACEMENT_3D('',#3045,#3046,#3047);
#3045 = CARTESIAN_POINT('',(10.16,6.35,1.8));
#3046 = DIRECTION('',(0.,0.,1.));
#3047 = DIRECTION('',(1.,0.,0.));
#3048 = DEFINITIONAL_REPRESENTATION('',(#3049),#3053);
#3049 = LINE('',#3050,#3051);
#3050 = CARTESIAN_POINT('',(0.,0.2));
#3051 = VECTOR('',#3052,1.);
#3052 = DIRECTION('',(1.,0.));
#3053 = ( GEOMETRIC_REPRESENTATION_CONTEXT(2) 
PARAMETRIC_REPRESENTATION_CONTEXT() REPRESENTATION_CONTEXT('2D SPACE',''
  ) );
#3054 = FACE_BOUND('',#3055,.T.);
#3055 = EDGE_LOOP('',(#3056,#3079,#3107,#3128,#3156,#3177,#3205,#3226));
#3056 = ORIENTED_EDGE('',*,*,#3057,.F.);
#3057 = EDGE_CURVE('',#3058,#3060,#3062,.T.);
#3058 = VERTEX_POINT('',#3059);
#3059 = CARTESIAN_POINT('',(28.4,5.20000000915,2.));
#3060 = VERTEX_POINT('',#3061);
#3061 = CARTESIAN_POINT('',(28.4,3.999999988737,2.));
#3062 = SURFACE_CURVE('',#3063,(#3067,#3073),.PCURVE_S1.);
#3063 = LINE('',#3064,#3065);
#3064 = CARTESIAN_POINT('',(28.4,1.999999993674,2.));
#3065 = VECTOR('',#3066,1.);
#3066 = DIRECTION('',(0.,-1.,0.));
#3067 = PCURVE('',#386,#3068);
#3068 = DEFINITIONAL_REPRESENTATION('',(#3069),#3072);
#3069 = B_SPLINE_CURVE_WITH_KNOTS('',1,(#3070,#3071),.UNSPECIFIED.,.F.,
  .F.,(2,2),(-3.200000015476,-1.999999995063),.PIECEWISE_BEZIER_KNOTS.);
#3070 = CARTESIAN_POINT('',(28.4,5.200000010539));
#3071 = CARTESIAN_POINT('',(28.4,3.999999990126));
#3072 = ( GEOMETRIC_REPRESENTATION_CONTEXT(2) 
PARAMETRIC_REPRESENTATION_CONTEXT() REPRESENTATION_CONTEXT('2D SPACE',''
  ) );
#3073 = PCURVE('',#1617,#3074);
#3074 = DEFINITIONAL_REPRESENTATION('',(#3075),#3078);
#3075 = B_SPLINE_CURVE_WITH_KNOTS('',1,(#3076,#3077),.UNSPECIFIED.,.F.,
  .F.,(2,2),(-3.200000015476,-1.999999995063),.PIECEWISE_BEZIER_KNOTS.);
#3076 = CARTESIAN_POINT('',(1.200000020413,-3.));
#3077 = CARTESIAN_POINT('',(0.,-3.));
#3078 = ( GEOMETRIC_REPRESENTATION_CONTEXT(2) 
PARAMETRIC_REPRESENTATION_CONTEXT() REPRESENTATION_CONTEXT('2D SPACE',''
  ) );
#3079 = ORIENTED_EDGE('',*,*,#3080,.T.);
#3080 = EDGE_CURVE('',#3058,#3081,#3083,.T.);
#3081 = VERTEX_POINT('',#3082);
#3082 = CARTESIAN_POINT('',(29.,5.800000010207,2.));
#3083 = SURFACE_CURVE('',#3084,(#3089,#3100),.PCURVE_S1.);
#3084 = CIRCLE('',#3085,0.6);
#3085 = AXIS2_PLACEMENT_3D('',#3086,#3087,#3088);
#3086 = CARTESIAN_POINT('',(29.,5.20000000915,2.));
#3087 = DIRECTION('',(0.,0.,-1.));
#3088 = DIRECTION('',(-1.,0.,0.));
#3089 = PCURVE('',#386,#3090);
#3090 = DEFINITIONAL_REPRESENTATION('',(#3091),#3099);
#3091 = ( BOUNDED_CURVE() B_SPLINE_CURVE(2,(#3092,#3093,#3094,#3095,
#3096,#3097,#3098),.UNSPECIFIED.,.T.,.F.) B_SPLINE_CURVE_WITH_KNOTS((1,2
    ,2,2,2,1),(-2.094395102393,0.,2.094395102393,4.188790204786,
6.28318530718,8.377580409573),.UNSPECIFIED.) CURVE() 
GEOMETRIC_REPRESENTATION_ITEM() RATIONAL_B_SPLINE_CURVE((1.,0.5,1.,0.5,
1.,0.5,1.)) REPRESENTATION_ITEM('') );
#3092 = CARTESIAN_POINT('',(28.4,5.200000010539));
#3093 = CARTESIAN_POINT('',(28.4,6.239230495081));
#3094 = CARTESIAN_POINT('',(29.3,5.71961525281));
#3095 = CARTESIAN_POINT('',(30.2,5.200000010539));
#3096 = CARTESIAN_POINT('',(29.3,4.680384768269));
#3097 = CARTESIAN_POINT('',(28.4,4.160769525998));
#3098 = CARTESIAN_POINT('',(28.4,5.200000010539));
#3099 = ( GEOMETRIC_REPRESENTATION_CONTEXT(2) 
PARAMETRIC_REPRESENTATION_CONTEXT() REPRESENTATION_CONTEXT('2D SPACE',''
  ) );
#3100 = PCURVE('',#1649,#3101);
#3101 = DEFINITIONAL_REPRESENTATION('',(#3102),#3106);
#3102 = LINE('',#3103,#3104);
#3103 = CARTESIAN_POINT('',(0.,-3.));
#3104 = VECTOR('',#3105,1.);
#3105 = DIRECTION('',(1.,0.));
#3106 = ( GEOMETRIC_REPRESENTATION_CONTEXT(2) 
PARAMETRIC_REPRESENTATION_CONTEXT() REPRESENTATION_CONTEXT('2D SPACE',''
  ) );
#3107 = ORIENTED_EDGE('',*,*,#3108,.F.);
#3108 = EDGE_CURVE('',#3109,#3081,#3111,.T.);
#3109 = VERTEX_POINT('',#3110);
#3110 = CARTESIAN_POINT('',(31.,5.800000010207,2.));
#3111 = SURFACE_CURVE('',#3112,(#3116,#3122),.PCURVE_S1.);
#3112 = LINE('',#3113,#3114);
#3113 = CARTESIAN_POINT('',(14.5,5.800000011263,2.));
#3114 = VECTOR('',#3115,1.);
#3115 = DIRECTION('',(-1.,0.,0.));
#3116 = PCURVE('',#386,#3117);
#3117 = DEFINITIONAL_REPRESENTATION('',(#3118),#3121);
#3118 = B_SPLINE_CURVE_WITH_KNOTS('',1,(#3119,#3120),.UNSPECIFIED.,.F.,
  .F.,(2,2),(-16.5,-14.5),.PIECEWISE_BEZIER_KNOTS.);
#3119 = CARTESIAN_POINT('',(31.,5.800000012653));
#3120 = CARTESIAN_POINT('',(29.,5.800000012653));
#3121 = ( GEOMETRIC_REPRESENTATION_CONTEXT(2) 
PARAMETRIC_REPRESENTATION_CONTEXT() REPRESENTATION_CONTEXT('2D SPACE',''
  ) );
#3122 = PCURVE('',#1676,#3123);
#3123 = DEFINITIONAL_REPRESENTATION('',(#3124),#3127);
#3124 = B_SPLINE_CURVE_WITH_KNOTS('',1,(#3125,#3126),.UNSPECIFIED.,.F.,
  .F.,(2,2),(-16.5,-14.5),.PIECEWISE_BEZIER_KNOTS.);
#3125 = CARTESIAN_POINT('',(2.,-3.));
#3126 = CARTESIAN_POINT('',(0.,-3.));
#3127 = ( GEOMETRIC_REPRESENTATION_CONTEXT(2) 
PARAMETRIC_REPRESENTATION_CONTEXT() REPRESENTATION_CONTEXT('2D SPACE',''
  ) );
#3128 = ORIENTED_EDGE('',*,*,#3129,.T.);
#3129 = EDGE_CURVE('',#3109,#3130,#3132,.T.);
#3130 = VERTEX_POINT('',#3131);
#3131 = CARTESIAN_POINT('',(31.6,5.20000000915,2.));
#3132 = SURFACE_CURVE('',#3133,(#3138,#3149),.PCURVE_S1.);
#3133 = CIRCLE('',#3134,0.6);
#3134 = AXIS2_PLACEMENT_3D('',#3135,#3136,#3137);
#3135 = CARTESIAN_POINT('',(31.,5.20000000915,2.));
#3136 = DIRECTION('',(0.,0.,-1.));
#3137 = DIRECTION('',(-1.,0.,0.));
#3138 = PCURVE('',#386,#3139);
#3139 = DEFINITIONAL_REPRESENTATION('',(#3140),#3148);
#3140 = ( BOUNDED_CURVE() B_SPLINE_CURVE(2,(#3141,#3142,#3143,#3144,
#3145,#3146,#3147),.UNSPECIFIED.,.T.,.F.) B_SPLINE_CURVE_WITH_KNOTS((1,2
    ,2,2,2,1),(-2.094395102393,0.,2.094395102393,4.188790204786,
6.28318530718,8.377580409573),.UNSPECIFIED.) CURVE() 
GEOMETRIC_REPRESENTATION_ITEM() RATIONAL_B_SPLINE_CURVE((1.,0.5,1.,0.5,
1.,0.5,1.)) REPRESENTATION_ITEM('') );
#3141 = CARTESIAN_POINT('',(30.4,5.200000010539));
#3142 = CARTESIAN_POINT('',(30.4,6.239230495081));
#3143 = CARTESIAN_POINT('',(31.3,5.71961525281));
#3144 = CARTESIAN_POINT('',(32.2,5.200000010539));
#3145 = CARTESIAN_POINT('',(31.3,4.680384768269));
#3146 = CARTESIAN_POINT('',(30.4,4.160769525998));
#3147 = CARTESIAN_POINT('',(30.4,5.200000010539));
#3148 = ( GEOMETRIC_REPRESENTATION_CONTEXT(2) 
PARAMETRIC_REPRESENTATION_CONTEXT() REPRESENTATION_CONTEXT('2D SPACE',''
  ) );
#3149 = PCURVE('',#1708,#3150);
#3150 = DEFINITIONAL_REPRESENTATION('',(#3151),#3155);
#3151 = LINE('',#3152,#3153);
#3152 = CARTESIAN_POINT('',(0.,-3.));
#3153 = VECTOR('',#3154,1.);
#3154 = DIRECTION('',(1.,0.));
#3155 = ( GEOMETRIC_REPRESENTATION_CONTEXT(2) 
PARAMETRIC_REPRESENTATION_CONTEXT() REPRESENTATION_CONTEXT('2D SPACE',''
  ) );
#3156 = ORIENTED_EDGE('',*,*,#3157,.T.);
#3157 = EDGE_CURVE('',#3130,#3158,#3160,.T.);
#3158 = VERTEX_POINT('',#3159);
#3159 = CARTESIAN_POINT('',(31.6,3.999999988737,2.));
#3160 = SURFACE_CURVE('',#3161,(#3165,#3171),.PCURVE_S1.);
#3161 = LINE('',#3162,#3163);
#3162 = CARTESIAN_POINT('',(31.6,1.999999993674,2.));
#3163 = VECTOR('',#3164,1.);
#3164 = DIRECTION('',(0.,-1.,0.));
#3165 = PCURVE('',#386,#3166);
#3166 = DEFINITIONAL_REPRESENTATION('',(#3167),#3170);
#3167 = B_SPLINE_CURVE_WITH_KNOTS('',1,(#3168,#3169),.UNSPECIFIED.,.F.,
  .F.,(2,2),(-3.200000015476,-1.999999995063),.PIECEWISE_BEZIER_KNOTS.);
#3168 = CARTESIAN_POINT('',(31.6,5.200000010539));
#3169 = CARTESIAN_POINT('',(31.6,3.999999990126));
#3170 = ( GEOMETRIC_REPRESENTATION_CONTEXT(2) 
PARAMETRIC_REPRESENTATION_CONTEXT() REPRESENTATION_CONTEXT('2D SPACE',''
  ) );
#3171 = PCURVE('',#1735,#3172);
#3172 = DEFINITIONAL_REPRESENTATION('',(#3173),#3176);
#3173 = B_SPLINE_CURVE_WITH_KNOTS('',1,(#3174,#3175),.UNSPECIFIED.,.F.,
  .F.,(2,2),(-3.200000015476,-1.999999995063),.PIECEWISE_BEZIER_KNOTS.);
#3174 = CARTESIAN_POINT('',(1.200000020413,-3.));
#3175 = CARTESIAN_POINT('',(0.,-3.));
#3176 = ( GEOMETRIC_REPRESENTATION_CONTEXT(2) 
PARAMETRIC_REPRESENTATION_CONTEXT() REPRESENTATION_CONTEXT('2D SPACE',''
  ) );
#3177 = ORIENTED_EDGE('',*,*,#3178,.T.);
#3178 = EDGE_CURVE('',#3158,#3179,#3181,.T.);
#3179 = VERTEX_POINT('',#3180);
#3180 = CARTESIAN_POINT('',(31.,3.4,2.));
#3181 = SURFACE_CURVE('',#3182,(#3187,#3198),.PCURVE_S1.);
#3182 = CIRCLE('',#3183,0.6);
#3183 = AXIS2_PLACEMENT_3D('',#3184,#3185,#3186);
#3184 = CARTESIAN_POINT('',(31.,3.999999988737,2.));
#3185 = DIRECTION('',(0.,0.,-1.));
#3186 = DIRECTION('',(-1.,0.,0.));
#3187 = PCURVE('',#386,#3188);
#3188 = DEFINITIONAL_REPRESENTATION('',(#3189),#3197);
#3189 = ( BOUNDED_CURVE() B_SPLINE_CURVE(2,(#3190,#3191,#3192,#3193,
#3194,#3195,#3196),.UNSPECIFIED.,.T.,.F.) B_SPLINE_CURVE_WITH_KNOTS((1,2
    ,2,2,2,1),(-2.094395102393,0.,2.094395102393,4.188790204786,
6.28318530718,8.377580409573),.UNSPECIFIED.) CURVE() 
GEOMETRIC_REPRESENTATION_ITEM() RATIONAL_B_SPLINE_CURVE((1.,0.5,1.,0.5,
1.,0.5,1.)) REPRESENTATION_ITEM('') );
#3190 = CARTESIAN_POINT('',(30.4,3.999999990126));
#3191 = CARTESIAN_POINT('',(30.4,5.039230474667));
#3192 = CARTESIAN_POINT('',(31.3,4.519615232397));
#3193 = CARTESIAN_POINT('',(32.2,3.999999990126));
#3194 = CARTESIAN_POINT('',(31.3,3.480384747855));
#3195 = CARTESIAN_POINT('',(30.4,2.960769505585));
#3196 = CARTESIAN_POINT('',(30.4,3.999999990126));
#3197 = ( GEOMETRIC_REPRESENTATION_CONTEXT(2) 
PARAMETRIC_REPRESENTATION_CONTEXT() REPRESENTATION_CONTEXT('2D SPACE',''
  ) );
#3198 = PCURVE('',#1767,#3199);
#3199 = DEFINITIONAL_REPRESENTATION('',(#3200),#3204);
#3200 = LINE('',#3201,#3202);
#3201 = CARTESIAN_POINT('',(0.,-3.));
#3202 = VECTOR('',#3203,1.);
#3203 = DIRECTION('',(1.,0.));
#3204 = ( GEOMETRIC_REPRESENTATION_CONTEXT(2) 
PARAMETRIC_REPRESENTATION_CONTEXT() REPRESENTATION_CONTEXT('2D SPACE',''
  ) );
#3205 = ORIENTED_EDGE('',*,*,#3206,.T.);
#3206 = EDGE_CURVE('',#3179,#3207,#3209,.T.);
#3207 = VERTEX_POINT('',#3208);
#3208 = CARTESIAN_POINT('',(29.,3.4,2.));
#3209 = SURFACE_CURVE('',#3210,(#3214,#3220),.PCURVE_S1.);
#3210 = LINE('',#3211,#3212);
#3211 = CARTESIAN_POINT('',(14.5,3.400000011263,2.));
#3212 = VECTOR('',#3213,1.);
#3213 = DIRECTION('',(-1.,0.,0.));
#3214 = PCURVE('',#386,#3215);
#3215 = DEFINITIONAL_REPRESENTATION('',(#3216),#3219);
#3216 = B_SPLINE_CURVE_WITH_KNOTS('',1,(#3217,#3218),.UNSPECIFIED.,.F.,
  .F.,(2,2),(-16.5,-14.5),.PIECEWISE_BEZIER_KNOTS.);
#3217 = CARTESIAN_POINT('',(31.,3.400000012653));
#3218 = CARTESIAN_POINT('',(29.,3.400000012653));
#3219 = ( GEOMETRIC_REPRESENTATION_CONTEXT(2) 
PARAMETRIC_REPRESENTATION_CONTEXT() REPRESENTATION_CONTEXT('2D SPACE',''
  ) );
#3220 = PCURVE('',#1794,#3221);
#3221 = DEFINITIONAL_REPRESENTATION('',(#3222),#3225);
#3222 = B_SPLINE_CURVE_WITH_KNOTS('',1,(#3223,#3224),.UNSPECIFIED.,.F.,
  .F.,(2,2),(-16.5,-14.5),.PIECEWISE_BEZIER_KNOTS.);
#3223 = CARTESIAN_POINT('',(2.,-3.));
#3224 = CARTESIAN_POINT('',(0.,-3.));
#3225 = ( GEOMETRIC_REPRESENTATION_CONTEXT(2) 
PARAMETRIC_REPRESENTATION_CONTEXT() REPRESENTATION_CONTEXT('2D SPACE',''
  ) );
#3226 = ORIENTED_EDGE('',*,*,#3227,.T.);
#3227 = EDGE_CURVE('',#3207,#3060,#3228,.T.);
#3228 = SURFACE_CURVE('',#3229,(#3234,#3245),.PCURVE_S1.);
#3229 = CIRCLE('',#3230,0.6);
#3230 = AXIS2_PLACEMENT_3D('',#3231,#3232,#3233);
#3231 = CARTESIAN_POINT('',(29.,3.999999988737,2.));
#3232 = DIRECTION('',(0.,0.,-1.));
#3233 = DIRECTION('',(-1.,0.,0.));
#3234 = PCURVE('',#386,#3235);
#3235 = DEFINITIONAL_REPRESENTATION('',(#3236),#3244);
#3236 = ( BOUNDED_CURVE() B_SPLINE_CURVE(2,(#3237,#3238,#3239,#3240,
#3241,#3242,#3243),.UNSPECIFIED.,.T.,.F.) B_SPLINE_CURVE_WITH_KNOTS((1,2
    ,2,2,2,1),(-2.094395102393,0.,2.094395102393,4.188790204786,
6.28318530718,8.377580409573),.UNSPECIFIED.) CURVE() 
GEOMETRIC_REPRESENTATION_ITEM() RATIONAL_B_SPLINE_CURVE((1.,0.5,1.,0.5,
1.,0.5,1.)) REPRESENTATION_ITEM('') );
#3237 = CARTESIAN_POINT('',(28.4,3.999999990126));
#3238 = CARTESIAN_POINT('',(28.4,5.039230474667));
#3239 = CARTESIAN_POINT('',(29.3,4.519615232397));
#3240 = CARTESIAN_POINT('',(30.2,3.999999990126));
#3241 = CARTESIAN_POINT('',(29.3,3.480384747855));
#3242 = CARTESIAN_POINT('',(28.4,2.960769505585));
#3243 = CARTESIAN_POINT('',(28.4,3.999999990126));
#3244 = ( GEOMETRIC_REPRESENTATION_CONTEXT(2) 
PARAMETRIC_REPRESENTATION_CONTEXT() REPRESENTATION_CONTEXT('2D SPACE',''
  ) );
#3245 = PCURVE('',#1824,#3246);
#3246 = DEFINITIONAL_REPRESENTATION('',(#3247),#3251);
#3247 = LINE('',#3248,#3249);
#3248 = CARTESIAN_POINT('',(0.,-3.));
#3249 = VECTOR('',#3250,1.);
#3250 = DIRECTION('',(1.,0.));
#3251 = ( GEOMETRIC_REPRESENTATION_CONTEXT(2) 
PARAMETRIC_REPRESENTATION_CONTEXT() REPRESENTATION_CONTEXT('2D SPACE',''
  ) );
#3252 = FACE_BOUND('',#3253,.T.);
#3253 = EDGE_LOOP('',(#3254,#3277,#3305,#3326,#3354,#3375,#3403,#3424));
#3254 = ORIENTED_EDGE('',*,*,#3255,.F.);
#3255 = EDGE_CURVE('',#3256,#3258,#3260,.T.);
#3256 = VERTEX_POINT('',#3257);
#3257 = CARTESIAN_POINT('',(34.4,5.20000000915,2.));
#3258 = VERTEX_POINT('',#3259);
#3259 = CARTESIAN_POINT('',(34.4,3.999999988737,2.));
#3260 = SURFACE_CURVE('',#3261,(#3265,#3271),.PCURVE_S1.);
#3261 = LINE('',#3262,#3263);
#3262 = CARTESIAN_POINT('',(34.4,1.999999993674,2.));
#3263 = VECTOR('',#3264,1.);
#3264 = DIRECTION('',(0.,-1.,0.));
#3265 = PCURVE('',#386,#3266);
#3266 = DEFINITIONAL_REPRESENTATION('',(#3267),#3270);
#3267 = B_SPLINE_CURVE_WITH_KNOTS('',1,(#3268,#3269),.UNSPECIFIED.,.F.,
  .F.,(2,2),(-3.200000015476,-1.999999995063),.PIECEWISE_BEZIER_KNOTS.);
#3268 = CARTESIAN_POINT('',(34.4,5.200000010539));
#3269 = CARTESIAN_POINT('',(34.4,3.999999990126));
#3270 = ( GEOMETRIC_REPRESENTATION_CONTEXT(2) 
PARAMETRIC_REPRESENTATION_CONTEXT() REPRESENTATION_CONTEXT('2D SPACE',''
  ) );
#3271 = PCURVE('',#1855,#3272);
#3272 = DEFINITIONAL_REPRESENTATION('',(#3273),#3276);
#3273 = B_SPLINE_CURVE_WITH_KNOTS('',1,(#3274,#3275),.UNSPECIFIED.,.F.,
  .F.,(2,2),(-3.200000015476,-1.999999995063),.PIECEWISE_BEZIER_KNOTS.);
#3274 = CARTESIAN_POINT('',(1.200000020413,-3.));
#3275 = CARTESIAN_POINT('',(0.,-3.));
#3276 = ( GEOMETRIC_REPRESENTATION_CONTEXT(2) 
PARAMETRIC_REPRESENTATION_CONTEXT() REPRESENTATION_CONTEXT('2D SPACE',''
  ) );
#3277 = ORIENTED_EDGE('',*,*,#3278,.T.);
#3278 = EDGE_CURVE('',#3256,#3279,#3281,.T.);
#3279 = VERTEX_POINT('',#3280);
#3280 = CARTESIAN_POINT('',(35.,5.800000010207,2.));
#3281 = SURFACE_CURVE('',#3282,(#3287,#3298),.PCURVE_S1.);
#3282 = CIRCLE('',#3283,0.6);
#3283 = AXIS2_PLACEMENT_3D('',#3284,#3285,#3286);
#3284 = CARTESIAN_POINT('',(35.,5.20000000915,2.));
#3285 = DIRECTION('',(0.,0.,-1.));
#3286 = DIRECTION('',(-1.,0.,0.));
#3287 = PCURVE('',#386,#3288);
#3288 = DEFINITIONAL_REPRESENTATION('',(#3289),#3297);
#3289 = ( BOUNDED_CURVE() B_SPLINE_CURVE(2,(#3290,#3291,#3292,#3293,
#3294,#3295,#3296),.UNSPECIFIED.,.T.,.F.) B_SPLINE_CURVE_WITH_KNOTS((1,2
    ,2,2,2,1),(-2.094395102393,0.,2.094395102393,4.188790204786,
6.28318530718,8.377580409573),.UNSPECIFIED.) CURVE() 
GEOMETRIC_REPRESENTATION_ITEM() RATIONAL_B_SPLINE_CURVE((1.,0.5,1.,0.5,
1.,0.5,1.)) REPRESENTATION_ITEM('') );
#3290 = CARTESIAN_POINT('',(34.4,5.200000010539));
#3291 = CARTESIAN_POINT('',(34.4,6.239230495081));
#3292 = CARTESIAN_POINT('',(35.3,5.71961525281));
#3293 = CARTESIAN_POINT('',(36.2,5.200000010539));
#3294 = CARTESIAN_POINT('',(35.3,4.680384768269));
#3295 = CARTESIAN_POINT('',(34.4,4.160769525998));
#3296 = CARTESIAN_POINT('',(34.4,5.200000010539));
#3297 = ( GEOMETRIC_REPRESENTATION_CONTEXT(2) 
PARAMETRIC_REPRESENTATION_CONTEXT() REPRESENTATION_CONTEXT('2D SPACE',''
  ) );
#3298 = PCURVE('',#1887,#3299);
#3299 = DEFINITIONAL_REPRESENTATION('',(#3300),#3304);
#3300 = LINE('',#3301,#3302);
#3301 = CARTESIAN_POINT('',(0.,-3.));
#3302 = VECTOR('',#3303,1.);
#3303 = DIRECTION('',(1.,0.));
#3304 = ( GEOMETRIC_REPRESENTATION_CONTEXT(2) 
PARAMETRIC_REPRESENTATION_CONTEXT() REPRESENTATION_CONTEXT('2D SPACE',''
  ) );
#3305 = ORIENTED_EDGE('',*,*,#3306,.F.);
#3306 = EDGE_CURVE('',#3307,#3279,#3309,.T.);
#3307 = VERTEX_POINT('',#3308);
#3308 = CARTESIAN_POINT('',(37.,5.800000010207,2.));
#3309 = SURFACE_CURVE('',#3310,(#3314,#3320),.PCURVE_S1.);
#3310 = LINE('',#3311,#3312);
#3311 = CARTESIAN_POINT('',(17.5,5.800000011263,2.));
#3312 = VECTOR('',#3313,1.);
#3313 = DIRECTION('',(-1.,0.,0.));
#3314 = PCURVE('',#386,#3315);
#3315 = DEFINITIONAL_REPRESENTATION('',(#3316),#3319);
#3316 = B_SPLINE_CURVE_WITH_KNOTS('',1,(#3317,#3318),.UNSPECIFIED.,.F.,
  .F.,(2,2),(-19.5,-17.5),.PIECEWISE_BEZIER_KNOTS.);
#3317 = CARTESIAN_POINT('',(37.,5.800000012653));
#3318 = CARTESIAN_POINT('',(35.,5.800000012653));
#3319 = ( GEOMETRIC_REPRESENTATION_CONTEXT(2) 
PARAMETRIC_REPRESENTATION_CONTEXT() REPRESENTATION_CONTEXT('2D SPACE',''
  ) );
#3320 = PCURVE('',#1914,#3321);
#3321 = DEFINITIONAL_REPRESENTATION('',(#3322),#3325);
#3322 = B_SPLINE_CURVE_WITH_KNOTS('',1,(#3323,#3324),.UNSPECIFIED.,.F.,
  .F.,(2,2),(-19.5,-17.5),.PIECEWISE_BEZIER_KNOTS.);
#3323 = CARTESIAN_POINT('',(2.,-3.));
#3324 = CARTESIAN_POINT('',(0.,-3.));
#3325 = ( GEOMETRIC_REPRESENTATION_CONTEXT(2) 
PARAMETRIC_REPRESENTATION_CONTEXT() REPRESENTATION_CONTEXT('2D SPACE',''
  ) );
#3326 = ORIENTED_EDGE('',*,*,#3327,.T.);
#3327 = EDGE_CURVE('',#3307,#3328,#3330,.T.);
#3328 = VERTEX_POINT('',#3329);
#3329 = CARTESIAN_POINT('',(37.6,5.20000000915,2.));
#3330 = SURFACE_CURVE('',#3331,(#3336,#3347),.PCURVE_S1.);
#3331 = CIRCLE('',#3332,0.6);
#3332 = AXIS2_PLACEMENT_3D('',#3333,#3334,#3335);
#3333 = CARTESIAN_POINT('',(37.,5.20000000915,2.));
#3334 = DIRECTION('',(0.,0.,-1.));
#3335 = DIRECTION('',(-1.,0.,0.));
#3336 = PCURVE('',#386,#3337);
#3337 = DEFINITIONAL_REPRESENTATION('',(#3338),#3346);
#3338 = ( BOUNDED_CURVE() B_SPLINE_CURVE(2,(#3339,#3340,#3341,#3342,
#3343,#3344,#3345),.UNSPECIFIED.,.T.,.F.) B_SPLINE_CURVE_WITH_KNOTS((1,2
    ,2,2,2,1),(-2.094395102393,0.,2.094395102393,4.188790204786,
6.28318530718,8.377580409573),.UNSPECIFIED.) CURVE() 
GEOMETRIC_REPRESENTATION_ITEM() RATIONAL_B_SPLINE_CURVE((1.,0.5,1.,0.5,
1.,0.5,1.)) REPRESENTATION_ITEM('') );
#3339 = CARTESIAN_POINT('',(36.4,5.200000010539));
#3340 = CARTESIAN_POINT('',(36.4,6.239230495081));
#3341 = CARTESIAN_POINT('',(37.3,5.71961525281));
#3342 = CARTESIAN_POINT('',(38.2,5.200000010539));
#3343 = CARTESIAN_POINT('',(37.3,4.680384768269));
#3344 = CARTESIAN_POINT('',(36.4,4.160769525998));
#3345 = CARTESIAN_POINT('',(36.4,5.200000010539));
#3346 = ( GEOMETRIC_REPRESENTATION_CONTEXT(2) 
PARAMETRIC_REPRESENTATION_CONTEXT() REPRESENTATION_CONTEXT('2D SPACE',''
  ) );
#3347 = PCURVE('',#1946,#3348);
#3348 = DEFINITIONAL_REPRESENTATION('',(#3349),#3353);
#3349 = LINE('',#3350,#3351);
#3350 = CARTESIAN_POINT('',(0.,-3.));
#3351 = VECTOR('',#3352,1.);
#3352 = DIRECTION('',(1.,0.));
#3353 = ( GEOMETRIC_REPRESENTATION_CONTEXT(2) 
PARAMETRIC_REPRESENTATION_CONTEXT() REPRESENTATION_CONTEXT('2D SPACE',''
  ) );
#3354 = ORIENTED_EDGE('',*,*,#3355,.T.);
#3355 = EDGE_CURVE('',#3328,#3356,#3358,.T.);
#3356 = VERTEX_POINT('',#3357);
#3357 = CARTESIAN_POINT('',(37.6,3.999999988737,2.));
#3358 = SURFACE_CURVE('',#3359,(#3363,#3369),.PCURVE_S1.);
#3359 = LINE('',#3360,#3361);
#3360 = CARTESIAN_POINT('',(37.6,1.999999993674,2.));
#3361 = VECTOR('',#3362,1.);
#3362 = DIRECTION('',(0.,-1.,0.));
#3363 = PCURVE('',#386,#3364);
#3364 = DEFINITIONAL_REPRESENTATION('',(#3365),#3368);
#3365 = B_SPLINE_CURVE_WITH_KNOTS('',1,(#3366,#3367),.UNSPECIFIED.,.F.,
  .F.,(2,2),(-3.200000015476,-1.999999995063),.PIECEWISE_BEZIER_KNOTS.);
#3366 = CARTESIAN_POINT('',(37.6,5.200000010539));
#3367 = CARTESIAN_POINT('',(37.6,3.999999990126));
#3368 = ( GEOMETRIC_REPRESENTATION_CONTEXT(2) 
PARAMETRIC_REPRESENTATION_CONTEXT() REPRESENTATION_CONTEXT('2D SPACE',''
  ) );
#3369 = PCURVE('',#1973,#3370);
#3370 = DEFINITIONAL_REPRESENTATION('',(#3371),#3374);
#3371 = B_SPLINE_CURVE_WITH_KNOTS('',1,(#3372,#3373),.UNSPECIFIED.,.F.,
  .F.,(2,2),(-3.200000015476,-1.999999995063),.PIECEWISE_BEZIER_KNOTS.);
#3372 = CARTESIAN_POINT('',(1.200000020413,-3.));
#3373 = CARTESIAN_POINT('',(0.,-3.));
#3374 = ( GEOMETRIC_REPRESENTATION_CONTEXT(2) 
PARAMETRIC_REPRESENTATION_CONTEXT() REPRESENTATION_CONTEXT('2D SPACE',''
  ) );
#3375 = ORIENTED_EDGE('',*,*,#3376,.T.);
#3376 = EDGE_CURVE('',#3356,#3377,#3379,.T.);
#3377 = VERTEX_POINT('',#3378);
#3378 = CARTESIAN_POINT('',(37.,3.4,2.));
#3379 = SURFACE_CURVE('',#3380,(#3385,#3396),.PCURVE_S1.);
#3380 = CIRCLE('',#3381,0.6);
#3381 = AXIS2_PLACEMENT_3D('',#3382,#3383,#3384);
#3382 = CARTESIAN_POINT('',(37.,3.999999988737,2.));
#3383 = DIRECTION('',(0.,0.,-1.));
#3384 = DIRECTION('',(-1.,0.,0.));
#3385 = PCURVE('',#386,#3386);
#3386 = DEFINITIONAL_REPRESENTATION('',(#3387),#3395);
#3387 = ( BOUNDED_CURVE() B_SPLINE_CURVE(2,(#3388,#3389,#3390,#3391,
#3392,#3393,#3394),.UNSPECIFIED.,.T.,.F.) B_SPLINE_CURVE_WITH_KNOTS((1,2
    ,2,2,2,1),(-2.094395102393,0.,2.094395102393,4.188790204786,
6.28318530718,8.377580409573),.UNSPECIFIED.) CURVE() 
GEOMETRIC_REPRESENTATION_ITEM() RATIONAL_B_SPLINE_CURVE((1.,0.5,1.,0.5,
1.,0.5,1.)) REPRESENTATION_ITEM('') );
#3388 = CARTESIAN_POINT('',(36.4,3.999999990126));
#3389 = CARTESIAN_POINT('',(36.4,5.039230474667));
#3390 = CARTESIAN_POINT('',(37.3,4.519615232397));
#3391 = CARTESIAN_POINT('',(38.2,3.999999990126));
#3392 = CARTESIAN_POINT('',(37.3,3.480384747855));
#3393 = CARTESIAN_POINT('',(36.4,2.960769505585));
#3394 = CARTESIAN_POINT('',(36.4,3.999999990126));
#3395 = ( GEOMETRIC_REPRESENTATION_CONTEXT(2) 
PARAMETRIC_REPRESENTATION_CONTEXT() REPRESENTATION_CONTEXT('2D SPACE',''
  ) );
#3396 = PCURVE('',#2005,#3397);
#3397 = DEFINITIONAL_REPRESENTATION('',(#3398),#3402);
#3398 = LINE('',#3399,#3400);
#3399 = CARTESIAN_POINT('',(0.,-3.));
#3400 = VECTOR('',#3401,1.);
#3401 = DIRECTION('',(1.,0.));
#3402 = ( GEOMETRIC_REPRESENTATION_CONTEXT(2) 
PARAMETRIC_REPRESENTATION_CONTEXT() REPRESENTATION_CONTEXT('2D SPACE',''
  ) );
#3403 = ORIENTED_EDGE('',*,*,#3404,.T.);
#3404 = EDGE_CURVE('',#3377,#3405,#3407,.T.);
#3405 = VERTEX_POINT('',#3406);
#3406 = CARTESIAN_POINT('',(35.,3.4,2.));
#3407 = SURFACE_CURVE('',#3408,(#3412,#3418),.PCURVE_S1.);
#3408 = LINE('',#3409,#3410);
#3409 = CARTESIAN_POINT('',(17.5,3.400000011263,2.));
#3410 = VECTOR('',#3411,1.);
#3411 = DIRECTION('',(-1.,0.,0.));
#3412 = PCURVE('',#386,#3413);
#3413 = DEFINITIONAL_REPRESENTATION('',(#3414),#3417);
#3414 = B_SPLINE_CURVE_WITH_KNOTS('',1,(#3415,#3416),.UNSPECIFIED.,.F.,
  .F.,(2,2),(-19.5,-17.5),.PIECEWISE_BEZIER_KNOTS.);
#3415 = CARTESIAN_POINT('',(37.,3.400000012653));
#3416 = CARTESIAN_POINT('',(35.,3.400000012653));
#3417 = ( GEOMETRIC_REPRESENTATION_CONTEXT(2) 
PARAMETRIC_REPRESENTATION_CONTEXT() REPRESENTATION_CONTEXT('2D SPACE',''
  ) );
#3418 = PCURVE('',#2032,#3419);
#3419 = DEFINITIONAL_REPRESENTATION('',(#3420),#3423);
#3420 = B_SPLINE_CURVE_WITH_KNOTS('',1,(#3421,#3422),.UNSPECIFIED.,.F.,
  .F.,(2,2),(-19.5,-17.5),.PIECEWISE_BEZIER_KNOTS.);
#3421 = CARTESIAN_POINT('',(2.,-3.));
#3422 = CARTESIAN_POINT('',(0.,-3.));
#3423 = ( GEOMETRIC_REPRESENTATION_CONTEXT(2) 
PARAMETRIC_REPRESENTATION_CONTEXT() REPRESENTATION_CONTEXT('2D SPACE',''
  ) );
#3424 = ORIENTED_EDGE('',*,*,#3425,.T.);
#3425 = EDGE_CURVE('',#3405,#3258,#3426,.T.);
#3426 = SURFACE_CURVE('',#3427,(#3432,#3443),.PCURVE_S1.);
#3427 = CIRCLE('',#3428,0.6);
#3428 = AXIS2_PLACEMENT_3D('',#3429,#3430,#3431);
#3429 = CARTESIAN_POINT('',(35.,3.999999988737,2.));
#3430 = DIRECTION('',(0.,0.,-1.));
#3431 = DIRECTION('',(-1.,0.,0.));
#3432 = PCURVE('',#386,#3433);
#3433 = DEFINITIONAL_REPRESENTATION('',(#3434),#3442);
#3434 = ( BOUNDED_CURVE() B_SPLINE_CURVE(2,(#3435,#3436,#3437,#3438,
#3439,#3440,#3441),.UNSPECIFIED.,.T.,.F.) B_SPLINE_CURVE_WITH_KNOTS((1,2
    ,2,2,2,1),(-2.094395102393,0.,2.094395102393,4.188790204786,
6.28318530718,8.377580409573),.UNSPECIFIED.) CURVE() 
GEOMETRIC_REPRESENTATION_ITEM() RATIONAL_B_SPLINE_CURVE((1.,0.5,1.,0.5,
1.,0.5,1.)) REPRESENTATION_ITEM('') );
#3435 = CARTESIAN_POINT('',(34.4,3.999999990126));
#3436 = CARTESIAN_POINT('',(34.4,5.039230474667));
#3437 = CARTESIAN_POINT('',(35.3,4.519615232397));
#3438 = CARTESIAN_POINT('',(36.2,3.999999990126));
#3439 = CARTESIAN_POINT('',(35.3,3.480384747855));
#3440 = CARTESIAN_POINT('',(34.4,2.960769505585));
#3441 = CARTESIAN_POINT('',(34.4,3.999999990126));
#3442 = ( GEOMETRIC_REPRESENTATION_CONTEXT(2) 
PARAMETRIC_REPRESENTATION_CONTEXT() REPRESENTATION_CONTEXT('2D SPACE',''
  ) );
#3443 = PCURVE('',#2062,#3444);
#3444 = DEFINITIONAL_REPRESENTATION('',(#3445),#3449);
#3445 = LINE('',#3446,#3447);
#3446 = CARTESIAN_POINT('',(0.,-3.));
#3447 = VECTOR('',#3448,1.);
#3448 = DIRECTION('',(1.,0.));
#3449 = ( GEOMETRIC_REPRESENTATION_CONTEXT(2) 
PARAMETRIC_REPRESENTATION_CONTEXT() REPRESENTATION_CONTEXT('2D SPACE',''
  ) );
#3450 = ADVANCED_FACE('',(#3451),#361,.T.);
#3451 = FACE_BOUND('',#3452,.F.);
#3452 = EDGE_LOOP('',(#3453,#3454,#3455,#3474));
#3453 = ORIENTED_EDGE('',*,*,#346,.F.);
#3454 = ORIENTED_EDGE('',*,*,#431,.T.);
#3455 = ORIENTED_EDGE('',*,*,#3456,.T.);
#3456 = EDGE_CURVE('',#404,#2336,#3457,.T.);
#3457 = SURFACE_CURVE('',#3458,(#3462,#3468),.PCURVE_S1.);
#3458 = LINE('',#3459,#3460);
#3459 = CARTESIAN_POINT('',(-15.7,14.999999994414,1.6));
#3460 = VECTOR('',#3461,1.);
#3461 = DIRECTION('',(4.329780281177E-17,-0.707106781187,0.707106781187)
  );
#3462 = PCURVE('',#361,#3463);
#3463 = DEFINITIONAL_REPRESENTATION('',(#3464),#3467);
#3464 = B_SPLINE_CURVE_WITH_KNOTS('',1,(#3465,#3466),.UNSPECIFIED.,.F.,
  .F.,(2,2),(0.,0.565685424949),.PIECEWISE_BEZIER_KNOTS.);
#3465 = CARTESIAN_POINT('',(1.570796326795,0.));
#3466 = CARTESIAN_POINT('',(1.570796326795,-0.4));
#3467 = ( GEOMETRIC_REPRESENTATION_CONTEXT(2) 
PARAMETRIC_REPRESENTATION_CONTEXT() REPRESENTATION_CONTEXT('2D SPACE',''
  ) );
#3468 = PCURVE('',#2351,#3469);
#3469 = DEFINITIONAL_REPRESENTATION('',(#3470),#3473);
#3470 = B_SPLINE_CURVE_WITH_KNOTS('',1,(#3471,#3472),.UNSPECIFIED.,.F.,
  .F.,(2,2),(0.,0.565685424949),.PIECEWISE_BEZIER_KNOTS.);
#3471 = CARTESIAN_POINT('',(0.,-0.282842712475));
#3472 = CARTESIAN_POINT('',(0.,0.282842712475));
#3473 = ( GEOMETRIC_REPRESENTATION_CONTEXT(2) 
PARAMETRIC_REPRESENTATION_CONTEXT() REPRESENTATION_CONTEXT('2D SPACE',''
  ) );
#3474 = ORIENTED_EDGE('',*,*,#2363,.F.);
#3475 = ADVANCED_FACE('',(#3476),#419,.T.);
#3476 = FACE_BOUND('',#3477,.T.);
#3477 = EDGE_LOOP('',(#3478,#3479,#3502,#3530));
#3478 = ORIENTED_EDGE('',*,*,#401,.T.);
#3479 = ORIENTED_EDGE('',*,*,#3480,.T.);
#3480 = EDGE_CURVE('',#404,#3481,#3483,.T.);
#3481 = VERTEX_POINT('',#3482);
#3482 = CARTESIAN_POINT('',(15.7,15.000000000001,1.6));
#3483 = SURFACE_CURVE('',#3484,(#3488,#3495),.PCURVE_S1.);
#3484 = LINE('',#3485,#3486);
#3485 = CARTESIAN_POINT('',(-15.7,15.000000000001,1.6));
#3486 = VECTOR('',#3487,1.);
#3487 = DIRECTION('',(1.,0.,0.));
#3488 = PCURVE('',#419,#3489);
#3489 = DEFINITIONAL_REPRESENTATION('',(#3490),#3494);
#3490 = LINE('',#3491,#3492);
#3491 = CARTESIAN_POINT('',(0.,-1.6));
#3492 = VECTOR('',#3493,1.);
#3493 = DIRECTION('',(1.,0.));
#3494 = ( GEOMETRIC_REPRESENTATION_CONTEXT(2) 
PARAMETRIC_REPRESENTATION_CONTEXT() REPRESENTATION_CONTEXT('2D SPACE',''
  ) );
#3495 = PCURVE('',#2351,#3496);
#3496 = DEFINITIONAL_REPRESENTATION('',(#3497),#3501);
#3497 = LINE('',#3498,#3499);
#3498 = CARTESIAN_POINT('',(0.,-0.282842712475));
#3499 = VECTOR('',#3500,1.);
#3500 = DIRECTION('',(-1.,0.));
#3501 = ( GEOMETRIC_REPRESENTATION_CONTEXT(2) 
PARAMETRIC_REPRESENTATION_CONTEXT() REPRESENTATION_CONTEXT('2D SPACE',''
  ) );
#3502 = ORIENTED_EDGE('',*,*,#3503,.F.);
#3503 = EDGE_CURVE('',#3504,#3481,#3506,.T.);
#3504 = VERTEX_POINT('',#3505);
#3505 = CARTESIAN_POINT('',(15.7,15.000000000001,0.4));
#3506 = SURFACE_CURVE('',#3507,(#3511,#3518),.PCURVE_S1.);
#3507 = LINE('',#3508,#3509);
#3508 = CARTESIAN_POINT('',(15.7,14.999999997208,0.));
#3509 = VECTOR('',#3510,1.);
#3510 = DIRECTION('',(0.,0.,1.));
#3511 = PCURVE('',#419,#3512);
#3512 = DEFINITIONAL_REPRESENTATION('',(#3513),#3517);
#3513 = LINE('',#3514,#3515);
#3514 = CARTESIAN_POINT('',(31.4,0.));
#3515 = VECTOR('',#3516,1.);
#3516 = DIRECTION('',(0.,-1.));
#3517 = ( GEOMETRIC_REPRESENTATION_CONTEXT(2) 
PARAMETRIC_REPRESENTATION_CONTEXT() REPRESENTATION_CONTEXT('2D SPACE',''
  ) );
#3518 = PCURVE('',#3519,#3524);
#3519 = CYLINDRICAL_SURFACE('',#3520,1.);
#3520 = AXIS2_PLACEMENT_3D('',#3521,#3522,#3523);
#3521 = CARTESIAN_POINT('',(15.7,13.999999994414,0.));
#3522 = DIRECTION('',(0.,0.,-1.));
#3523 = DIRECTION('',(1.,0.,0.));
#3524 = DEFINITIONAL_REPRESENTATION('',(#3525),#3529);
#3525 = LINE('',#3526,#3527);
#3526 = CARTESIAN_POINT('',(-1.570796326795,0.));
#3527 = VECTOR('',#3528,1.);
#3528 = DIRECTION('',(0.,-1.));
#3529 = ( GEOMETRIC_REPRESENTATION_CONTEXT(2) 
PARAMETRIC_REPRESENTATION_CONTEXT() REPRESENTATION_CONTEXT('2D SPACE',''
  ) );
#3530 = ORIENTED_EDGE('',*,*,#3531,.F.);
#3531 = EDGE_CURVE('',#402,#3504,#3532,.T.);
#3532 = SURFACE_CURVE('',#3533,(#3537,#3544),.PCURVE_S1.);
#3533 = LINE('',#3534,#3535);
#3534 = CARTESIAN_POINT('',(-15.7,15.000000000001,0.4));
#3535 = VECTOR('',#3536,1.);
#3536 = DIRECTION('',(1.,0.,0.));
#3537 = PCURVE('',#419,#3538);
#3538 = DEFINITIONAL_REPRESENTATION('',(#3539),#3543);
#3539 = LINE('',#3540,#3541);
#3540 = CARTESIAN_POINT('',(0.,-0.4));
#3541 = VECTOR('',#3542,1.);
#3542 = DIRECTION('',(1.,0.));
#3543 = ( GEOMETRIC_REPRESENTATION_CONTEXT(2) 
PARAMETRIC_REPRESENTATION_CONTEXT() REPRESENTATION_CONTEXT('2D SPACE',''
  ) );
#3544 = PCURVE('',#918,#3545);
#3545 = DEFINITIONAL_REPRESENTATION('',(#3546),#3550);
#3546 = LINE('',#3547,#3548);
#3547 = CARTESIAN_POINT('',(0.,-0.282842712475));
#3548 = VECTOR('',#3549,1.);
#3549 = DIRECTION('',(-1.,0.));
#3550 = ( GEOMETRIC_REPRESENTATION_CONTEXT(2) 
PARAMETRIC_REPRESENTATION_CONTEXT() REPRESENTATION_CONTEXT('2D SPACE',''
  ) );
#3551 = ADVANCED_FACE('',(#3552),#494,.T.);
#3552 = FACE_BOUND('',#3553,.T.);
#3553 = EDGE_LOOP('',(#3554,#3573,#3574,#3575));
#3554 = ORIENTED_EDGE('',*,*,#3555,.F.);
#3555 = EDGE_CURVE('',#618,#959,#3556,.T.);
#3556 = SURFACE_CURVE('',#3557,(#3561,#3567),.PCURVE_S1.);
#3557 = LINE('',#3558,#3559);
#3558 = CARTESIAN_POINT('',(15.7,-15.,0.4));
#3559 = VECTOR('',#3560,1.);
#3560 = DIRECTION('',(-4.329780281177E-17,0.707106781187,-0.707106781187
    ));
#3561 = PCURVE('',#494,#3562);
#3562 = DEFINITIONAL_REPRESENTATION('',(#3563),#3566);
#3563 = B_SPLINE_CURVE_WITH_KNOTS('',1,(#3564,#3565),.UNSPECIFIED.,.F.,
  .F.,(2,2),(0.,0.565685424949),.PIECEWISE_BEZIER_KNOTS.);
#3564 = CARTESIAN_POINT('',(0.,-0.282842712475));
#3565 = CARTESIAN_POINT('',(0.,0.282842712475));
#3566 = ( GEOMETRIC_REPRESENTATION_CONTEXT(2) 
PARAMETRIC_REPRESENTATION_CONTEXT() REPRESENTATION_CONTEXT('2D SPACE',''
  ) );
#3567 = PCURVE('',#1000,#3568);
#3568 = DEFINITIONAL_REPRESENTATION('',(#3569),#3572);
#3569 = B_SPLINE_CURVE_WITH_KNOTS('',1,(#3570,#3571),.UNSPECIFIED.,.F.,
  .F.,(2,2),(0.,0.565685424949),.PIECEWISE_BEZIER_KNOTS.);
#3570 = CARTESIAN_POINT('',(-1.570796326795,0.));
#3571 = CARTESIAN_POINT('',(-1.570796326795,-0.4));
#3572 = ( GEOMETRIC_REPRESENTATION_CONTEXT(2) 
PARAMETRIC_REPRESENTATION_CONTEXT() REPRESENTATION_CONTEXT('2D SPACE',''
  ) );
#3573 = ORIENTED_EDGE('',*,*,#645,.T.);
#3574 = ORIENTED_EDGE('',*,*,#479,.T.);
#3575 = ORIENTED_EDGE('',*,*,#958,.F.);
#3576 = ADVANCED_FACE('',(#3577),#551,.F.);
#3577 = FACE_BOUND('',#3578,.F.);
#3578 = EDGE_LOOP('',(#3579,#3598,#3599,#3600));
#3579 = ORIENTED_EDGE('',*,*,#3580,.F.);
#3580 = EDGE_CURVE('',#595,#2392,#3581,.T.);
#3581 = SURFACE_CURVE('',#3582,(#3586,#3592),.PCURVE_S1.);
#3582 = LINE('',#3583,#3584);
#3583 = CARTESIAN_POINT('',(15.7,-15.,1.6));
#3584 = VECTOR('',#3585,1.);
#3585 = DIRECTION('',(-4.329780281177E-17,0.707106781187,0.707106781187)
  );
#3586 = PCURVE('',#551,#3587);
#3587 = DEFINITIONAL_REPRESENTATION('',(#3588),#3591);
#3588 = B_SPLINE_CURVE_WITH_KNOTS('',1,(#3589,#3590),.UNSPECIFIED.,.F.,
  .F.,(2,2),(0.,0.565685424949),.PIECEWISE_BEZIER_KNOTS.);
#3589 = CARTESIAN_POINT('',(0.,-0.282842712475));
#3590 = CARTESIAN_POINT('',(0.,0.282842712475));
#3591 = ( GEOMETRIC_REPRESENTATION_CONTEXT(2) 
PARAMETRIC_REPRESENTATION_CONTEXT() REPRESENTATION_CONTEXT('2D SPACE',''
  ) );
#3592 = PCURVE('',#2433,#3593);
#3593 = DEFINITIONAL_REPRESENTATION('',(#3594),#3597);
#3594 = B_SPLINE_CURVE_WITH_KNOTS('',1,(#3595,#3596),.UNSPECIFIED.,.F.,
  .F.,(2,2),(0.,0.565685424949),.PIECEWISE_BEZIER_KNOTS.);
#3595 = CARTESIAN_POINT('',(1.570796326795,0.));
#3596 = CARTESIAN_POINT('',(1.570796326795,-0.4));
#3597 = ( GEOMETRIC_REPRESENTATION_CONTEXT(2) 
PARAMETRIC_REPRESENTATION_CONTEXT() REPRESENTATION_CONTEXT('2D SPACE',''
  ) );
#3598 = ORIENTED_EDGE('',*,*,#594,.T.);
#3599 = ORIENTED_EDGE('',*,*,#536,.T.);
#3600 = ORIENTED_EDGE('',*,*,#2391,.F.);
#3601 = ADVANCED_FACE('',(#3602),#633,.T.);
#3602 = FACE_BOUND('',#3603,.F.);
#3603 = EDGE_LOOP('',(#3604,#3605,#3629,#3657));
#3604 = ORIENTED_EDGE('',*,*,#617,.T.);
#3605 = ORIENTED_EDGE('',*,*,#3606,.F.);
#3606 = EDGE_CURVE('',#3607,#595,#3609,.T.);
#3607 = VERTEX_POINT('',#3608);
#3608 = CARTESIAN_POINT('',(16.7,-14.,1.6));
#3609 = SURFACE_CURVE('',#3610,(#3615,#3622),.PCURVE_S1.);
#3610 = CIRCLE('',#3611,1.);
#3611 = AXIS2_PLACEMENT_3D('',#3612,#3613,#3614);
#3612 = CARTESIAN_POINT('',(15.7,-14.,1.6));
#3613 = DIRECTION('',(0.,0.,-1.));
#3614 = DIRECTION('',(1.,0.,0.));
#3615 = PCURVE('',#633,#3616);
#3616 = DEFINITIONAL_REPRESENTATION('',(#3617),#3621);
#3617 = LINE('',#3618,#3619);
#3618 = CARTESIAN_POINT('',(-6.28318530718,-1.6));
#3619 = VECTOR('',#3620,1.);
#3620 = DIRECTION('',(1.,0.));
#3621 = ( GEOMETRIC_REPRESENTATION_CONTEXT(2) 
PARAMETRIC_REPRESENTATION_CONTEXT() REPRESENTATION_CONTEXT('2D SPACE',''
  ) );
#3622 = PCURVE('',#2433,#3623);
#3623 = DEFINITIONAL_REPRESENTATION('',(#3624),#3628);
#3624 = LINE('',#3625,#3626);
#3625 = CARTESIAN_POINT('',(0.,0.));
#3626 = VECTOR('',#3627,1.);
#3627 = DIRECTION('',(1.,0.));
#3628 = ( GEOMETRIC_REPRESENTATION_CONTEXT(2) 
PARAMETRIC_REPRESENTATION_CONTEXT() REPRESENTATION_CONTEXT('2D SPACE',''
  ) );
#3629 = ORIENTED_EDGE('',*,*,#3630,.F.);
#3630 = EDGE_CURVE('',#3631,#3607,#3633,.T.);
#3631 = VERTEX_POINT('',#3632);
#3632 = CARTESIAN_POINT('',(16.7,-14.,0.4));
#3633 = SURFACE_CURVE('',#3634,(#3638,#3645),.PCURVE_S1.);
#3634 = LINE('',#3635,#3636);
#3635 = CARTESIAN_POINT('',(16.7,-14.,0.));
#3636 = VECTOR('',#3637,1.);
#3637 = DIRECTION('',(0.,0.,1.));
#3638 = PCURVE('',#633,#3639);
#3639 = DEFINITIONAL_REPRESENTATION('',(#3640),#3644);
#3640 = LINE('',#3641,#3642);
#3641 = CARTESIAN_POINT('',(-6.28318530718,0.));
#3642 = VECTOR('',#3643,1.);
#3643 = DIRECTION('',(0.,-1.));
#3644 = ( GEOMETRIC_REPRESENTATION_CONTEXT(2) 
PARAMETRIC_REPRESENTATION_CONTEXT() REPRESENTATION_CONTEXT('2D SPACE',''
  ) );
#3645 = PCURVE('',#3646,#3651);
#3646 = PLANE('',#3647);
#3647 = AXIS2_PLACEMENT_3D('',#3648,#3649,#3650);
#3648 = CARTESIAN_POINT('',(16.7,-14.,0.));
#3649 = DIRECTION('',(-1.,0.,0.));
#3650 = DIRECTION('',(0.,1.,0.));
#3651 = DEFINITIONAL_REPRESENTATION('',(#3652),#3656);
#3652 = LINE('',#3653,#3654);
#3653 = CARTESIAN_POINT('',(0.,0.));
#3654 = VECTOR('',#3655,1.);
#3655 = DIRECTION('',(0.,-1.));
#3656 = ( GEOMETRIC_REPRESENTATION_CONTEXT(2) 
PARAMETRIC_REPRESENTATION_CONTEXT() REPRESENTATION_CONTEXT('2D SPACE',''
  ) );
#3657 = ORIENTED_EDGE('',*,*,#3658,.T.);
#3658 = EDGE_CURVE('',#3631,#618,#3659,.T.);
#3659 = SURFACE_CURVE('',#3660,(#3665,#3672),.PCURVE_S1.);
#3660 = CIRCLE('',#3661,1.);
#3661 = AXIS2_PLACEMENT_3D('',#3662,#3663,#3664);
#3662 = CARTESIAN_POINT('',(15.7,-14.,0.4));
#3663 = DIRECTION('',(0.,0.,-1.));
#3664 = DIRECTION('',(1.,0.,0.));
#3665 = PCURVE('',#633,#3666);
#3666 = DEFINITIONAL_REPRESENTATION('',(#3667),#3671);
#3667 = LINE('',#3668,#3669);
#3668 = CARTESIAN_POINT('',(-6.28318530718,-0.4));
#3669 = VECTOR('',#3670,1.);
#3670 = DIRECTION('',(1.,0.));
#3671 = ( GEOMETRIC_REPRESENTATION_CONTEXT(2) 
PARAMETRIC_REPRESENTATION_CONTEXT() REPRESENTATION_CONTEXT('2D SPACE',''
  ) );
#3672 = PCURVE('',#1000,#3673);
#3673 = DEFINITIONAL_REPRESENTATION('',(#3674),#3678);
#3674 = LINE('',#3675,#3676);
#3675 = CARTESIAN_POINT('',(0.,0.));
#3676 = VECTOR('',#3677,1.);
#3677 = DIRECTION('',(-1.,0.));
#3678 = ( GEOMETRIC_REPRESENTATION_CONTEXT(2) 
PARAMETRIC_REPRESENTATION_CONTEXT() REPRESENTATION_CONTEXT('2D SPACE',''
  ) );
#3679 = ADVANCED_FACE('',(#3680),#687,.T.);
#3680 = FACE_BOUND('',#3681,.T.);
#3681 = EDGE_LOOP('',(#3682,#3705,#3726,#3745));
#3682 = ORIENTED_EDGE('',*,*,#3683,.F.);
#3683 = EDGE_CURVE('',#3684,#670,#3686,.T.);
#3684 = VERTEX_POINT('',#3685);
#3685 = CARTESIAN_POINT('',(16.7,-8.,0.4));
#3686 = SURFACE_CURVE('',#3687,(#3691,#3698),.PCURVE_S1.);
#3687 = LINE('',#3688,#3689);
#3688 = CARTESIAN_POINT('',(16.566666666667,-7.866666666666,
    0.266666666667));
#3689 = VECTOR('',#3690,1.);
#3690 = DIRECTION('',(-0.57735026919,0.57735026919,-0.57735026919));
#3691 = PCURVE('',#687,#3692);
#3692 = DEFINITIONAL_REPRESENTATION('',(#3693),#3697);
#3693 = LINE('',#3694,#3695);
#3694 = CARTESIAN_POINT('',(-0.133333333333,-9.428090415821E-02));
#3695 = VECTOR('',#3696,1.);
#3696 = DIRECTION('',(-0.57735026919,0.816496580928));
#3697 = ( GEOMETRIC_REPRESENTATION_CONTEXT(2) 
PARAMETRIC_REPRESENTATION_CONTEXT() REPRESENTATION_CONTEXT('2D SPACE',''
  ) );
#3698 = PCURVE('',#715,#3699);
#3699 = DEFINITIONAL_REPRESENTATION('',(#3700),#3704);
#3700 = LINE('',#3701,#3702);
#3701 = CARTESIAN_POINT('',(-0.133333333333,9.428090415821E-02));
#3702 = VECTOR('',#3703,1.);
#3703 = DIRECTION('',(-0.57735026919,-0.816496580928));
#3704 = ( GEOMETRIC_REPRESENTATION_CONTEXT(2) 
PARAMETRIC_REPRESENTATION_CONTEXT() REPRESENTATION_CONTEXT('2D SPACE',''
  ) );
#3705 = ORIENTED_EDGE('',*,*,#3706,.T.);
#3706 = EDGE_CURVE('',#3684,#3631,#3707,.T.);
#3707 = SURFACE_CURVE('',#3708,(#3712,#3719),.PCURVE_S1.);
#3708 = LINE('',#3709,#3710);
#3709 = CARTESIAN_POINT('',(16.7,-8.,0.4));
#3710 = VECTOR('',#3711,1.);
#3711 = DIRECTION('',(0.,-1.,0.));
#3712 = PCURVE('',#687,#3713);
#3713 = DEFINITIONAL_REPRESENTATION('',(#3714),#3718);
#3714 = LINE('',#3715,#3716);
#3715 = CARTESIAN_POINT('',(0.,-0.282842712475));
#3716 = VECTOR('',#3717,1.);
#3717 = DIRECTION('',(1.,0.));
#3718 = ( GEOMETRIC_REPRESENTATION_CONTEXT(2) 
PARAMETRIC_REPRESENTATION_CONTEXT() REPRESENTATION_CONTEXT('2D SPACE',''
  ) );
#3719 = PCURVE('',#3646,#3720);
#3720 = DEFINITIONAL_REPRESENTATION('',(#3721),#3725);
#3721 = LINE('',#3722,#3723);
#3722 = CARTESIAN_POINT('',(6.000000000001,-0.4));
#3723 = VECTOR('',#3724,1.);
#3724 = DIRECTION('',(-1.,0.));
#3725 = ( GEOMETRIC_REPRESENTATION_CONTEXT(2) 
PARAMETRIC_REPRESENTATION_CONTEXT() REPRESENTATION_CONTEXT('2D SPACE',''
  ) );
#3726 = ORIENTED_EDGE('',*,*,#3727,.T.);
#3727 = EDGE_CURVE('',#3631,#672,#3728,.T.);
#3728 = SURFACE_CURVE('',#3729,(#3733,#3739),.PCURVE_S1.);
#3729 = LINE('',#3730,#3731);
#3730 = CARTESIAN_POINT('',(16.5,-14.,0.2));
#3731 = VECTOR('',#3732,1.);
#3732 = DIRECTION('',(-0.707106781187,0.,-0.707106781187));
#3733 = PCURVE('',#687,#3734);
#3734 = DEFINITIONAL_REPRESENTATION('',(#3735),#3738);
#3735 = B_SPLINE_CURVE_WITH_KNOTS('',1,(#3736,#3737),.UNSPECIFIED.,.F.,
  .F.,(2,2),(-0.282842712475,0.282842712475),.PIECEWISE_BEZIER_KNOTS.);
#3736 = CARTESIAN_POINT('',(6.000000000001,-0.282842712475));
#3737 = CARTESIAN_POINT('',(6.000000000001,0.282842712475));
#3738 = ( GEOMETRIC_REPRESENTATION_CONTEXT(2) 
PARAMETRIC_REPRESENTATION_CONTEXT() REPRESENTATION_CONTEXT('2D SPACE',''
  ) );
#3739 = PCURVE('',#1000,#3740);
#3740 = DEFINITIONAL_REPRESENTATION('',(#3741),#3744);
#3741 = B_SPLINE_CURVE_WITH_KNOTS('',1,(#3742,#3743),.UNSPECIFIED.,.F.,
  .F.,(2,2),(-0.282842712475,0.282842712475),.PIECEWISE_BEZIER_KNOTS.);
#3742 = CARTESIAN_POINT('',(0.,0.));
#3743 = CARTESIAN_POINT('',(0.,-0.4));
#3744 = ( GEOMETRIC_REPRESENTATION_CONTEXT(2) 
PARAMETRIC_REPRESENTATION_CONTEXT() REPRESENTATION_CONTEXT('2D SPACE',''
  ) );
#3745 = ORIENTED_EDGE('',*,*,#669,.F.);
#3746 = ADVANCED_FACE('',(#3747),#715,.T.);
#3747 = FACE_BOUND('',#3748,.T.);
#3748 = EDGE_LOOP('',(#3749,#3750,#3751,#3772));
#3749 = ORIENTED_EDGE('',*,*,#3683,.T.);
#3750 = ORIENTED_EDGE('',*,*,#699,.T.);
#3751 = ORIENTED_EDGE('',*,*,#3752,.T.);
#3752 = EDGE_CURVE('',#700,#3753,#3755,.T.);
#3753 = VERTEX_POINT('',#3754);
#3754 = CARTESIAN_POINT('',(39.,-8.,0.4));
#3755 = SURFACE_CURVE('',#3756,(#3760,#3766),.PCURVE_S1.);
#3756 = LINE('',#3757,#3758);
#3757 = CARTESIAN_POINT('',(39.,-7.8,0.2));
#3758 = VECTOR('',#3759,1.);
#3759 = DIRECTION('',(0.,-0.707106781187,0.707106781187));
#3760 = PCURVE('',#715,#3761);
#3761 = DEFINITIONAL_REPRESENTATION('',(#3762),#3765);
#3762 = B_SPLINE_CURVE_WITH_KNOTS('',1,(#3763,#3764),.UNSPECIFIED.,.F.,
  .F.,(2,2),(-0.282842712475,0.282842712475),.PIECEWISE_BEZIER_KNOTS.);
#3763 = CARTESIAN_POINT('',(22.3,-0.282842712475));
#3764 = CARTESIAN_POINT('',(22.3,0.282842712475));
#3765 = ( GEOMETRIC_REPRESENTATION_CONTEXT(2) 
PARAMETRIC_REPRESENTATION_CONTEXT() REPRESENTATION_CONTEXT('2D SPACE',''
  ) );
#3766 = PCURVE('',#744,#3767);
#3767 = DEFINITIONAL_REPRESENTATION('',(#3768),#3771);
#3768 = B_SPLINE_CURVE_WITH_KNOTS('',1,(#3769,#3770),.UNSPECIFIED.,.F.,
  .F.,(2,2),(-0.282842712475,0.282842712475),.PIECEWISE_BEZIER_KNOTS.);
#3769 = CARTESIAN_POINT('',(0.,-0.4));
#3770 = CARTESIAN_POINT('',(0.,-2.355138688026E-16));
#3771 = ( GEOMETRIC_REPRESENTATION_CONTEXT(2) 
PARAMETRIC_REPRESENTATION_CONTEXT() REPRESENTATION_CONTEXT('2D SPACE',''
  ) );
#3772 = ORIENTED_EDGE('',*,*,#3773,.F.);
#3773 = EDGE_CURVE('',#3684,#3753,#3774,.T.);
#3774 = SURFACE_CURVE('',#3775,(#3779,#3786),.PCURVE_S1.);
#3775 = LINE('',#3776,#3777);
#3776 = CARTESIAN_POINT('',(16.7,-8.,0.4));
#3777 = VECTOR('',#3778,1.);
#3778 = DIRECTION('',(1.,0.,0.));
#3779 = PCURVE('',#715,#3780);
#3780 = DEFINITIONAL_REPRESENTATION('',(#3781),#3785);
#3781 = LINE('',#3782,#3783);
#3782 = CARTESIAN_POINT('',(0.,0.282842712475));
#3783 = VECTOR('',#3784,1.);
#3784 = DIRECTION('',(1.,0.));
#3785 = ( GEOMETRIC_REPRESENTATION_CONTEXT(2) 
PARAMETRIC_REPRESENTATION_CONTEXT() REPRESENTATION_CONTEXT('2D SPACE',''
  ) );
#3786 = PCURVE('',#3787,#3792);
#3787 = PLANE('',#3788);
#3788 = AXIS2_PLACEMENT_3D('',#3789,#3790,#3791);
#3789 = CARTESIAN_POINT('',(15.,-8.,0.));
#3790 = DIRECTION('',(0.,1.,0.));
#3791 = DIRECTION('',(1.,0.,0.));
#3792 = DEFINITIONAL_REPRESENTATION('',(#3793),#3797);
#3793 = LINE('',#3794,#3795);
#3794 = CARTESIAN_POINT('',(1.7,-0.4));
#3795 = VECTOR('',#3796,1.);
#3796 = DIRECTION('',(1.,0.));
#3797 = ( GEOMETRIC_REPRESENTATION_CONTEXT(2) 
PARAMETRIC_REPRESENTATION_CONTEXT() REPRESENTATION_CONTEXT('2D SPACE',''
  ) );
#3798 = ADVANCED_FACE('',(#3799),#1000,.T.);
#3799 = FACE_BOUND('',#3800,.T.);
#3800 = EDGE_LOOP('',(#3801,#3802,#3803,#3804));
#3801 = ORIENTED_EDGE('',*,*,#3727,.F.);
#3802 = ORIENTED_EDGE('',*,*,#3658,.T.);
#3803 = ORIENTED_EDGE('',*,*,#3555,.T.);
#3804 = ORIENTED_EDGE('',*,*,#981,.F.);
#3805 = ADVANCED_FACE('',(#3806),#744,.T.);
#3806 = FACE_BOUND('',#3807,.T.);
#3807 = EDGE_LOOP('',(#3808,#3809,#3810,#3831));
#3808 = ORIENTED_EDGE('',*,*,#3752,.F.);
#3809 = ORIENTED_EDGE('',*,*,#727,.T.);
#3810 = ORIENTED_EDGE('',*,*,#3811,.T.);
#3811 = EDGE_CURVE('',#728,#3812,#3814,.T.);
#3812 = VERTEX_POINT('',#3813);
#3813 = CARTESIAN_POINT('',(40.,-7.,0.4));
#3814 = SURFACE_CURVE('',#3815,(#3819,#3825),.PCURVE_S1.);
#3815 = LINE('',#3816,#3817);
#3816 = CARTESIAN_POINT('',(40.,-7.,0.4));
#3817 = VECTOR('',#3818,1.);
#3818 = DIRECTION('',(0.707106781187,-4.329780281177E-17,0.707106781187)
  );
#3819 = PCURVE('',#744,#3820);
#3820 = DEFINITIONAL_REPRESENTATION('',(#3821),#3824);
#3821 = B_SPLINE_CURVE_WITH_KNOTS('',1,(#3822,#3823),.UNSPECIFIED.,.F.,
  .F.,(2,2),(-0.565685424949,0.),.PIECEWISE_BEZIER_KNOTS.);
#3822 = CARTESIAN_POINT('',(1.570796326795,-0.4));
#3823 = CARTESIAN_POINT('',(1.570796326795,0.));
#3824 = ( GEOMETRIC_REPRESENTATION_CONTEXT(2) 
PARAMETRIC_REPRESENTATION_CONTEXT() REPRESENTATION_CONTEXT('2D SPACE',''
  ) );
#3825 = PCURVE('',#772,#3826);
#3826 = DEFINITIONAL_REPRESENTATION('',(#3827),#3830);
#3827 = B_SPLINE_CURVE_WITH_KNOTS('',1,(#3828,#3829),.UNSPECIFIED.,.F.,
  .F.,(2,2),(-0.565685424949,0.),.PIECEWISE_BEZIER_KNOTS.);
#3828 = CARTESIAN_POINT('',(0.,-0.282842712475));
#3829 = CARTESIAN_POINT('',(0.,0.282842712475));
#3830 = ( GEOMETRIC_REPRESENTATION_CONTEXT(2) 
PARAMETRIC_REPRESENTATION_CONTEXT() REPRESENTATION_CONTEXT('2D SPACE',''
  ) );
#3831 = ORIENTED_EDGE('',*,*,#3832,.F.);
#3832 = EDGE_CURVE('',#3753,#3812,#3833,.T.);
#3833 = SURFACE_CURVE('',#3834,(#3839,#3846),.PCURVE_S1.);
#3834 = CIRCLE('',#3835,1.);
#3835 = AXIS2_PLACEMENT_3D('',#3836,#3837,#3838);
#3836 = CARTESIAN_POINT('',(39.,-7.,0.4));
#3837 = DIRECTION('',(0.,0.,1.));
#3838 = DIRECTION('',(0.,-1.,0.));
#3839 = PCURVE('',#744,#3840);
#3840 = DEFINITIONAL_REPRESENTATION('',(#3841),#3845);
#3841 = LINE('',#3842,#3843);
#3842 = CARTESIAN_POINT('',(0.,0.));
#3843 = VECTOR('',#3844,1.);
#3844 = DIRECTION('',(1.,0.));
#3845 = ( GEOMETRIC_REPRESENTATION_CONTEXT(2) 
PARAMETRIC_REPRESENTATION_CONTEXT() REPRESENTATION_CONTEXT('2D SPACE',''
  ) );
#3846 = PCURVE('',#3847,#3852);
#3847 = CYLINDRICAL_SURFACE('',#3848,1.);
#3848 = AXIS2_PLACEMENT_3D('',#3849,#3850,#3851);
#3849 = CARTESIAN_POINT('',(39.,-7.,0.));
#3850 = DIRECTION('',(0.,0.,-1.));
#3851 = DIRECTION('',(-1.,0.,0.));
#3852 = DEFINITIONAL_REPRESENTATION('',(#3853),#3857);
#3853 = LINE('',#3854,#3855);
#3854 = CARTESIAN_POINT('',(4.712388980385,-0.4));
#3855 = VECTOR('',#3856,1.);
#3856 = DIRECTION('',(-1.,0.));
#3857 = ( GEOMETRIC_REPRESENTATION_CONTEXT(2) 
PARAMETRIC_REPRESENTATION_CONTEXT() REPRESENTATION_CONTEXT('2D SPACE',''
  ) );
#3858 = ADVANCED_FACE('',(#3859),#772,.T.);
#3859 = FACE_BOUND('',#3860,.T.);
#3860 = EDGE_LOOP('',(#3861,#3862,#3863,#3884));
#3861 = ORIENTED_EDGE('',*,*,#3811,.F.);
#3862 = ORIENTED_EDGE('',*,*,#756,.T.);
#3863 = ORIENTED_EDGE('',*,*,#3864,.T.);
#3864 = EDGE_CURVE('',#757,#3865,#3867,.T.);
#3865 = VERTEX_POINT('',#3866);
#3866 = CARTESIAN_POINT('',(40.,6.999999998418,0.4));
#3867 = SURFACE_CURVE('',#3868,(#3872,#3878),.PCURVE_S1.);
#3868 = LINE('',#3869,#3870);
#3869 = CARTESIAN_POINT('',(39.8,6.999999998418,0.2));
#3870 = VECTOR('',#3871,1.);
#3871 = DIRECTION('',(0.707106781187,0.,0.707106781187));
#3872 = PCURVE('',#772,#3873);
#3873 = DEFINITIONAL_REPRESENTATION('',(#3874),#3877);
#3874 = B_SPLINE_CURVE_WITH_KNOTS('',1,(#3875,#3876),.UNSPECIFIED.,.F.,
  .F.,(2,2),(-0.282842712475,0.282842712475),.PIECEWISE_BEZIER_KNOTS.);
#3875 = CARTESIAN_POINT('',(13.999999998418,-0.282842712475));
#3876 = CARTESIAN_POINT('',(13.999999998418,0.282842712475));
#3877 = ( GEOMETRIC_REPRESENTATION_CONTEXT(2) 
PARAMETRIC_REPRESENTATION_CONTEXT() REPRESENTATION_CONTEXT('2D SPACE',''
  ) );
#3878 = PCURVE('',#801,#3879);
#3879 = DEFINITIONAL_REPRESENTATION('',(#3880),#3883);
#3880 = B_SPLINE_CURVE_WITH_KNOTS('',1,(#3881,#3882),.UNSPECIFIED.,.F.,
  .F.,(2,2),(-0.282842712475,0.282842712475),.PIECEWISE_BEZIER_KNOTS.);
#3881 = CARTESIAN_POINT('',(0.,-0.4));
#3882 = CARTESIAN_POINT('',(0.,-3.37569878617E-15));
#3883 = ( GEOMETRIC_REPRESENTATION_CONTEXT(2) 
PARAMETRIC_REPRESENTATION_CONTEXT() REPRESENTATION_CONTEXT('2D SPACE',''
  ) );
#3884 = ORIENTED_EDGE('',*,*,#3885,.F.);
#3885 = EDGE_CURVE('',#3812,#3865,#3886,.T.);
#3886 = SURFACE_CURVE('',#3887,(#3891,#3898),.PCURVE_S1.);
#3887 = LINE('',#3888,#3889);
#3888 = CARTESIAN_POINT('',(40.,-7.,0.4));
#3889 = VECTOR('',#3890,1.);
#3890 = DIRECTION('',(0.,1.,0.));
#3891 = PCURVE('',#772,#3892);
#3892 = DEFINITIONAL_REPRESENTATION('',(#3893),#3897);
#3893 = LINE('',#3894,#3895);
#3894 = CARTESIAN_POINT('',(0.,0.282842712475));
#3895 = VECTOR('',#3896,1.);
#3896 = DIRECTION('',(1.,0.));
#3897 = ( GEOMETRIC_REPRESENTATION_CONTEXT(2) 
PARAMETRIC_REPRESENTATION_CONTEXT() REPRESENTATION_CONTEXT('2D SPACE',''
  ) );
#3898 = PCURVE('',#3899,#3904);
#3899 = PLANE('',#3900);
#3900 = AXIS2_PLACEMENT_3D('',#3901,#3902,#3903);
#3901 = CARTESIAN_POINT('',(40.,-7.,0.));
#3902 = DIRECTION('',(-1.,0.,0.));
#3903 = DIRECTION('',(0.,1.,0.));
#3904 = DEFINITIONAL_REPRESENTATION('',(#3905),#3909);
#3905 = LINE('',#3906,#3907);
#3906 = CARTESIAN_POINT('',(0.,-0.4));
#3907 = VECTOR('',#3908,1.);
#3908 = DIRECTION('',(1.,0.));
#3909 = ( GEOMETRIC_REPRESENTATION_CONTEXT(2) 
PARAMETRIC_REPRESENTATION_CONTEXT() REPRESENTATION_CONTEXT('2D SPACE',''
  ) );
#3910 = ADVANCED_FACE('',(#3911),#801,.T.);
#3911 = FACE_BOUND('',#3912,.T.);
#3912 = EDGE_LOOP('',(#3913,#3914,#3915,#3936));
#3913 = ORIENTED_EDGE('',*,*,#3864,.F.);
#3914 = ORIENTED_EDGE('',*,*,#784,.T.);
#3915 = ORIENTED_EDGE('',*,*,#3916,.T.);
#3916 = EDGE_CURVE('',#785,#3917,#3919,.T.);
#3917 = VERTEX_POINT('',#3918);
#3918 = CARTESIAN_POINT('',(39.,7.999999998418,0.4));
#3919 = SURFACE_CURVE('',#3920,(#3924,#3930),.PCURVE_S1.);
#3920 = LINE('',#3921,#3922);
#3921 = CARTESIAN_POINT('',(39.,7.999999998418,0.4));
#3922 = VECTOR('',#3923,1.);
#3923 = DIRECTION('',(4.329780281177E-17,0.707106781187,0.707106781187)
  );
#3924 = PCURVE('',#801,#3925);
#3925 = DEFINITIONAL_REPRESENTATION('',(#3926),#3929);
#3926 = B_SPLINE_CURVE_WITH_KNOTS('',1,(#3927,#3928),.UNSPECIFIED.,.F.,
  .F.,(2,2),(-0.565685424949,0.),.PIECEWISE_BEZIER_KNOTS.);
#3927 = CARTESIAN_POINT('',(1.570796326795,-0.4));
#3928 = CARTESIAN_POINT('',(1.570796326795,0.));
#3929 = ( GEOMETRIC_REPRESENTATION_CONTEXT(2) 
PARAMETRIC_REPRESENTATION_CONTEXT() REPRESENTATION_CONTEXT('2D SPACE',''
  ) );
#3930 = PCURVE('',#829,#3931);
#3931 = DEFINITIONAL_REPRESENTATION('',(#3932),#3935);
#3932 = B_SPLINE_CURVE_WITH_KNOTS('',1,(#3933,#3934),.UNSPECIFIED.,.F.,
  .F.,(2,2),(-0.565685424949,0.),.PIECEWISE_BEZIER_KNOTS.);
#3933 = CARTESIAN_POINT('',(0.,-0.282842712475));
#3934 = CARTESIAN_POINT('',(0.,0.282842712475));
#3935 = ( GEOMETRIC_REPRESENTATION_CONTEXT(2) 
PARAMETRIC_REPRESENTATION_CONTEXT() REPRESENTATION_CONTEXT('2D SPACE',''
  ) );
#3936 = ORIENTED_EDGE('',*,*,#3937,.F.);
#3937 = EDGE_CURVE('',#3865,#3917,#3938,.T.);
#3938 = SURFACE_CURVE('',#3939,(#3944,#3951),.PCURVE_S1.);
#3939 = CIRCLE('',#3940,1.);
#3940 = AXIS2_PLACEMENT_3D('',#3941,#3942,#3943);
#3941 = CARTESIAN_POINT('',(39.,6.999999998418,0.4));
#3942 = DIRECTION('',(0.,0.,1.));
#3943 = DIRECTION('',(1.,0.,0.));
#3944 = PCURVE('',#801,#3945);
#3945 = DEFINITIONAL_REPRESENTATION('',(#3946),#3950);
#3946 = LINE('',#3947,#3948);
#3947 = CARTESIAN_POINT('',(0.,0.));
#3948 = VECTOR('',#3949,1.);
#3949 = DIRECTION('',(1.,0.));
#3950 = ( GEOMETRIC_REPRESENTATION_CONTEXT(2) 
PARAMETRIC_REPRESENTATION_CONTEXT() REPRESENTATION_CONTEXT('2D SPACE',''
  ) );
#3951 = PCURVE('',#3952,#3957);
#3952 = CYLINDRICAL_SURFACE('',#3953,1.);
#3953 = AXIS2_PLACEMENT_3D('',#3954,#3955,#3956);
#3954 = CARTESIAN_POINT('',(39.,6.999999998418,0.));
#3955 = DIRECTION('',(0.,0.,-1.));
#3956 = DIRECTION('',(-1.,0.,0.));
#3957 = DEFINITIONAL_REPRESENTATION('',(#3958),#3962);
#3958 = LINE('',#3959,#3960);
#3959 = CARTESIAN_POINT('',(3.14159265359,-0.4));
#3960 = VECTOR('',#3961,1.);
#3961 = DIRECTION('',(-1.,0.));
#3962 = ( GEOMETRIC_REPRESENTATION_CONTEXT(2) 
PARAMETRIC_REPRESENTATION_CONTEXT() REPRESENTATION_CONTEXT('2D SPACE',''
  ) );
#3963 = ADVANCED_FACE('',(#3964),#829,.F.);
#3964 = FACE_BOUND('',#3965,.T.);
#3965 = EDGE_LOOP('',(#3966,#3967,#3968,#3991));
#3966 = ORIENTED_EDGE('',*,*,#3916,.F.);
#3967 = ORIENTED_EDGE('',*,*,#813,.T.);
#3968 = ORIENTED_EDGE('',*,*,#3969,.F.);
#3969 = EDGE_CURVE('',#3970,#814,#3972,.T.);
#3970 = VERTEX_POINT('',#3971);
#3971 = CARTESIAN_POINT('',(16.7,8.,0.4));
#3972 = SURFACE_CURVE('',#3973,(#3977,#3984),.PCURVE_S1.);
#3973 = LINE('',#3974,#3975);
#3974 = CARTESIAN_POINT('',(21.283333332402,12.583333332403,
    4.983333332402));
#3975 = VECTOR('',#3976,1.);
#3976 = DIRECTION('',(-0.57735026919,-0.57735026919,-0.57735026919));
#3977 = PCURVE('',#829,#3978);
#3978 = DEFINITIONAL_REPRESENTATION('',(#3979),#3983);
#3979 = LINE('',#3980,#3981);
#3980 = CARTESIAN_POINT('',(-17.71666666759,6.764654872035));
#3981 = VECTOR('',#3982,1.);
#3982 = DIRECTION('',(-0.57735026919,-0.816496580928));
#3983 = ( GEOMETRIC_REPRESENTATION_CONTEXT(2) 
PARAMETRIC_REPRESENTATION_CONTEXT() REPRESENTATION_CONTEXT('2D SPACE',''
  ) );
#3984 = PCURVE('',#857,#3985);
#3985 = DEFINITIONAL_REPRESENTATION('',(#3986),#3990);
#3986 = LINE('',#3987,#3988);
#3987 = CARTESIAN_POINT('',(1.416666662012,-6.764654872035));
#3988 = VECTOR('',#3989,1.);
#3989 = DIRECTION('',(0.57735026919,0.816496580928));
#3990 = ( GEOMETRIC_REPRESENTATION_CONTEXT(2) 
PARAMETRIC_REPRESENTATION_CONTEXT() REPRESENTATION_CONTEXT('2D SPACE',''
  ) );
#3991 = ORIENTED_EDGE('',*,*,#3992,.F.);
#3992 = EDGE_CURVE('',#3917,#3970,#3993,.T.);
#3993 = SURFACE_CURVE('',#3994,(#3998,#4005),.PCURVE_S1.);
#3994 = LINE('',#3995,#3996);
#3995 = CARTESIAN_POINT('',(39.,8.,0.4));
#3996 = VECTOR('',#3997,1.);
#3997 = DIRECTION('',(-1.,0.,0.));
#3998 = PCURVE('',#829,#3999);
#3999 = DEFINITIONAL_REPRESENTATION('',(#4000),#4004);
#4000 = LINE('',#4001,#4002);
#4001 = CARTESIAN_POINT('',(0.,0.282842712475));
#4002 = VECTOR('',#4003,1.);
#4003 = DIRECTION('',(-1.,0.));
#4004 = ( GEOMETRIC_REPRESENTATION_CONTEXT(2) 
PARAMETRIC_REPRESENTATION_CONTEXT() REPRESENTATION_CONTEXT('2D SPACE',''
  ) );
#4005 = PCURVE('',#4006,#4011);
#4006 = PLANE('',#4007);
#4007 = AXIS2_PLACEMENT_3D('',#4008,#4009,#4010);
#4008 = CARTESIAN_POINT('',(15.,8.,0.));
#4009 = DIRECTION('',(0.,1.,0.));
#4010 = DIRECTION('',(1.,0.,0.));
#4011 = DEFINITIONAL_REPRESENTATION('',(#4012),#4016);
#4012 = LINE('',#4013,#4014);
#4013 = CARTESIAN_POINT('',(24.,-0.4));
#4014 = VECTOR('',#4015,1.);
#4015 = DIRECTION('',(-1.,0.));
#4016 = ( GEOMETRIC_REPRESENTATION_CONTEXT(2) 
PARAMETRIC_REPRESENTATION_CONTEXT() REPRESENTATION_CONTEXT('2D SPACE',''
  ) );
#4017 = ADVANCED_FACE('',(#4018),#857,.T.);
#4018 = FACE_BOUND('',#4019,.T.);
#4019 = EDGE_LOOP('',(#4020,#4041,#4067,#4068));
#4020 = ORIENTED_EDGE('',*,*,#4021,.F.);
#4021 = EDGE_CURVE('',#4022,#842,#4024,.T.);
#4022 = VERTEX_POINT('',#4023);
#4023 = CARTESIAN_POINT('',(16.7,13.999999994414,0.4));
#4024 = SURFACE_CURVE('',#4025,(#4029,#4035),.PCURVE_S1.);
#4025 = LINE('',#4026,#4027);
#4026 = CARTESIAN_POINT('',(16.7,13.999999994414,0.4));
#4027 = VECTOR('',#4028,1.);
#4028 = DIRECTION('',(-0.707106781187,-4.329780281177E-17,
    -0.707106781187));
#4029 = PCURVE('',#857,#4030);
#4030 = DEFINITIONAL_REPRESENTATION('',(#4031),#4034);
#4031 = B_SPLINE_CURVE_WITH_KNOTS('',1,(#4032,#4033),.UNSPECIFIED.,.F.,
  .F.,(2,2),(0.,0.565685424949),.PIECEWISE_BEZIER_KNOTS.);
#4032 = CARTESIAN_POINT('',(3.552713678801E-15,-0.282842712475));
#4033 = CARTESIAN_POINT('',(3.552713678801E-15,0.282842712475));
#4034 = ( GEOMETRIC_REPRESENTATION_CONTEXT(2) 
PARAMETRIC_REPRESENTATION_CONTEXT() REPRESENTATION_CONTEXT('2D SPACE',''
  ) );
#4035 = PCURVE('',#890,#4036);
#4036 = DEFINITIONAL_REPRESENTATION('',(#4037),#4040);
#4037 = B_SPLINE_CURVE_WITH_KNOTS('',1,(#4038,#4039),.UNSPECIFIED.,.F.,
  .F.,(2,2),(0.,0.565685424949),.PIECEWISE_BEZIER_KNOTS.);
#4038 = CARTESIAN_POINT('',(-1.570796326795,0.));
#4039 = CARTESIAN_POINT('',(-1.570796326795,-0.4));
#4040 = ( GEOMETRIC_REPRESENTATION_CONTEXT(2) 
PARAMETRIC_REPRESENTATION_CONTEXT() REPRESENTATION_CONTEXT('2D SPACE',''
  ) );
#4041 = ORIENTED_EDGE('',*,*,#4042,.T.);
#4042 = EDGE_CURVE('',#4022,#3970,#4043,.T.);
#4043 = SURFACE_CURVE('',#4044,(#4048,#4055),.PCURVE_S1.);
#4044 = LINE('',#4045,#4046);
#4045 = CARTESIAN_POINT('',(16.7,13.999999994414,0.4));
#4046 = VECTOR('',#4047,1.);
#4047 = DIRECTION('',(0.,-1.,0.));
#4048 = PCURVE('',#857,#4049);
#4049 = DEFINITIONAL_REPRESENTATION('',(#4050),#4054);
#4050 = LINE('',#4051,#4052);
#4051 = CARTESIAN_POINT('',(0.,-0.282842712475));
#4052 = VECTOR('',#4053,1.);
#4053 = DIRECTION('',(1.,0.));
#4054 = ( GEOMETRIC_REPRESENTATION_CONTEXT(2) 
PARAMETRIC_REPRESENTATION_CONTEXT() REPRESENTATION_CONTEXT('2D SPACE',''
  ) );
#4055 = PCURVE('',#4056,#4061);
#4056 = PLANE('',#4057);
#4057 = AXIS2_PLACEMENT_3D('',#4058,#4059,#4060);
#4058 = CARTESIAN_POINT('',(16.7,-14.,0.));
#4059 = DIRECTION('',(-1.,0.,0.));
#4060 = DIRECTION('',(0.,1.,0.));
#4061 = DEFINITIONAL_REPRESENTATION('',(#4062),#4066);
#4062 = LINE('',#4063,#4064);
#4063 = CARTESIAN_POINT('',(27.999999994416,-0.4));
#4064 = VECTOR('',#4065,1.);
#4065 = DIRECTION('',(-1.,0.));
#4066 = ( GEOMETRIC_REPRESENTATION_CONTEXT(2) 
PARAMETRIC_REPRESENTATION_CONTEXT() REPRESENTATION_CONTEXT('2D SPACE',''
  ) );
#4067 = ORIENTED_EDGE('',*,*,#3969,.T.);
#4068 = ORIENTED_EDGE('',*,*,#841,.F.);
#4069 = ADVANCED_FACE('',(#4070),#918,.F.);
#4070 = FACE_BOUND('',#4071,.T.);
#4071 = EDGE_LOOP('',(#4072,#4073,#4074,#4093));
#4072 = ORIENTED_EDGE('',*,*,#2079,.F.);
#4073 = ORIENTED_EDGE('',*,*,#3531,.T.);
#4074 = ORIENTED_EDGE('',*,*,#4075,.T.);
#4075 = EDGE_CURVE('',#3504,#870,#4076,.T.);
#4076 = SURFACE_CURVE('',#4077,(#4081,#4087),.PCURVE_S1.);
#4077 = LINE('',#4078,#4079);
#4078 = CARTESIAN_POINT('',(15.7,14.800000000001,0.2));
#4079 = VECTOR('',#4080,1.);
#4080 = DIRECTION('',(0.,-0.707106781187,-0.707106781187));
#4081 = PCURVE('',#918,#4082);
#4082 = DEFINITIONAL_REPRESENTATION('',(#4083),#4086);
#4083 = B_SPLINE_CURVE_WITH_KNOTS('',1,(#4084,#4085),.UNSPECIFIED.,.F.,
  .F.,(2,2),(-0.282842712475,0.282842712475),.PIECEWISE_BEZIER_KNOTS.);
#4084 = CARTESIAN_POINT('',(-31.4,-0.282842712475));
#4085 = CARTESIAN_POINT('',(-31.4,0.282842712475));
#4086 = ( GEOMETRIC_REPRESENTATION_CONTEXT(2) 
PARAMETRIC_REPRESENTATION_CONTEXT() REPRESENTATION_CONTEXT('2D SPACE',''
  ) );
#4087 = PCURVE('',#890,#4088);
#4088 = DEFINITIONAL_REPRESENTATION('',(#4089),#4092);
#4089 = B_SPLINE_CURVE_WITH_KNOTS('',1,(#4090,#4091),.UNSPECIFIED.,.F.,
  .F.,(2,2),(-0.282842712475,0.282842712475),.PIECEWISE_BEZIER_KNOTS.);
#4090 = CARTESIAN_POINT('',(0.,0.));
#4091 = CARTESIAN_POINT('',(0.,-0.4));
#4092 = ( GEOMETRIC_REPRESENTATION_CONTEXT(2) 
PARAMETRIC_REPRESENTATION_CONTEXT() REPRESENTATION_CONTEXT('2D SPACE',''
  ) );
#4093 = ORIENTED_EDGE('',*,*,#902,.F.);
#4094 = ADVANCED_FACE('',(#4095),#890,.T.);
#4095 = FACE_BOUND('',#4096,.T.);
#4096 = EDGE_LOOP('',(#4097,#4098,#4120,#4121));
#4097 = ORIENTED_EDGE('',*,*,#4075,.F.);
#4098 = ORIENTED_EDGE('',*,*,#4099,.T.);
#4099 = EDGE_CURVE('',#3504,#4022,#4100,.T.);
#4100 = SURFACE_CURVE('',#4101,(#4106,#4113),.PCURVE_S1.);
#4101 = CIRCLE('',#4102,1.);
#4102 = AXIS2_PLACEMENT_3D('',#4103,#4104,#4105);
#4103 = CARTESIAN_POINT('',(15.7,13.999999994414,0.4));
#4104 = DIRECTION('',(0.,0.,-1.));
#4105 = DIRECTION('',(0.,1.,0.));
#4106 = PCURVE('',#890,#4107);
#4107 = DEFINITIONAL_REPRESENTATION('',(#4108),#4112);
#4108 = LINE('',#4109,#4110);
#4109 = CARTESIAN_POINT('',(0.,0.));
#4110 = VECTOR('',#4111,1.);
#4111 = DIRECTION('',(-1.,0.));
#4112 = ( GEOMETRIC_REPRESENTATION_CONTEXT(2) 
PARAMETRIC_REPRESENTATION_CONTEXT() REPRESENTATION_CONTEXT('2D SPACE',''
  ) );
#4113 = PCURVE('',#3519,#4114);
#4114 = DEFINITIONAL_REPRESENTATION('',(#4115),#4119);
#4115 = LINE('',#4116,#4117);
#4116 = CARTESIAN_POINT('',(-1.570796326795,-0.4));
#4117 = VECTOR('',#4118,1.);
#4118 = DIRECTION('',(1.,0.));
#4119 = ( GEOMETRIC_REPRESENTATION_CONTEXT(2) 
PARAMETRIC_REPRESENTATION_CONTEXT() REPRESENTATION_CONTEXT('2D SPACE',''
  ) );
#4120 = ORIENTED_EDGE('',*,*,#4021,.T.);
#4121 = ORIENTED_EDGE('',*,*,#869,.F.);
#4122 = ADVANCED_FACE('',(#4123),#1031,.F.);
#4123 = FACE_BOUND('',#4124,.F.);
#4124 = EDGE_LOOP('',(#4125,#4126,#4147,#4148));
#4125 = ORIENTED_EDGE('',*,*,#1014,.T.);
#4126 = ORIENTED_EDGE('',*,*,#4127,.T.);
#4127 = EDGE_CURVE('',#1017,#2512,#4128,.T.);
#4128 = SURFACE_CURVE('',#4129,(#4133,#4140),.PCURVE_S1.);
#4129 = LINE('',#4130,#4131);
#4130 = CARTESIAN_POINT('',(28.4,-5.200000011263,-1.));
#4131 = VECTOR('',#4132,1.);
#4132 = DIRECTION('',(0.,0.,1.));
#4133 = PCURVE('',#1031,#4134);
#4134 = DEFINITIONAL_REPRESENTATION('',(#4135),#4139);
#4135 = LINE('',#4136,#4137);
#4136 = CARTESIAN_POINT('',(0.,0.));
#4137 = VECTOR('',#4138,1.);
#4138 = DIRECTION('',(0.,-1.));
#4139 = ( GEOMETRIC_REPRESENTATION_CONTEXT(2) 
PARAMETRIC_REPRESENTATION_CONTEXT() REPRESENTATION_CONTEXT('2D SPACE',''
  ) );
#4140 = PCURVE('',#1238,#4141);
#4141 = DEFINITIONAL_REPRESENTATION('',(#4142),#4146);
#4142 = LINE('',#4143,#4144);
#4143 = CARTESIAN_POINT('',(6.28318530718,0.));
#4144 = VECTOR('',#4145,1.);
#4145 = DIRECTION('',(0.,-1.));
#4146 = ( GEOMETRIC_REPRESENTATION_CONTEXT(2) 
PARAMETRIC_REPRESENTATION_CONTEXT() REPRESENTATION_CONTEXT('2D SPACE',''
  ) );
#4147 = ORIENTED_EDGE('',*,*,#2509,.F.);
#4148 = ORIENTED_EDGE('',*,*,#4149,.F.);
#4149 = EDGE_CURVE('',#1015,#2510,#4150,.T.);
#4150 = SURFACE_CURVE('',#4151,(#4155,#4162),.PCURVE_S1.);
#4151 = LINE('',#4152,#4153);
#4152 = CARTESIAN_POINT('',(28.4,-3.99999999085,-1.));
#4153 = VECTOR('',#4154,1.);
#4154 = DIRECTION('',(0.,0.,1.));
#4155 = PCURVE('',#1031,#4156);
#4156 = DEFINITIONAL_REPRESENTATION('',(#4157),#4161);
#4157 = LINE('',#4158,#4159);
#4158 = CARTESIAN_POINT('',(1.200000020413,0.));
#4159 = VECTOR('',#4160,1.);
#4160 = DIRECTION('',(0.,-1.));
#4161 = ( GEOMETRIC_REPRESENTATION_CONTEXT(2) 
PARAMETRIC_REPRESENTATION_CONTEXT() REPRESENTATION_CONTEXT('2D SPACE',''
  ) );
#4162 = PCURVE('',#1063,#4163);
#4163 = DEFINITIONAL_REPRESENTATION('',(#4164),#4168);
#4164 = LINE('',#4165,#4166);
#4165 = CARTESIAN_POINT('',(0.,0.));
#4166 = VECTOR('',#4167,1.);
#4167 = DIRECTION('',(0.,-1.));
#4168 = ( GEOMETRIC_REPRESENTATION_CONTEXT(2) 
PARAMETRIC_REPRESENTATION_CONTEXT() REPRESENTATION_CONTEXT('2D SPACE',''
  ) );
#4169 = ADVANCED_FACE('',(#4170),#1063,.F.);
#4170 = FACE_BOUND('',#4171,.F.);
#4171 = EDGE_LOOP('',(#4172,#4173,#4174,#4175));
#4172 = ORIENTED_EDGE('',*,*,#1042,.F.);
#4173 = ORIENTED_EDGE('',*,*,#4149,.T.);
#4174 = ORIENTED_EDGE('',*,*,#2532,.T.);
#4175 = ORIENTED_EDGE('',*,*,#4176,.F.);
#4176 = EDGE_CURVE('',#1043,#2533,#4177,.T.);
#4177 = SURFACE_CURVE('',#4178,(#4182,#4189),.PCURVE_S1.);
#4178 = LINE('',#4179,#4180);
#4179 = CARTESIAN_POINT('',(29.,-3.399999989793,-1.));
#4180 = VECTOR('',#4181,1.);
#4181 = DIRECTION('',(0.,0.,1.));
#4182 = PCURVE('',#1063,#4183);
#4183 = DEFINITIONAL_REPRESENTATION('',(#4184),#4188);
#4184 = LINE('',#4185,#4186);
#4185 = CARTESIAN_POINT('',(1.570796326795,0.));
#4186 = VECTOR('',#4187,1.);
#4187 = DIRECTION('',(0.,-1.));
#4188 = ( GEOMETRIC_REPRESENTATION_CONTEXT(2) 
PARAMETRIC_REPRESENTATION_CONTEXT() REPRESENTATION_CONTEXT('2D SPACE',''
  ) );
#4189 = PCURVE('',#1090,#4190);
#4190 = DEFINITIONAL_REPRESENTATION('',(#4191),#4195);
#4191 = LINE('',#4192,#4193);
#4192 = CARTESIAN_POINT('',(0.,0.));
#4193 = VECTOR('',#4194,1.);
#4194 = DIRECTION('',(0.,-1.));
#4195 = ( GEOMETRIC_REPRESENTATION_CONTEXT(2) 
PARAMETRIC_REPRESENTATION_CONTEXT() REPRESENTATION_CONTEXT('2D SPACE',''
  ) );
#4196 = ADVANCED_FACE('',(#4197),#1238,.F.);
#4197 = FACE_BOUND('',#4198,.F.);
#4198 = EDGE_LOOP('',(#4199,#4200,#4221,#4222));
#4199 = ORIENTED_EDGE('',*,*,#1219,.F.);
#4200 = ORIENTED_EDGE('',*,*,#4201,.T.);
#4201 = EDGE_CURVE('',#1194,#2659,#4202,.T.);
#4202 = SURFACE_CURVE('',#4203,(#4207,#4214),.PCURVE_S1.);
#4203 = LINE('',#4204,#4205);
#4204 = CARTESIAN_POINT('',(29.,-5.8,-1.));
#4205 = VECTOR('',#4206,1.);
#4206 = DIRECTION('',(0.,0.,1.));
#4207 = PCURVE('',#1238,#4208);
#4208 = DEFINITIONAL_REPRESENTATION('',(#4209),#4213);
#4209 = LINE('',#4210,#4211);
#4210 = CARTESIAN_POINT('',(4.712388980385,0.));
#4211 = VECTOR('',#4212,1.);
#4212 = DIRECTION('',(0.,-1.));
#4213 = ( GEOMETRIC_REPRESENTATION_CONTEXT(2) 
PARAMETRIC_REPRESENTATION_CONTEXT() REPRESENTATION_CONTEXT('2D SPACE',''
  ) );
#4214 = PCURVE('',#1208,#4215);
#4215 = DEFINITIONAL_REPRESENTATION('',(#4216),#4220);
#4216 = LINE('',#4217,#4218);
#4217 = CARTESIAN_POINT('',(0.,0.));
#4218 = VECTOR('',#4219,1.);
#4219 = DIRECTION('',(0.,-1.));
#4220 = ( GEOMETRIC_REPRESENTATION_CONTEXT(2) 
PARAMETRIC_REPRESENTATION_CONTEXT() REPRESENTATION_CONTEXT('2D SPACE',''
  ) );
#4221 = ORIENTED_EDGE('',*,*,#2679,.T.);
#4222 = ORIENTED_EDGE('',*,*,#4127,.F.);
#4223 = ADVANCED_FACE('',(#4224),#1090,.F.);
#4224 = FACE_BOUND('',#4225,.F.);
#4225 = EDGE_LOOP('',(#4226,#4227,#4228,#4229));
#4226 = ORIENTED_EDGE('',*,*,#1075,.T.);
#4227 = ORIENTED_EDGE('',*,*,#4176,.T.);
#4228 = ORIENTED_EDGE('',*,*,#2560,.F.);
#4229 = ORIENTED_EDGE('',*,*,#4230,.F.);
#4230 = EDGE_CURVE('',#1076,#2561,#4231,.T.);
#4231 = SURFACE_CURVE('',#4232,(#4236,#4243),.PCURVE_S1.);
#4232 = LINE('',#4233,#4234);
#4233 = CARTESIAN_POINT('',(31.,-3.399999989793,-1.));
#4234 = VECTOR('',#4235,1.);
#4235 = DIRECTION('',(0.,0.,1.));
#4236 = PCURVE('',#1090,#4237);
#4237 = DEFINITIONAL_REPRESENTATION('',(#4238),#4242);
#4238 = LINE('',#4239,#4240);
#4239 = CARTESIAN_POINT('',(2.,0.));
#4240 = VECTOR('',#4241,1.);
#4241 = DIRECTION('',(0.,-1.));
#4242 = ( GEOMETRIC_REPRESENTATION_CONTEXT(2) 
PARAMETRIC_REPRESENTATION_CONTEXT() REPRESENTATION_CONTEXT('2D SPACE',''
  ) );
#4243 = PCURVE('',#1122,#4244);
#4244 = DEFINITIONAL_REPRESENTATION('',(#4245),#4249);
#4245 = LINE('',#4246,#4247);
#4246 = CARTESIAN_POINT('',(1.570796326795,0.));
#4247 = VECTOR('',#4248,1.);
#4248 = DIRECTION('',(0.,-1.));
#4249 = ( GEOMETRIC_REPRESENTATION_CONTEXT(2) 
PARAMETRIC_REPRESENTATION_CONTEXT() REPRESENTATION_CONTEXT('2D SPACE',''
  ) );
#4250 = ADVANCED_FACE('',(#4251),#1208,.T.);
#4251 = FACE_BOUND('',#4252,.T.);
#4252 = EDGE_LOOP('',(#4253,#4254,#4255,#4256));
#4253 = ORIENTED_EDGE('',*,*,#1193,.T.);
#4254 = ORIENTED_EDGE('',*,*,#4201,.T.);
#4255 = ORIENTED_EDGE('',*,*,#2658,.F.);
#4256 = ORIENTED_EDGE('',*,*,#4257,.F.);
#4257 = EDGE_CURVE('',#1161,#2631,#4258,.T.);
#4258 = SURFACE_CURVE('',#4259,(#4263,#4270),.PCURVE_S1.);
#4259 = LINE('',#4260,#4261);
#4260 = CARTESIAN_POINT('',(31.,-5.8,-1.));
#4261 = VECTOR('',#4262,1.);
#4262 = DIRECTION('',(0.,0.,1.));
#4263 = PCURVE('',#1208,#4264);
#4264 = DEFINITIONAL_REPRESENTATION('',(#4265),#4269);
#4265 = LINE('',#4266,#4267);
#4266 = CARTESIAN_POINT('',(2.,0.));
#4267 = VECTOR('',#4268,1.);
#4268 = DIRECTION('',(0.,-1.));
#4269 = ( GEOMETRIC_REPRESENTATION_CONTEXT(2) 
PARAMETRIC_REPRESENTATION_CONTEXT() REPRESENTATION_CONTEXT('2D SPACE',''
  ) );
#4270 = PCURVE('',#1181,#4271);
#4271 = DEFINITIONAL_REPRESENTATION('',(#4272),#4276);
#4272 = LINE('',#4273,#4274);
#4273 = CARTESIAN_POINT('',(4.712388980385,0.));
#4274 = VECTOR('',#4275,1.);
#4275 = DIRECTION('',(0.,-1.));
#4276 = ( GEOMETRIC_REPRESENTATION_CONTEXT(2) 
PARAMETRIC_REPRESENTATION_CONTEXT() REPRESENTATION_CONTEXT('2D SPACE',''
  ) );
#4277 = ADVANCED_FACE('',(#4278),#1122,.F.);
#4278 = FACE_BOUND('',#4279,.F.);
#4279 = EDGE_LOOP('',(#4280,#4281,#4282,#4283));
#4280 = ORIENTED_EDGE('',*,*,#1101,.F.);
#4281 = ORIENTED_EDGE('',*,*,#4230,.T.);
#4282 = ORIENTED_EDGE('',*,*,#2581,.T.);
#4283 = ORIENTED_EDGE('',*,*,#4284,.F.);
#4284 = EDGE_CURVE('',#1102,#2582,#4285,.T.);
#4285 = SURFACE_CURVE('',#4286,(#4290,#4297),.PCURVE_S1.);
#4286 = LINE('',#4287,#4288);
#4287 = CARTESIAN_POINT('',(31.6,-3.99999999085,-1.));
#4288 = VECTOR('',#4289,1.);
#4289 = DIRECTION('',(0.,0.,1.));
#4290 = PCURVE('',#1122,#4291);
#4291 = DEFINITIONAL_REPRESENTATION('',(#4292),#4296);
#4292 = LINE('',#4293,#4294);
#4293 = CARTESIAN_POINT('',(3.14159265359,0.));
#4294 = VECTOR('',#4295,1.);
#4295 = DIRECTION('',(0.,-1.));
#4296 = ( GEOMETRIC_REPRESENTATION_CONTEXT(2) 
PARAMETRIC_REPRESENTATION_CONTEXT() REPRESENTATION_CONTEXT('2D SPACE',''
  ) );
#4297 = PCURVE('',#1149,#4298);
#4298 = DEFINITIONAL_REPRESENTATION('',(#4299),#4303);
#4299 = LINE('',#4300,#4301);
#4300 = CARTESIAN_POINT('',(1.200000020413,0.));
#4301 = VECTOR('',#4302,1.);
#4302 = DIRECTION('',(0.,-1.));
#4303 = ( GEOMETRIC_REPRESENTATION_CONTEXT(2) 
PARAMETRIC_REPRESENTATION_CONTEXT() REPRESENTATION_CONTEXT('2D SPACE',''
  ) );
#4304 = ADVANCED_FACE('',(#4305),#1181,.F.);
#4305 = FACE_BOUND('',#4306,.F.);
#4306 = EDGE_LOOP('',(#4307,#4308,#4329,#4330));
#4307 = ORIENTED_EDGE('',*,*,#1160,.F.);
#4308 = ORIENTED_EDGE('',*,*,#4309,.T.);
#4309 = EDGE_CURVE('',#1135,#2610,#4310,.T.);
#4310 = SURFACE_CURVE('',#4311,(#4315,#4322),.PCURVE_S1.);
#4311 = LINE('',#4312,#4313);
#4312 = CARTESIAN_POINT('',(31.6,-5.200000011263,-1.));
#4313 = VECTOR('',#4314,1.);
#4314 = DIRECTION('',(0.,0.,1.));
#4315 = PCURVE('',#1181,#4316);
#4316 = DEFINITIONAL_REPRESENTATION('',(#4317),#4321);
#4317 = LINE('',#4318,#4319);
#4318 = CARTESIAN_POINT('',(3.14159265359,0.));
#4319 = VECTOR('',#4320,1.);
#4320 = DIRECTION('',(0.,-1.));
#4321 = ( GEOMETRIC_REPRESENTATION_CONTEXT(2) 
PARAMETRIC_REPRESENTATION_CONTEXT() REPRESENTATION_CONTEXT('2D SPACE',''
  ) );
#4322 = PCURVE('',#1149,#4323);
#4323 = DEFINITIONAL_REPRESENTATION('',(#4324),#4328);
#4324 = LINE('',#4325,#4326);
#4325 = CARTESIAN_POINT('',(0.,0.));
#4326 = VECTOR('',#4327,1.);
#4327 = DIRECTION('',(0.,-1.));
#4328 = ( GEOMETRIC_REPRESENTATION_CONTEXT(2) 
PARAMETRIC_REPRESENTATION_CONTEXT() REPRESENTATION_CONTEXT('2D SPACE',''
  ) );
#4329 = ORIENTED_EDGE('',*,*,#2630,.T.);
#4330 = ORIENTED_EDGE('',*,*,#4257,.F.);
#4331 = ADVANCED_FACE('',(#4332),#1149,.T.);
#4332 = FACE_BOUND('',#4333,.T.);
#4333 = EDGE_LOOP('',(#4334,#4335,#4336,#4337));
#4334 = ORIENTED_EDGE('',*,*,#1134,.T.);
#4335 = ORIENTED_EDGE('',*,*,#4309,.T.);
#4336 = ORIENTED_EDGE('',*,*,#2609,.F.);
#4337 = ORIENTED_EDGE('',*,*,#4284,.F.);
#4338 = ADVANCED_FACE('',(#4339),#1269,.F.);
#4339 = FACE_BOUND('',#4340,.F.);
#4340 = EDGE_LOOP('',(#4341,#4342,#4363,#4364));
#4341 = ORIENTED_EDGE('',*,*,#1252,.T.);
#4342 = ORIENTED_EDGE('',*,*,#4343,.T.);
#4343 = EDGE_CURVE('',#1255,#2710,#4344,.T.);
#4344 = SURFACE_CURVE('',#4345,(#4349,#4356),.PCURVE_S1.);
#4345 = LINE('',#4346,#4347);
#4346 = CARTESIAN_POINT('',(34.4,-5.200000011263,-1.));
#4347 = VECTOR('',#4348,1.);
#4348 = DIRECTION('',(0.,0.,1.));
#4349 = PCURVE('',#1269,#4350);
#4350 = DEFINITIONAL_REPRESENTATION('',(#4351),#4355);
#4351 = LINE('',#4352,#4353);
#4352 = CARTESIAN_POINT('',(-1.110223024625E-16,0.));
#4353 = VECTOR('',#4354,1.);
#4354 = DIRECTION('',(0.,-1.));
#4355 = ( GEOMETRIC_REPRESENTATION_CONTEXT(2) 
PARAMETRIC_REPRESENTATION_CONTEXT() REPRESENTATION_CONTEXT('2D SPACE',''
  ) );
#4356 = PCURVE('',#1476,#4357);
#4357 = DEFINITIONAL_REPRESENTATION('',(#4358),#4362);
#4358 = LINE('',#4359,#4360);
#4359 = CARTESIAN_POINT('',(6.28318530718,0.));
#4360 = VECTOR('',#4361,1.);
#4361 = DIRECTION('',(0.,-1.));
#4362 = ( GEOMETRIC_REPRESENTATION_CONTEXT(2) 
PARAMETRIC_REPRESENTATION_CONTEXT() REPRESENTATION_CONTEXT('2D SPACE',''
  ) );
#4363 = ORIENTED_EDGE('',*,*,#2707,.F.);
#4364 = ORIENTED_EDGE('',*,*,#4365,.F.);
#4365 = EDGE_CURVE('',#1253,#2708,#4366,.T.);
#4366 = SURFACE_CURVE('',#4367,(#4371,#4378),.PCURVE_S1.);
#4367 = LINE('',#4368,#4369);
#4368 = CARTESIAN_POINT('',(34.4,-3.99999999085,-1.));
#4369 = VECTOR('',#4370,1.);
#4370 = DIRECTION('',(0.,0.,1.));
#4371 = PCURVE('',#1269,#4372);
#4372 = DEFINITIONAL_REPRESENTATION('',(#4373),#4377);
#4373 = LINE('',#4374,#4375);
#4374 = CARTESIAN_POINT('',(1.200000020413,0.));
#4375 = VECTOR('',#4376,1.);
#4376 = DIRECTION('',(0.,-1.));
#4377 = ( GEOMETRIC_REPRESENTATION_CONTEXT(2) 
PARAMETRIC_REPRESENTATION_CONTEXT() REPRESENTATION_CONTEXT('2D SPACE',''
  ) );
#4378 = PCURVE('',#1301,#4379);
#4379 = DEFINITIONAL_REPRESENTATION('',(#4380),#4384);
#4380 = LINE('',#4381,#4382);
#4381 = CARTESIAN_POINT('',(0.,0.));
#4382 = VECTOR('',#4383,1.);
#4383 = DIRECTION('',(0.,-1.));
#4384 = ( GEOMETRIC_REPRESENTATION_CONTEXT(2) 
PARAMETRIC_REPRESENTATION_CONTEXT() REPRESENTATION_CONTEXT('2D SPACE',''
  ) );
#4385 = ADVANCED_FACE('',(#4386),#1301,.F.);
#4386 = FACE_BOUND('',#4387,.F.);
#4387 = EDGE_LOOP('',(#4388,#4389,#4390,#4391));
#4388 = ORIENTED_EDGE('',*,*,#1280,.F.);
#4389 = ORIENTED_EDGE('',*,*,#4365,.T.);
#4390 = ORIENTED_EDGE('',*,*,#2730,.T.);
#4391 = ORIENTED_EDGE('',*,*,#4392,.F.);
#4392 = EDGE_CURVE('',#1281,#2731,#4393,.T.);
#4393 = SURFACE_CURVE('',#4394,(#4398,#4405),.PCURVE_S1.);
#4394 = LINE('',#4395,#4396);
#4395 = CARTESIAN_POINT('',(35.,-3.399999989793,-1.));
#4396 = VECTOR('',#4397,1.);
#4397 = DIRECTION('',(0.,0.,1.));
#4398 = PCURVE('',#1301,#4399);
#4399 = DEFINITIONAL_REPRESENTATION('',(#4400),#4404);
#4400 = LINE('',#4401,#4402);
#4401 = CARTESIAN_POINT('',(1.570796326795,0.));
#4402 = VECTOR('',#4403,1.);
#4403 = DIRECTION('',(0.,-1.));
#4404 = ( GEOMETRIC_REPRESENTATION_CONTEXT(2) 
PARAMETRIC_REPRESENTATION_CONTEXT() REPRESENTATION_CONTEXT('2D SPACE',''
  ) );
#4405 = PCURVE('',#1328,#4406);
#4406 = DEFINITIONAL_REPRESENTATION('',(#4407),#4411);
#4407 = LINE('',#4408,#4409);
#4408 = CARTESIAN_POINT('',(0.,0.));
#4409 = VECTOR('',#4410,1.);
#4410 = DIRECTION('',(0.,-1.));
#4411 = ( GEOMETRIC_REPRESENTATION_CONTEXT(2) 
PARAMETRIC_REPRESENTATION_CONTEXT() REPRESENTATION_CONTEXT('2D SPACE',''
  ) );
#4412 = ADVANCED_FACE('',(#4413),#1476,.F.);
#4413 = FACE_BOUND('',#4414,.F.);
#4414 = EDGE_LOOP('',(#4415,#4416,#4437,#4438));
#4415 = ORIENTED_EDGE('',*,*,#1457,.F.);
#4416 = ORIENTED_EDGE('',*,*,#4417,.T.);
#4417 = EDGE_CURVE('',#1432,#2857,#4418,.T.);
#4418 = SURFACE_CURVE('',#4419,(#4423,#4430),.PCURVE_S1.);
#4419 = LINE('',#4420,#4421);
#4420 = CARTESIAN_POINT('',(35.,-5.8,-1.));
#4421 = VECTOR('',#4422,1.);
#4422 = DIRECTION('',(0.,0.,1.));
#4423 = PCURVE('',#1476,#4424);
#4424 = DEFINITIONAL_REPRESENTATION('',(#4425),#4429);
#4425 = LINE('',#4426,#4427);
#4426 = CARTESIAN_POINT('',(4.712388980385,0.));
#4427 = VECTOR('',#4428,1.);
#4428 = DIRECTION('',(0.,-1.));
#4429 = ( GEOMETRIC_REPRESENTATION_CONTEXT(2) 
PARAMETRIC_REPRESENTATION_CONTEXT() REPRESENTATION_CONTEXT('2D SPACE',''
  ) );
#4430 = PCURVE('',#1446,#4431);
#4431 = DEFINITIONAL_REPRESENTATION('',(#4432),#4436);
#4432 = LINE('',#4433,#4434);
#4433 = CARTESIAN_POINT('',(0.,0.));
#4434 = VECTOR('',#4435,1.);
#4435 = DIRECTION('',(0.,-1.));
#4436 = ( GEOMETRIC_REPRESENTATION_CONTEXT(2) 
PARAMETRIC_REPRESENTATION_CONTEXT() REPRESENTATION_CONTEXT('2D SPACE',''
  ) );
#4437 = ORIENTED_EDGE('',*,*,#2877,.T.);
#4438 = ORIENTED_EDGE('',*,*,#4343,.F.);
#4439 = ADVANCED_FACE('',(#4440),#1328,.F.);
#4440 = FACE_BOUND('',#4441,.F.);
#4441 = EDGE_LOOP('',(#4442,#4443,#4444,#4445));
#4442 = ORIENTED_EDGE('',*,*,#1313,.T.);
#4443 = ORIENTED_EDGE('',*,*,#4392,.T.);
#4444 = ORIENTED_EDGE('',*,*,#2758,.F.);
#4445 = ORIENTED_EDGE('',*,*,#4446,.F.);
#4446 = EDGE_CURVE('',#1314,#2759,#4447,.T.);
#4447 = SURFACE_CURVE('',#4448,(#4452,#4459),.PCURVE_S1.);
#4448 = LINE('',#4449,#4450);
#4449 = CARTESIAN_POINT('',(37.,-3.399999989793,-1.));
#4450 = VECTOR('',#4451,1.);
#4451 = DIRECTION('',(0.,0.,1.));
#4452 = PCURVE('',#1328,#4453);
#4453 = DEFINITIONAL_REPRESENTATION('',(#4454),#4458);
#4454 = LINE('',#4455,#4456);
#4455 = CARTESIAN_POINT('',(2.,0.));
#4456 = VECTOR('',#4457,1.);
#4457 = DIRECTION('',(0.,-1.));
#4458 = ( GEOMETRIC_REPRESENTATION_CONTEXT(2) 
PARAMETRIC_REPRESENTATION_CONTEXT() REPRESENTATION_CONTEXT('2D SPACE',''
  ) );
#4459 = PCURVE('',#1360,#4460);
#4460 = DEFINITIONAL_REPRESENTATION('',(#4461),#4465);
#4461 = LINE('',#4462,#4463);
#4462 = CARTESIAN_POINT('',(1.570796326795,0.));
#4463 = VECTOR('',#4464,1.);
#4464 = DIRECTION('',(0.,-1.));
#4465 = ( GEOMETRIC_REPRESENTATION_CONTEXT(2) 
PARAMETRIC_REPRESENTATION_CONTEXT() REPRESENTATION_CONTEXT('2D SPACE',''
  ) );
#4466 = ADVANCED_FACE('',(#4467),#1446,.T.);
#4467 = FACE_BOUND('',#4468,.T.);
#4468 = EDGE_LOOP('',(#4469,#4470,#4471,#4472));
#4469 = ORIENTED_EDGE('',*,*,#1431,.T.);
#4470 = ORIENTED_EDGE('',*,*,#4417,.T.);
#4471 = ORIENTED_EDGE('',*,*,#2856,.F.);
#4472 = ORIENTED_EDGE('',*,*,#4473,.F.);
#4473 = EDGE_CURVE('',#1399,#2829,#4474,.T.);
#4474 = SURFACE_CURVE('',#4475,(#4479,#4486),.PCURVE_S1.);
#4475 = LINE('',#4476,#4477);
#4476 = CARTESIAN_POINT('',(37.,-5.8,-1.));
#4477 = VECTOR('',#4478,1.);
#4478 = DIRECTION('',(0.,0.,1.));
#4479 = PCURVE('',#1446,#4480);
#4480 = DEFINITIONAL_REPRESENTATION('',(#4481),#4485);
#4481 = LINE('',#4482,#4483);
#4482 = CARTESIAN_POINT('',(2.,0.));
#4483 = VECTOR('',#4484,1.);
#4484 = DIRECTION('',(0.,-1.));
#4485 = ( GEOMETRIC_REPRESENTATION_CONTEXT(2) 
PARAMETRIC_REPRESENTATION_CONTEXT() REPRESENTATION_CONTEXT('2D SPACE',''
  ) );
#4486 = PCURVE('',#1419,#4487);
#4487 = DEFINITIONAL_REPRESENTATION('',(#4488),#4492);
#4488 = LINE('',#4489,#4490);
#4489 = CARTESIAN_POINT('',(4.712388980385,0.));
#4490 = VECTOR('',#4491,1.);
#4491 = DIRECTION('',(0.,-1.));
#4492 = ( GEOMETRIC_REPRESENTATION_CONTEXT(2) 
PARAMETRIC_REPRESENTATION_CONTEXT() REPRESENTATION_CONTEXT('2D SPACE',''
  ) );
#4493 = ADVANCED_FACE('',(#4494),#1360,.F.);
#4494 = FACE_BOUND('',#4495,.F.);
#4495 = EDGE_LOOP('',(#4496,#4497,#4498,#4499));
#4496 = ORIENTED_EDGE('',*,*,#1339,.F.);
#4497 = ORIENTED_EDGE('',*,*,#4446,.T.);
#4498 = ORIENTED_EDGE('',*,*,#2779,.T.);
#4499 = ORIENTED_EDGE('',*,*,#4500,.F.);
#4500 = EDGE_CURVE('',#1340,#2780,#4501,.T.);
#4501 = SURFACE_CURVE('',#4502,(#4506,#4513),.PCURVE_S1.);
#4502 = LINE('',#4503,#4504);
#4503 = CARTESIAN_POINT('',(37.6,-3.99999999085,-1.));
#4504 = VECTOR('',#4505,1.);
#4505 = DIRECTION('',(0.,0.,1.));
#4506 = PCURVE('',#1360,#4507);
#4507 = DEFINITIONAL_REPRESENTATION('',(#4508),#4512);
#4508 = LINE('',#4509,#4510);
#4509 = CARTESIAN_POINT('',(3.14159265359,0.));
#4510 = VECTOR('',#4511,1.);
#4511 = DIRECTION('',(0.,-1.));
#4512 = ( GEOMETRIC_REPRESENTATION_CONTEXT(2) 
PARAMETRIC_REPRESENTATION_CONTEXT() REPRESENTATION_CONTEXT('2D SPACE',''
  ) );
#4513 = PCURVE('',#1387,#4514);
#4514 = DEFINITIONAL_REPRESENTATION('',(#4515),#4519);
#4515 = LINE('',#4516,#4517);
#4516 = CARTESIAN_POINT('',(1.200000020413,0.));
#4517 = VECTOR('',#4518,1.);
#4518 = DIRECTION('',(0.,-1.));
#4519 = ( GEOMETRIC_REPRESENTATION_CONTEXT(2) 
PARAMETRIC_REPRESENTATION_CONTEXT() REPRESENTATION_CONTEXT('2D SPACE',''
  ) );
#4520 = ADVANCED_FACE('',(#4521),#1419,.F.);
#4521 = FACE_BOUND('',#4522,.F.);
#4522 = EDGE_LOOP('',(#4523,#4524,#4545,#4546));
#4523 = ORIENTED_EDGE('',*,*,#1398,.F.);
#4524 = ORIENTED_EDGE('',*,*,#4525,.T.);
#4525 = EDGE_CURVE('',#1373,#2808,#4526,.T.);
#4526 = SURFACE_CURVE('',#4527,(#4531,#4538),.PCURVE_S1.);
#4527 = LINE('',#4528,#4529);
#4528 = CARTESIAN_POINT('',(37.6,-5.200000011263,-1.));
#4529 = VECTOR('',#4530,1.);
#4530 = DIRECTION('',(0.,0.,1.));
#4531 = PCURVE('',#1419,#4532);
#4532 = DEFINITIONAL_REPRESENTATION('',(#4533),#4537);
#4533 = LINE('',#4534,#4535);
#4534 = CARTESIAN_POINT('',(3.14159265359,0.));
#4535 = VECTOR('',#4536,1.);
#4536 = DIRECTION('',(0.,-1.));
#4537 = ( GEOMETRIC_REPRESENTATION_CONTEXT(2) 
PARAMETRIC_REPRESENTATION_CONTEXT() REPRESENTATION_CONTEXT('2D SPACE',''
  ) );
#4538 = PCURVE('',#1387,#4539);
#4539 = DEFINITIONAL_REPRESENTATION('',(#4540),#4544);
#4540 = LINE('',#4541,#4542);
#4541 = CARTESIAN_POINT('',(0.,0.));
#4542 = VECTOR('',#4543,1.);
#4543 = DIRECTION('',(0.,-1.));
#4544 = ( GEOMETRIC_REPRESENTATION_CONTEXT(2) 
PARAMETRIC_REPRESENTATION_CONTEXT() REPRESENTATION_CONTEXT('2D SPACE',''
  ) );
#4545 = ORIENTED_EDGE('',*,*,#2828,.T.);
#4546 = ORIENTED_EDGE('',*,*,#4473,.F.);
#4547 = ADVANCED_FACE('',(#4548),#1387,.T.);
#4548 = FACE_BOUND('',#4549,.T.);
#4549 = EDGE_LOOP('',(#4550,#4551,#4552,#4553));
#4550 = ORIENTED_EDGE('',*,*,#1372,.T.);
#4551 = ORIENTED_EDGE('',*,*,#4525,.T.);
#4552 = ORIENTED_EDGE('',*,*,#2807,.F.);
#4553 = ORIENTED_EDGE('',*,*,#4500,.F.);
#4554 = ADVANCED_FACE('',(#4555),#1508,.T.);
#4555 = FACE_BOUND('',#4556,.T.);
#4556 = EDGE_LOOP('',(#4557,#4578,#4579,#4600));
#4557 = ORIENTED_EDGE('',*,*,#4558,.F.);
#4558 = EDGE_CURVE('',#1491,#2906,#4559,.T.);
#4559 = SURFACE_CURVE('',#4560,(#4564,#4571),.PCURVE_S1.);
#4560 = LINE('',#4561,#4562);
#4561 = CARTESIAN_POINT('',(13.3,-3.85,-1.));
#4562 = VECTOR('',#4563,1.);
#4563 = DIRECTION('',(0.,0.,1.));
#4564 = PCURVE('',#1508,#4565);
#4565 = DEFINITIONAL_REPRESENTATION('',(#4566),#4570);
#4566 = LINE('',#4567,#4568);
#4567 = CARTESIAN_POINT('',(0.,26.6));
#4568 = VECTOR('',#4569,1.);
#4569 = DIRECTION('',(1.,0.));
#4570 = ( GEOMETRIC_REPRESENTATION_CONTEXT(2) 
PARAMETRIC_REPRESENTATION_CONTEXT() REPRESENTATION_CONTEXT('2D SPACE',''
  ) );
#4571 = PCURVE('',#1587,#4572);
#4572 = DEFINITIONAL_REPRESENTATION('',(#4573),#4577);
#4573 = LINE('',#4574,#4575);
#4574 = CARTESIAN_POINT('',(0.,0.));
#4575 = VECTOR('',#4576,1.);
#4576 = DIRECTION('',(1.,0.));
#4577 = ( GEOMETRIC_REPRESENTATION_CONTEXT(2) 
PARAMETRIC_REPRESENTATION_CONTEXT() REPRESENTATION_CONTEXT('2D SPACE',''
  ) );
#4578 = ORIENTED_EDGE('',*,*,#1490,.T.);
#4579 = ORIENTED_EDGE('',*,*,#4580,.T.);
#4580 = EDGE_CURVE('',#1493,#2908,#4581,.T.);
#4581 = SURFACE_CURVE('',#4582,(#4586,#4593),.PCURVE_S1.);
#4582 = LINE('',#4583,#4584);
#4583 = CARTESIAN_POINT('',(-13.3,-3.85,-1.));
#4584 = VECTOR('',#4585,1.);
#4585 = DIRECTION('',(0.,0.,1.));
#4586 = PCURVE('',#1508,#4587);
#4587 = DEFINITIONAL_REPRESENTATION('',(#4588),#4592);
#4588 = LINE('',#4589,#4590);
#4589 = CARTESIAN_POINT('',(0.,0.));
#4590 = VECTOR('',#4591,1.);
#4591 = DIRECTION('',(1.,0.));
#4592 = ( GEOMETRIC_REPRESENTATION_CONTEXT(2) 
PARAMETRIC_REPRESENTATION_CONTEXT() REPRESENTATION_CONTEXT('2D SPACE',''
  ) );
#4593 = PCURVE('',#1535,#4594);
#4594 = DEFINITIONAL_REPRESENTATION('',(#4595),#4599);
#4595 = LINE('',#4596,#4597);
#4596 = CARTESIAN_POINT('',(0.,0.));
#4597 = VECTOR('',#4598,1.);
#4598 = DIRECTION('',(1.,0.));
#4599 = ( GEOMETRIC_REPRESENTATION_CONTEXT(2) 
PARAMETRIC_REPRESENTATION_CONTEXT() REPRESENTATION_CONTEXT('2D SPACE',''
  ) );
#4600 = ORIENTED_EDGE('',*,*,#2905,.F.);
#4601 = ADVANCED_FACE('',(#4602),#1587,.F.);
#4602 = FACE_BOUND('',#4603,.F.);
#4603 = EDGE_LOOP('',(#4604,#4605,#4606,#4627));
#4604 = ORIENTED_EDGE('',*,*,#4558,.F.);
#4605 = ORIENTED_EDGE('',*,*,#1573,.T.);
#4606 = ORIENTED_EDGE('',*,*,#4607,.T.);
#4607 = EDGE_CURVE('',#1547,#2952,#4608,.T.);
#4608 = SURFACE_CURVE('',#4609,(#4613,#4620),.PCURVE_S1.);
#4609 = LINE('',#4610,#4611);
#4610 = CARTESIAN_POINT('',(13.3,3.85,-1.));
#4611 = VECTOR('',#4612,1.);
#4612 = DIRECTION('',(0.,0.,1.));
#4613 = PCURVE('',#1587,#4614);
#4614 = DEFINITIONAL_REPRESENTATION('',(#4615),#4619);
#4615 = LINE('',#4616,#4617);
#4616 = CARTESIAN_POINT('',(0.,-7.7));
#4617 = VECTOR('',#4618,1.);
#4618 = DIRECTION('',(1.,0.));
#4619 = ( GEOMETRIC_REPRESENTATION_CONTEXT(2) 
PARAMETRIC_REPRESENTATION_CONTEXT() REPRESENTATION_CONTEXT('2D SPACE',''
  ) );
#4620 = PCURVE('',#1562,#4621);
#4621 = DEFINITIONAL_REPRESENTATION('',(#4622),#4626);
#4622 = LINE('',#4623,#4624);
#4623 = CARTESIAN_POINT('',(0.,26.6));
#4624 = VECTOR('',#4625,1.);
#4625 = DIRECTION('',(1.,0.));
#4626 = ( GEOMETRIC_REPRESENTATION_CONTEXT(2) 
PARAMETRIC_REPRESENTATION_CONTEXT() REPRESENTATION_CONTEXT('2D SPACE',''
  ) );
#4627 = ORIENTED_EDGE('',*,*,#2973,.F.);
#4628 = ADVANCED_FACE('',(#4629),#1535,.T.);
#4629 = FACE_BOUND('',#4630,.T.);
#4630 = EDGE_LOOP('',(#4631,#4632,#4633,#4654));
#4631 = ORIENTED_EDGE('',*,*,#4580,.F.);
#4632 = ORIENTED_EDGE('',*,*,#1519,.T.);
#4633 = ORIENTED_EDGE('',*,*,#4634,.T.);
#4634 = EDGE_CURVE('',#1520,#2930,#4635,.T.);
#4635 = SURFACE_CURVE('',#4636,(#4640,#4647),.PCURVE_S1.);
#4636 = LINE('',#4637,#4638);
#4637 = CARTESIAN_POINT('',(-13.3,3.85,-1.));
#4638 = VECTOR('',#4639,1.);
#4639 = DIRECTION('',(0.,0.,1.));
#4640 = PCURVE('',#1535,#4641);
#4641 = DEFINITIONAL_REPRESENTATION('',(#4642),#4646);
#4642 = LINE('',#4643,#4644);
#4643 = CARTESIAN_POINT('',(0.,-7.7));
#4644 = VECTOR('',#4645,1.);
#4645 = DIRECTION('',(1.,0.));
#4646 = ( GEOMETRIC_REPRESENTATION_CONTEXT(2) 
PARAMETRIC_REPRESENTATION_CONTEXT() REPRESENTATION_CONTEXT('2D SPACE',''
  ) );
#4647 = PCURVE('',#1562,#4648);
#4648 = DEFINITIONAL_REPRESENTATION('',(#4649),#4653);
#4649 = LINE('',#4650,#4651);
#4650 = CARTESIAN_POINT('',(0.,0.));
#4651 = VECTOR('',#4652,1.);
#4652 = DIRECTION('',(1.,0.));
#4653 = ( GEOMETRIC_REPRESENTATION_CONTEXT(2) 
PARAMETRIC_REPRESENTATION_CONTEXT() REPRESENTATION_CONTEXT('2D SPACE',''
  ) );
#4654 = ORIENTED_EDGE('',*,*,#2929,.F.);
#4655 = ADVANCED_FACE('',(#4656),#1562,.F.);
#4656 = FACE_BOUND('',#4657,.F.);
#4657 = EDGE_LOOP('',(#4658,#4659,#4660,#4661));
#4658 = ORIENTED_EDGE('',*,*,#4607,.F.);
#4659 = ORIENTED_EDGE('',*,*,#1546,.T.);
#4660 = ORIENTED_EDGE('',*,*,#4634,.T.);
#4661 = ORIENTED_EDGE('',*,*,#2951,.F.);
#4662 = ADVANCED_FACE('',(#4663),#1617,.F.);
#4663 = FACE_BOUND('',#4664,.F.);
#4664 = EDGE_LOOP('',(#4665,#4666,#4687,#4688));
#4665 = ORIENTED_EDGE('',*,*,#1600,.T.);
#4666 = ORIENTED_EDGE('',*,*,#4667,.T.);
#4667 = EDGE_CURVE('',#1603,#3060,#4668,.T.);
#4668 = SURFACE_CURVE('',#4669,(#4673,#4680),.PCURVE_S1.);
#4669 = LINE('',#4670,#4671);
#4670 = CARTESIAN_POINT('',(28.4,3.999999988737,-1.));
#4671 = VECTOR('',#4672,1.);
#4672 = DIRECTION('',(0.,0.,1.));
#4673 = PCURVE('',#1617,#4674);
#4674 = DEFINITIONAL_REPRESENTATION('',(#4675),#4679);
#4675 = LINE('',#4676,#4677);
#4676 = CARTESIAN_POINT('',(-1.110223024625E-16,0.));
#4677 = VECTOR('',#4678,1.);
#4678 = DIRECTION('',(0.,-1.));
#4679 = ( GEOMETRIC_REPRESENTATION_CONTEXT(2) 
PARAMETRIC_REPRESENTATION_CONTEXT() REPRESENTATION_CONTEXT('2D SPACE',''
  ) );
#4680 = PCURVE('',#1824,#4681);
#4681 = DEFINITIONAL_REPRESENTATION('',(#4682),#4686);
#4682 = LINE('',#4683,#4684);
#4683 = CARTESIAN_POINT('',(6.28318530718,0.));
#4684 = VECTOR('',#4685,1.);
#4685 = DIRECTION('',(0.,-1.));
#4686 = ( GEOMETRIC_REPRESENTATION_CONTEXT(2) 
PARAMETRIC_REPRESENTATION_CONTEXT() REPRESENTATION_CONTEXT('2D SPACE',''
  ) );
#4687 = ORIENTED_EDGE('',*,*,#3057,.F.);
#4688 = ORIENTED_EDGE('',*,*,#4689,.F.);
#4689 = EDGE_CURVE('',#1601,#3058,#4690,.T.);
#4690 = SURFACE_CURVE('',#4691,(#4695,#4702),.PCURVE_S1.);
#4691 = LINE('',#4692,#4693);
#4692 = CARTESIAN_POINT('',(28.4,5.20000000915,-1.));
#4693 = VECTOR('',#4694,1.);
#4694 = DIRECTION('',(0.,0.,1.));
#4695 = PCURVE('',#1617,#4696);
#4696 = DEFINITIONAL_REPRESENTATION('',(#4697),#4701);
#4697 = LINE('',#4698,#4699);
#4698 = CARTESIAN_POINT('',(1.200000020413,0.));
#4699 = VECTOR('',#4700,1.);
#4700 = DIRECTION('',(0.,-1.));
#4701 = ( GEOMETRIC_REPRESENTATION_CONTEXT(2) 
PARAMETRIC_REPRESENTATION_CONTEXT() REPRESENTATION_CONTEXT('2D SPACE',''
  ) );
#4702 = PCURVE('',#1649,#4703);
#4703 = DEFINITIONAL_REPRESENTATION('',(#4704),#4708);
#4704 = LINE('',#4705,#4706);
#4705 = CARTESIAN_POINT('',(0.,0.));
#4706 = VECTOR('',#4707,1.);
#4707 = DIRECTION('',(0.,-1.));
#4708 = ( GEOMETRIC_REPRESENTATION_CONTEXT(2) 
PARAMETRIC_REPRESENTATION_CONTEXT() REPRESENTATION_CONTEXT('2D SPACE',''
  ) );
#4709 = ADVANCED_FACE('',(#4710),#1649,.F.);
#4710 = FACE_BOUND('',#4711,.F.);
#4711 = EDGE_LOOP('',(#4712,#4713,#4714,#4715));
#4712 = ORIENTED_EDGE('',*,*,#1628,.F.);
#4713 = ORIENTED_EDGE('',*,*,#4689,.T.);
#4714 = ORIENTED_EDGE('',*,*,#3080,.T.);
#4715 = ORIENTED_EDGE('',*,*,#4716,.F.);
#4716 = EDGE_CURVE('',#1629,#3081,#4717,.T.);
#4717 = SURFACE_CURVE('',#4718,(#4722,#4729),.PCURVE_S1.);
#4718 = LINE('',#4719,#4720);
#4719 = CARTESIAN_POINT('',(29.,5.800000010207,-1.));
#4720 = VECTOR('',#4721,1.);
#4721 = DIRECTION('',(0.,0.,1.));
#4722 = PCURVE('',#1649,#4723);
#4723 = DEFINITIONAL_REPRESENTATION('',(#4724),#4728);
#4724 = LINE('',#4725,#4726);
#4725 = CARTESIAN_POINT('',(1.570796326795,0.));
#4726 = VECTOR('',#4727,1.);
#4727 = DIRECTION('',(0.,-1.));
#4728 = ( GEOMETRIC_REPRESENTATION_CONTEXT(2) 
PARAMETRIC_REPRESENTATION_CONTEXT() REPRESENTATION_CONTEXT('2D SPACE',''
  ) );
#4729 = PCURVE('',#1676,#4730);
#4730 = DEFINITIONAL_REPRESENTATION('',(#4731),#4735);
#4731 = LINE('',#4732,#4733);
#4732 = CARTESIAN_POINT('',(0.,0.));
#4733 = VECTOR('',#4734,1.);
#4734 = DIRECTION('',(0.,-1.));
#4735 = ( GEOMETRIC_REPRESENTATION_CONTEXT(2) 
PARAMETRIC_REPRESENTATION_CONTEXT() REPRESENTATION_CONTEXT('2D SPACE',''
  ) );
#4736 = ADVANCED_FACE('',(#4737),#1824,.F.);
#4737 = FACE_BOUND('',#4738,.F.);
#4738 = EDGE_LOOP('',(#4739,#4740,#4761,#4762));
#4739 = ORIENTED_EDGE('',*,*,#1805,.F.);
#4740 = ORIENTED_EDGE('',*,*,#4741,.T.);
#4741 = EDGE_CURVE('',#1780,#3207,#4742,.T.);
#4742 = SURFACE_CURVE('',#4743,(#4747,#4754),.PCURVE_S1.);
#4743 = LINE('',#4744,#4745);
#4744 = CARTESIAN_POINT('',(29.,3.4,-1.));
#4745 = VECTOR('',#4746,1.);
#4746 = DIRECTION('',(0.,0.,1.));
#4747 = PCURVE('',#1824,#4748);
#4748 = DEFINITIONAL_REPRESENTATION('',(#4749),#4753);
#4749 = LINE('',#4750,#4751);
#4750 = CARTESIAN_POINT('',(4.712388980385,0.));
#4751 = VECTOR('',#4752,1.);
#4752 = DIRECTION('',(0.,-1.));
#4753 = ( GEOMETRIC_REPRESENTATION_CONTEXT(2) 
PARAMETRIC_REPRESENTATION_CONTEXT() REPRESENTATION_CONTEXT('2D SPACE',''
  ) );
#4754 = PCURVE('',#1794,#4755);
#4755 = DEFINITIONAL_REPRESENTATION('',(#4756),#4760);
#4756 = LINE('',#4757,#4758);
#4757 = CARTESIAN_POINT('',(0.,0.));
#4758 = VECTOR('',#4759,1.);
#4759 = DIRECTION('',(0.,-1.));
#4760 = ( GEOMETRIC_REPRESENTATION_CONTEXT(2) 
PARAMETRIC_REPRESENTATION_CONTEXT() REPRESENTATION_CONTEXT('2D SPACE',''
  ) );
#4761 = ORIENTED_EDGE('',*,*,#3227,.T.);
#4762 = ORIENTED_EDGE('',*,*,#4667,.F.);
#4763 = ADVANCED_FACE('',(#4764),#1676,.F.);
#4764 = FACE_BOUND('',#4765,.F.);
#4765 = EDGE_LOOP('',(#4766,#4767,#4768,#4769));
#4766 = ORIENTED_EDGE('',*,*,#1661,.T.);
#4767 = ORIENTED_EDGE('',*,*,#4716,.T.);
#4768 = ORIENTED_EDGE('',*,*,#3108,.F.);
#4769 = ORIENTED_EDGE('',*,*,#4770,.F.);
#4770 = EDGE_CURVE('',#1662,#3109,#4771,.T.);
#4771 = SURFACE_CURVE('',#4772,(#4776,#4783),.PCURVE_S1.);
#4772 = LINE('',#4773,#4774);
#4773 = CARTESIAN_POINT('',(31.,5.800000010207,-1.));
#4774 = VECTOR('',#4775,1.);
#4775 = DIRECTION('',(0.,0.,1.));
#4776 = PCURVE('',#1676,#4777);
#4777 = DEFINITIONAL_REPRESENTATION('',(#4778),#4782);
#4778 = LINE('',#4779,#4780);
#4779 = CARTESIAN_POINT('',(2.,0.));
#4780 = VECTOR('',#4781,1.);
#4781 = DIRECTION('',(0.,-1.));
#4782 = ( GEOMETRIC_REPRESENTATION_CONTEXT(2) 
PARAMETRIC_REPRESENTATION_CONTEXT() REPRESENTATION_CONTEXT('2D SPACE',''
  ) );
#4783 = PCURVE('',#1708,#4784);
#4784 = DEFINITIONAL_REPRESENTATION('',(#4785),#4789);
#4785 = LINE('',#4786,#4787);
#4786 = CARTESIAN_POINT('',(1.570796326795,0.));
#4787 = VECTOR('',#4788,1.);
#4788 = DIRECTION('',(0.,-1.));
#4789 = ( GEOMETRIC_REPRESENTATION_CONTEXT(2) 
PARAMETRIC_REPRESENTATION_CONTEXT() REPRESENTATION_CONTEXT('2D SPACE',''
  ) );
#4790 = ADVANCED_FACE('',(#4791),#1794,.T.);
#4791 = FACE_BOUND('',#4792,.T.);
#4792 = EDGE_LOOP('',(#4793,#4794,#4795,#4796));
#4793 = ORIENTED_EDGE('',*,*,#1779,.T.);
#4794 = ORIENTED_EDGE('',*,*,#4741,.T.);
#4795 = ORIENTED_EDGE('',*,*,#3206,.F.);
#4796 = ORIENTED_EDGE('',*,*,#4797,.F.);
#4797 = EDGE_CURVE('',#1747,#3179,#4798,.T.);
#4798 = SURFACE_CURVE('',#4799,(#4803,#4810),.PCURVE_S1.);
#4799 = LINE('',#4800,#4801);
#4800 = CARTESIAN_POINT('',(31.,3.4,-1.));
#4801 = VECTOR('',#4802,1.);
#4802 = DIRECTION('',(0.,0.,1.));
#4803 = PCURVE('',#1794,#4804);
#4804 = DEFINITIONAL_REPRESENTATION('',(#4805),#4809);
#4805 = LINE('',#4806,#4807);
#4806 = CARTESIAN_POINT('',(2.,0.));
#4807 = VECTOR('',#4808,1.);
#4808 = DIRECTION('',(0.,-1.));
#4809 = ( GEOMETRIC_REPRESENTATION_CONTEXT(2) 
PARAMETRIC_REPRESENTATION_CONTEXT() REPRESENTATION_CONTEXT('2D SPACE',''
  ) );
#4810 = PCURVE('',#1767,#4811);
#4811 = DEFINITIONAL_REPRESENTATION('',(#4812),#4816);
#4812 = LINE('',#4813,#4814);
#4813 = CARTESIAN_POINT('',(4.712388980385,0.));
#4814 = VECTOR('',#4815,1.);
#4815 = DIRECTION('',(0.,-1.));
#4816 = ( GEOMETRIC_REPRESENTATION_CONTEXT(2) 
PARAMETRIC_REPRESENTATION_CONTEXT() REPRESENTATION_CONTEXT('2D SPACE',''
  ) );
#4817 = ADVANCED_FACE('',(#4818),#1708,.F.);
#4818 = FACE_BOUND('',#4819,.F.);
#4819 = EDGE_LOOP('',(#4820,#4821,#4822,#4823));
#4820 = ORIENTED_EDGE('',*,*,#1687,.F.);
#4821 = ORIENTED_EDGE('',*,*,#4770,.T.);
#4822 = ORIENTED_EDGE('',*,*,#3129,.T.);
#4823 = ORIENTED_EDGE('',*,*,#4824,.F.);
#4824 = EDGE_CURVE('',#1688,#3130,#4825,.T.);
#4825 = SURFACE_CURVE('',#4826,(#4830,#4837),.PCURVE_S1.);
#4826 = LINE('',#4827,#4828);
#4827 = CARTESIAN_POINT('',(31.6,5.20000000915,-1.));
#4828 = VECTOR('',#4829,1.);
#4829 = DIRECTION('',(0.,0.,1.));
#4830 = PCURVE('',#1708,#4831);
#4831 = DEFINITIONAL_REPRESENTATION('',(#4832),#4836);
#4832 = LINE('',#4833,#4834);
#4833 = CARTESIAN_POINT('',(3.14159265359,0.));
#4834 = VECTOR('',#4835,1.);
#4835 = DIRECTION('',(0.,-1.));
#4836 = ( GEOMETRIC_REPRESENTATION_CONTEXT(2) 
PARAMETRIC_REPRESENTATION_CONTEXT() REPRESENTATION_CONTEXT('2D SPACE',''
  ) );
#4837 = PCURVE('',#1735,#4838);
#4838 = DEFINITIONAL_REPRESENTATION('',(#4839),#4843);
#4839 = LINE('',#4840,#4841);
#4840 = CARTESIAN_POINT('',(1.200000020413,0.));
#4841 = VECTOR('',#4842,1.);
#4842 = DIRECTION('',(0.,-1.));
#4843 = ( GEOMETRIC_REPRESENTATION_CONTEXT(2) 
PARAMETRIC_REPRESENTATION_CONTEXT() REPRESENTATION_CONTEXT('2D SPACE',''
  ) );
#4844 = ADVANCED_FACE('',(#4845),#1767,.F.);
#4845 = FACE_BOUND('',#4846,.F.);
#4846 = EDGE_LOOP('',(#4847,#4848,#4869,#4870));
#4847 = ORIENTED_EDGE('',*,*,#1746,.F.);
#4848 = ORIENTED_EDGE('',*,*,#4849,.T.);
#4849 = EDGE_CURVE('',#1721,#3158,#4850,.T.);
#4850 = SURFACE_CURVE('',#4851,(#4855,#4862),.PCURVE_S1.);
#4851 = LINE('',#4852,#4853);
#4852 = CARTESIAN_POINT('',(31.6,3.999999988737,-1.));
#4853 = VECTOR('',#4854,1.);
#4854 = DIRECTION('',(0.,0.,1.));
#4855 = PCURVE('',#1767,#4856);
#4856 = DEFINITIONAL_REPRESENTATION('',(#4857),#4861);
#4857 = LINE('',#4858,#4859);
#4858 = CARTESIAN_POINT('',(3.14159265359,0.));
#4859 = VECTOR('',#4860,1.);
#4860 = DIRECTION('',(0.,-1.));
#4861 = ( GEOMETRIC_REPRESENTATION_CONTEXT(2) 
PARAMETRIC_REPRESENTATION_CONTEXT() REPRESENTATION_CONTEXT('2D SPACE',''
  ) );
#4862 = PCURVE('',#1735,#4863);
#4863 = DEFINITIONAL_REPRESENTATION('',(#4864),#4868);
#4864 = LINE('',#4865,#4866);
#4865 = CARTESIAN_POINT('',(0.,0.));
#4866 = VECTOR('',#4867,1.);
#4867 = DIRECTION('',(0.,-1.));
#4868 = ( GEOMETRIC_REPRESENTATION_CONTEXT(2) 
PARAMETRIC_REPRESENTATION_CONTEXT() REPRESENTATION_CONTEXT('2D SPACE',''
  ) );
#4869 = ORIENTED_EDGE('',*,*,#3178,.T.);
#4870 = ORIENTED_EDGE('',*,*,#4797,.F.);
#4871 = ADVANCED_FACE('',(#4872),#1735,.T.);
#4872 = FACE_BOUND('',#4873,.T.);
#4873 = EDGE_LOOP('',(#4874,#4875,#4876,#4877));
#4874 = ORIENTED_EDGE('',*,*,#1720,.T.);
#4875 = ORIENTED_EDGE('',*,*,#4849,.T.);
#4876 = ORIENTED_EDGE('',*,*,#3157,.F.);
#4877 = ORIENTED_EDGE('',*,*,#4824,.F.);
#4878 = ADVANCED_FACE('',(#4879),#1855,.F.);
#4879 = FACE_BOUND('',#4880,.F.);
#4880 = EDGE_LOOP('',(#4881,#4882,#4903,#4904));
#4881 = ORIENTED_EDGE('',*,*,#1838,.T.);
#4882 = ORIENTED_EDGE('',*,*,#4883,.T.);
#4883 = EDGE_CURVE('',#1841,#3258,#4884,.T.);
#4884 = SURFACE_CURVE('',#4885,(#4889,#4896),.PCURVE_S1.);
#4885 = LINE('',#4886,#4887);
#4886 = CARTESIAN_POINT('',(34.4,3.999999988737,-1.));
#4887 = VECTOR('',#4888,1.);
#4888 = DIRECTION('',(0.,0.,1.));
#4889 = PCURVE('',#1855,#4890);
#4890 = DEFINITIONAL_REPRESENTATION('',(#4891),#4895);
#4891 = LINE('',#4892,#4893);
#4892 = CARTESIAN_POINT('',(0.,0.));
#4893 = VECTOR('',#4894,1.);
#4894 = DIRECTION('',(0.,-1.));
#4895 = ( GEOMETRIC_REPRESENTATION_CONTEXT(2) 
PARAMETRIC_REPRESENTATION_CONTEXT() REPRESENTATION_CONTEXT('2D SPACE',''
  ) );
#4896 = PCURVE('',#2062,#4897);
#4897 = DEFINITIONAL_REPRESENTATION('',(#4898),#4902);
#4898 = LINE('',#4899,#4900);
#4899 = CARTESIAN_POINT('',(6.28318530718,0.));
#4900 = VECTOR('',#4901,1.);
#4901 = DIRECTION('',(0.,-1.));
#4902 = ( GEOMETRIC_REPRESENTATION_CONTEXT(2) 
PARAMETRIC_REPRESENTATION_CONTEXT() REPRESENTATION_CONTEXT('2D SPACE',''
  ) );
#4903 = ORIENTED_EDGE('',*,*,#3255,.F.);
#4904 = ORIENTED_EDGE('',*,*,#4905,.F.);
#4905 = EDGE_CURVE('',#1839,#3256,#4906,.T.);
#4906 = SURFACE_CURVE('',#4907,(#4911,#4918),.PCURVE_S1.);
#4907 = LINE('',#4908,#4909);
#4908 = CARTESIAN_POINT('',(34.4,5.20000000915,-1.));
#4909 = VECTOR('',#4910,1.);
#4910 = DIRECTION('',(0.,0.,1.));
#4911 = PCURVE('',#1855,#4912);
#4912 = DEFINITIONAL_REPRESENTATION('',(#4913),#4917);
#4913 = LINE('',#4914,#4915);
#4914 = CARTESIAN_POINT('',(1.200000020413,0.));
#4915 = VECTOR('',#4916,1.);
#4916 = DIRECTION('',(0.,-1.));
#4917 = ( GEOMETRIC_REPRESENTATION_CONTEXT(2) 
PARAMETRIC_REPRESENTATION_CONTEXT() REPRESENTATION_CONTEXT('2D SPACE',''
  ) );
#4918 = PCURVE('',#1887,#4919);
#4919 = DEFINITIONAL_REPRESENTATION('',(#4920),#4924);
#4920 = LINE('',#4921,#4922);
#4921 = CARTESIAN_POINT('',(0.,0.));
#4922 = VECTOR('',#4923,1.);
#4923 = DIRECTION('',(0.,-1.));
#4924 = ( GEOMETRIC_REPRESENTATION_CONTEXT(2) 
PARAMETRIC_REPRESENTATION_CONTEXT() REPRESENTATION_CONTEXT('2D SPACE',''
  ) );
#4925 = ADVANCED_FACE('',(#4926),#2062,.F.);
#4926 = FACE_BOUND('',#4927,.F.);
#4927 = EDGE_LOOP('',(#4928,#4929,#4950,#4951));
#4928 = ORIENTED_EDGE('',*,*,#2043,.F.);
#4929 = ORIENTED_EDGE('',*,*,#4930,.T.);
#4930 = EDGE_CURVE('',#2018,#3405,#4931,.T.);
#4931 = SURFACE_CURVE('',#4932,(#4936,#4943),.PCURVE_S1.);
#4932 = LINE('',#4933,#4934);
#4933 = CARTESIAN_POINT('',(35.,3.4,-1.));
#4934 = VECTOR('',#4935,1.);
#4935 = DIRECTION('',(0.,0.,1.));
#4936 = PCURVE('',#2062,#4937);
#4937 = DEFINITIONAL_REPRESENTATION('',(#4938),#4942);
#4938 = LINE('',#4939,#4940);
#4939 = CARTESIAN_POINT('',(4.712388980385,0.));
#4940 = VECTOR('',#4941,1.);
#4941 = DIRECTION('',(0.,-1.));
#4942 = ( GEOMETRIC_REPRESENTATION_CONTEXT(2) 
PARAMETRIC_REPRESENTATION_CONTEXT() REPRESENTATION_CONTEXT('2D SPACE',''
  ) );
#4943 = PCURVE('',#2032,#4944);
#4944 = DEFINITIONAL_REPRESENTATION('',(#4945),#4949);
#4945 = LINE('',#4946,#4947);
#4946 = CARTESIAN_POINT('',(0.,0.));
#4947 = VECTOR('',#4948,1.);
#4948 = DIRECTION('',(0.,-1.));
#4949 = ( GEOMETRIC_REPRESENTATION_CONTEXT(2) 
PARAMETRIC_REPRESENTATION_CONTEXT() REPRESENTATION_CONTEXT('2D SPACE',''
  ) );
#4950 = ORIENTED_EDGE('',*,*,#3425,.T.);
#4951 = ORIENTED_EDGE('',*,*,#4883,.F.);
#4952 = ADVANCED_FACE('',(#4953),#2032,.T.);
#4953 = FACE_BOUND('',#4954,.T.);
#4954 = EDGE_LOOP('',(#4955,#4956,#4957,#4958));
#4955 = ORIENTED_EDGE('',*,*,#2017,.T.);
#4956 = ORIENTED_EDGE('',*,*,#4930,.T.);
#4957 = ORIENTED_EDGE('',*,*,#3404,.F.);
#4958 = ORIENTED_EDGE('',*,*,#4959,.F.);
#4959 = EDGE_CURVE('',#1985,#3377,#4960,.T.);
#4960 = SURFACE_CURVE('',#4961,(#4965,#4972),.PCURVE_S1.);
#4961 = LINE('',#4962,#4963);
#4962 = CARTESIAN_POINT('',(37.,3.4,-1.));
#4963 = VECTOR('',#4964,1.);
#4964 = DIRECTION('',(0.,0.,1.));
#4965 = PCURVE('',#2032,#4966);
#4966 = DEFINITIONAL_REPRESENTATION('',(#4967),#4971);
#4967 = LINE('',#4968,#4969);
#4968 = CARTESIAN_POINT('',(2.,0.));
#4969 = VECTOR('',#4970,1.);
#4970 = DIRECTION('',(0.,-1.));
#4971 = ( GEOMETRIC_REPRESENTATION_CONTEXT(2) 
PARAMETRIC_REPRESENTATION_CONTEXT() REPRESENTATION_CONTEXT('2D SPACE',''
  ) );
#4972 = PCURVE('',#2005,#4973);
#4973 = DEFINITIONAL_REPRESENTATION('',(#4974),#4978);
#4974 = LINE('',#4975,#4976);
#4975 = CARTESIAN_POINT('',(4.712388980385,0.));
#4976 = VECTOR('',#4977,1.);
#4977 = DIRECTION('',(0.,-1.));
#4978 = ( GEOMETRIC_REPRESENTATION_CONTEXT(2) 
PARAMETRIC_REPRESENTATION_CONTEXT() REPRESENTATION_CONTEXT('2D SPACE',''
  ) );
#4979 = ADVANCED_FACE('',(#4980),#2005,.F.);
#4980 = FACE_BOUND('',#4981,.F.);
#4981 = EDGE_LOOP('',(#4982,#4983,#5004,#5005));
#4982 = ORIENTED_EDGE('',*,*,#1984,.F.);
#4983 = ORIENTED_EDGE('',*,*,#4984,.T.);
#4984 = EDGE_CURVE('',#1959,#3356,#4985,.T.);
#4985 = SURFACE_CURVE('',#4986,(#4990,#4997),.PCURVE_S1.);
#4986 = LINE('',#4987,#4988);
#4987 = CARTESIAN_POINT('',(37.6,3.999999988737,-1.));
#4988 = VECTOR('',#4989,1.);
#4989 = DIRECTION('',(0.,0.,1.));
#4990 = PCURVE('',#2005,#4991);
#4991 = DEFINITIONAL_REPRESENTATION('',(#4992),#4996);
#4992 = LINE('',#4993,#4994);
#4993 = CARTESIAN_POINT('',(3.14159265359,0.));
#4994 = VECTOR('',#4995,1.);
#4995 = DIRECTION('',(0.,-1.));
#4996 = ( GEOMETRIC_REPRESENTATION_CONTEXT(2) 
PARAMETRIC_REPRESENTATION_CONTEXT() REPRESENTATION_CONTEXT('2D SPACE',''
  ) );
#4997 = PCURVE('',#1973,#4998);
#4998 = DEFINITIONAL_REPRESENTATION('',(#4999),#5003);
#4999 = LINE('',#5000,#5001);
#5000 = CARTESIAN_POINT('',(0.,0.));
#5001 = VECTOR('',#5002,1.);
#5002 = DIRECTION('',(0.,-1.));
#5003 = ( GEOMETRIC_REPRESENTATION_CONTEXT(2) 
PARAMETRIC_REPRESENTATION_CONTEXT() REPRESENTATION_CONTEXT('2D SPACE',''
  ) );
#5004 = ORIENTED_EDGE('',*,*,#3376,.T.);
#5005 = ORIENTED_EDGE('',*,*,#4959,.F.);
#5006 = ADVANCED_FACE('',(#5007),#1973,.T.);
#5007 = FACE_BOUND('',#5008,.T.);
#5008 = EDGE_LOOP('',(#5009,#5010,#5011,#5012));
#5009 = ORIENTED_EDGE('',*,*,#1958,.T.);
#5010 = ORIENTED_EDGE('',*,*,#4984,.T.);
#5011 = ORIENTED_EDGE('',*,*,#3355,.F.);
#5012 = ORIENTED_EDGE('',*,*,#5013,.F.);
#5013 = EDGE_CURVE('',#1926,#3328,#5014,.T.);
#5014 = SURFACE_CURVE('',#5015,(#5019,#5026),.PCURVE_S1.);
#5015 = LINE('',#5016,#5017);
#5016 = CARTESIAN_POINT('',(37.6,5.20000000915,-1.));
#5017 = VECTOR('',#5018,1.);
#5018 = DIRECTION('',(0.,0.,1.));
#5019 = PCURVE('',#1973,#5020);
#5020 = DEFINITIONAL_REPRESENTATION('',(#5021),#5025);
#5021 = LINE('',#5022,#5023);
#5022 = CARTESIAN_POINT('',(1.200000020413,0.));
#5023 = VECTOR('',#5024,1.);
#5024 = DIRECTION('',(0.,-1.));
#5025 = ( GEOMETRIC_REPRESENTATION_CONTEXT(2) 
PARAMETRIC_REPRESENTATION_CONTEXT() REPRESENTATION_CONTEXT('2D SPACE',''
  ) );
#5026 = PCURVE('',#1946,#5027);
#5027 = DEFINITIONAL_REPRESENTATION('',(#5028),#5032);
#5028 = LINE('',#5029,#5030);
#5029 = CARTESIAN_POINT('',(3.14159265359,0.));
#5030 = VECTOR('',#5031,1.);
#5031 = DIRECTION('',(0.,-1.));
#5032 = ( GEOMETRIC_REPRESENTATION_CONTEXT(2) 
PARAMETRIC_REPRESENTATION_CONTEXT() REPRESENTATION_CONTEXT('2D SPACE',''
  ) );
#5033 = ADVANCED_FACE('',(#5034),#1946,.F.);
#5034 = FACE_BOUND('',#5035,.F.);
#5035 = EDGE_LOOP('',(#5036,#5037,#5058,#5059));
#5036 = ORIENTED_EDGE('',*,*,#1925,.F.);
#5037 = ORIENTED_EDGE('',*,*,#5038,.T.);
#5038 = EDGE_CURVE('',#1900,#3307,#5039,.T.);
#5039 = SURFACE_CURVE('',#5040,(#5044,#5051),.PCURVE_S1.);
#5040 = LINE('',#5041,#5042);
#5041 = CARTESIAN_POINT('',(37.,5.800000010207,-1.));
#5042 = VECTOR('',#5043,1.);
#5043 = DIRECTION('',(0.,0.,1.));
#5044 = PCURVE('',#1946,#5045);
#5045 = DEFINITIONAL_REPRESENTATION('',(#5046),#5050);
#5046 = LINE('',#5047,#5048);
#5047 = CARTESIAN_POINT('',(1.570796326795,0.));
#5048 = VECTOR('',#5049,1.);
#5049 = DIRECTION('',(0.,-1.));
#5050 = ( GEOMETRIC_REPRESENTATION_CONTEXT(2) 
PARAMETRIC_REPRESENTATION_CONTEXT() REPRESENTATION_CONTEXT('2D SPACE',''
  ) );
#5051 = PCURVE('',#1914,#5052);
#5052 = DEFINITIONAL_REPRESENTATION('',(#5053),#5057);
#5053 = LINE('',#5054,#5055);
#5054 = CARTESIAN_POINT('',(2.,0.));
#5055 = VECTOR('',#5056,1.);
#5056 = DIRECTION('',(0.,-1.));
#5057 = ( GEOMETRIC_REPRESENTATION_CONTEXT(2) 
PARAMETRIC_REPRESENTATION_CONTEXT() REPRESENTATION_CONTEXT('2D SPACE',''
  ) );
#5058 = ORIENTED_EDGE('',*,*,#3327,.T.);
#5059 = ORIENTED_EDGE('',*,*,#5013,.F.);
#5060 = ADVANCED_FACE('',(#5061),#1914,.F.);
#5061 = FACE_BOUND('',#5062,.F.);
#5062 = EDGE_LOOP('',(#5063,#5064,#5085,#5086));
#5063 = ORIENTED_EDGE('',*,*,#1899,.T.);
#5064 = ORIENTED_EDGE('',*,*,#5065,.T.);
#5065 = EDGE_CURVE('',#1867,#3279,#5066,.T.);
#5066 = SURFACE_CURVE('',#5067,(#5071,#5078),.PCURVE_S1.);
#5067 = LINE('',#5068,#5069);
#5068 = CARTESIAN_POINT('',(35.,5.800000010207,-1.));
#5069 = VECTOR('',#5070,1.);
#5070 = DIRECTION('',(0.,0.,1.));
#5071 = PCURVE('',#1914,#5072);
#5072 = DEFINITIONAL_REPRESENTATION('',(#5073),#5077);
#5073 = LINE('',#5074,#5075);
#5074 = CARTESIAN_POINT('',(0.,0.));
#5075 = VECTOR('',#5076,1.);
#5076 = DIRECTION('',(0.,-1.));
#5077 = ( GEOMETRIC_REPRESENTATION_CONTEXT(2) 
PARAMETRIC_REPRESENTATION_CONTEXT() REPRESENTATION_CONTEXT('2D SPACE',''
  ) );
#5078 = PCURVE('',#1887,#5079);
#5079 = DEFINITIONAL_REPRESENTATION('',(#5080),#5084);
#5080 = LINE('',#5081,#5082);
#5081 = CARTESIAN_POINT('',(1.570796326795,0.));
#5082 = VECTOR('',#5083,1.);
#5083 = DIRECTION('',(0.,-1.));
#5084 = ( GEOMETRIC_REPRESENTATION_CONTEXT(2) 
PARAMETRIC_REPRESENTATION_CONTEXT() REPRESENTATION_CONTEXT('2D SPACE',''
  ) );
#5085 = ORIENTED_EDGE('',*,*,#3306,.F.);
#5086 = ORIENTED_EDGE('',*,*,#5038,.F.);
#5087 = ADVANCED_FACE('',(#5088),#1887,.F.);
#5088 = FACE_BOUND('',#5089,.F.);
#5089 = EDGE_LOOP('',(#5090,#5091,#5092,#5093));
#5090 = ORIENTED_EDGE('',*,*,#1866,.F.);
#5091 = ORIENTED_EDGE('',*,*,#4905,.T.);
#5092 = ORIENTED_EDGE('',*,*,#3278,.T.);
#5093 = ORIENTED_EDGE('',*,*,#5065,.F.);
#5094 = ADVANCED_FACE('',(#5095),#2120,.F.);
#5095 = FACE_BOUND('',#5096,.F.);
#5096 = EDGE_LOOP('',(#5097,#5120,#5141,#5160));
#5097 = ORIENTED_EDGE('',*,*,#5098,.F.);
#5098 = EDGE_CURVE('',#5099,#2103,#5101,.T.);
#5099 = VERTEX_POINT('',#5100);
#5100 = CARTESIAN_POINT('',(16.7,-8.,1.6));
#5101 = SURFACE_CURVE('',#5102,(#5106,#5113),.PCURVE_S1.);
#5102 = LINE('',#5103,#5104);
#5103 = CARTESIAN_POINT('',(16.566666666667,-7.866666666666,
    1.733333333333));
#5104 = VECTOR('',#5105,1.);
#5105 = DIRECTION('',(-0.57735026919,0.57735026919,0.57735026919));
#5106 = PCURVE('',#2120,#5107);
#5107 = DEFINITIONAL_REPRESENTATION('',(#5108),#5112);
#5108 = LINE('',#5109,#5110);
#5109 = CARTESIAN_POINT('',(-0.133333333333,-9.428090415821E-02));
#5110 = VECTOR('',#5111,1.);
#5111 = DIRECTION('',(-0.57735026919,0.816496580928));
#5112 = ( GEOMETRIC_REPRESENTATION_CONTEXT(2) 
PARAMETRIC_REPRESENTATION_CONTEXT() REPRESENTATION_CONTEXT('2D SPACE',''
  ) );
#5113 = PCURVE('',#2148,#5114);
#5114 = DEFINITIONAL_REPRESENTATION('',(#5115),#5119);
#5115 = LINE('',#5116,#5117);
#5116 = CARTESIAN_POINT('',(-0.133333333333,9.428090415821E-02));
#5117 = VECTOR('',#5118,1.);
#5118 = DIRECTION('',(-0.57735026919,-0.816496580928));
#5119 = ( GEOMETRIC_REPRESENTATION_CONTEXT(2) 
PARAMETRIC_REPRESENTATION_CONTEXT() REPRESENTATION_CONTEXT('2D SPACE',''
  ) );
#5120 = ORIENTED_EDGE('',*,*,#5121,.T.);
#5121 = EDGE_CURVE('',#5099,#3607,#5122,.T.);
#5122 = SURFACE_CURVE('',#5123,(#5127,#5134),.PCURVE_S1.);
#5123 = LINE('',#5124,#5125);
#5124 = CARTESIAN_POINT('',(16.7,-8.,1.6));
#5125 = VECTOR('',#5126,1.);
#5126 = DIRECTION('',(0.,-1.,0.));
#5127 = PCURVE('',#2120,#5128);
#5128 = DEFINITIONAL_REPRESENTATION('',(#5129),#5133);
#5129 = LINE('',#5130,#5131);
#5130 = CARTESIAN_POINT('',(0.,-0.282842712475));
#5131 = VECTOR('',#5132,1.);
#5132 = DIRECTION('',(1.,0.));
#5133 = ( GEOMETRIC_REPRESENTATION_CONTEXT(2) 
PARAMETRIC_REPRESENTATION_CONTEXT() REPRESENTATION_CONTEXT('2D SPACE',''
  ) );
#5134 = PCURVE('',#3646,#5135);
#5135 = DEFINITIONAL_REPRESENTATION('',(#5136),#5140);
#5136 = LINE('',#5137,#5138);
#5137 = CARTESIAN_POINT('',(6.000000000001,-1.6));
#5138 = VECTOR('',#5139,1.);
#5139 = DIRECTION('',(-1.,0.));
#5140 = ( GEOMETRIC_REPRESENTATION_CONTEXT(2) 
PARAMETRIC_REPRESENTATION_CONTEXT() REPRESENTATION_CONTEXT('2D SPACE',''
  ) );
#5141 = ORIENTED_EDGE('',*,*,#5142,.T.);
#5142 = EDGE_CURVE('',#3607,#2105,#5143,.T.);
#5143 = SURFACE_CURVE('',#5144,(#5148,#5154),.PCURVE_S1.);
#5144 = LINE('',#5145,#5146);
#5145 = CARTESIAN_POINT('',(16.5,-14.,1.8));
#5146 = VECTOR('',#5147,1.);
#5147 = DIRECTION('',(-0.707106781187,0.,0.707106781187));
#5148 = PCURVE('',#2120,#5149);
#5149 = DEFINITIONAL_REPRESENTATION('',(#5150),#5153);
#5150 = B_SPLINE_CURVE_WITH_KNOTS('',1,(#5151,#5152),.UNSPECIFIED.,.F.,
  .F.,(2,2),(-0.282842712475,0.282842712475),.PIECEWISE_BEZIER_KNOTS.);
#5151 = CARTESIAN_POINT('',(6.000000000001,-0.282842712475));
#5152 = CARTESIAN_POINT('',(6.000000000001,0.282842712475));
#5153 = ( GEOMETRIC_REPRESENTATION_CONTEXT(2) 
PARAMETRIC_REPRESENTATION_CONTEXT() REPRESENTATION_CONTEXT('2D SPACE',''
  ) );
#5154 = PCURVE('',#2433,#5155);
#5155 = DEFINITIONAL_REPRESENTATION('',(#5156),#5159);
#5156 = B_SPLINE_CURVE_WITH_KNOTS('',1,(#5157,#5158),.UNSPECIFIED.,.F.,
  .F.,(2,2),(-0.282842712475,0.282842712475),.PIECEWISE_BEZIER_KNOTS.);
#5157 = CARTESIAN_POINT('',(0.,0.));
#5158 = CARTESIAN_POINT('',(0.,-0.4));
#5159 = ( GEOMETRIC_REPRESENTATION_CONTEXT(2) 
PARAMETRIC_REPRESENTATION_CONTEXT() REPRESENTATION_CONTEXT('2D SPACE',''
  ) );
#5160 = ORIENTED_EDGE('',*,*,#2102,.F.);
#5161 = ADVANCED_FACE('',(#5162),#2148,.F.);
#5162 = FACE_BOUND('',#5163,.F.);
#5163 = EDGE_LOOP('',(#5164,#5165,#5166,#5187));
#5164 = ORIENTED_EDGE('',*,*,#5098,.T.);
#5165 = ORIENTED_EDGE('',*,*,#2132,.T.);
#5166 = ORIENTED_EDGE('',*,*,#5167,.T.);
#5167 = EDGE_CURVE('',#2133,#5168,#5170,.T.);
#5168 = VERTEX_POINT('',#5169);
#5169 = CARTESIAN_POINT('',(39.,-8.,1.6));
#5170 = SURFACE_CURVE('',#5171,(#5175,#5181),.PCURVE_S1.);
#5171 = LINE('',#5172,#5173);
#5172 = CARTESIAN_POINT('',(39.,-7.8,1.8));
#5173 = VECTOR('',#5174,1.);
#5174 = DIRECTION('',(0.,-0.707106781187,-0.707106781187));
#5175 = PCURVE('',#2148,#5176);
#5176 = DEFINITIONAL_REPRESENTATION('',(#5177),#5180);
#5177 = B_SPLINE_CURVE_WITH_KNOTS('',1,(#5178,#5179),.UNSPECIFIED.,.F.,
  .F.,(2,2),(-0.282842712475,0.282842712475),.PIECEWISE_BEZIER_KNOTS.);
#5178 = CARTESIAN_POINT('',(22.3,-0.282842712475));
#5179 = CARTESIAN_POINT('',(22.3,0.282842712475));
#5180 = ( GEOMETRIC_REPRESENTATION_CONTEXT(2) 
PARAMETRIC_REPRESENTATION_CONTEXT() REPRESENTATION_CONTEXT('2D SPACE',''
  ) );
#5181 = PCURVE('',#2177,#5182);
#5182 = DEFINITIONAL_REPRESENTATION('',(#5183),#5186);
#5183 = B_SPLINE_CURVE_WITH_KNOTS('',1,(#5184,#5185),.UNSPECIFIED.,.F.,
  .F.,(2,2),(-0.282842712475,0.282842712475),.PIECEWISE_BEZIER_KNOTS.);
#5184 = CARTESIAN_POINT('',(0.,-0.4));
#5185 = CARTESIAN_POINT('',(0.,-2.355138688026E-16));
#5186 = ( GEOMETRIC_REPRESENTATION_CONTEXT(2) 
PARAMETRIC_REPRESENTATION_CONTEXT() REPRESENTATION_CONTEXT('2D SPACE',''
  ) );
#5187 = ORIENTED_EDGE('',*,*,#5188,.F.);
#5188 = EDGE_CURVE('',#5099,#5168,#5189,.T.);
#5189 = SURFACE_CURVE('',#5190,(#5194,#5201),.PCURVE_S1.);
#5190 = LINE('',#5191,#5192);
#5191 = CARTESIAN_POINT('',(16.7,-8.,1.6));
#5192 = VECTOR('',#5193,1.);
#5193 = DIRECTION('',(1.,0.,0.));
#5194 = PCURVE('',#2148,#5195);
#5195 = DEFINITIONAL_REPRESENTATION('',(#5196),#5200);
#5196 = LINE('',#5197,#5198);
#5197 = CARTESIAN_POINT('',(0.,0.282842712475));
#5198 = VECTOR('',#5199,1.);
#5199 = DIRECTION('',(1.,0.));
#5200 = ( GEOMETRIC_REPRESENTATION_CONTEXT(2) 
PARAMETRIC_REPRESENTATION_CONTEXT() REPRESENTATION_CONTEXT('2D SPACE',''
  ) );
#5201 = PCURVE('',#3787,#5202);
#5202 = DEFINITIONAL_REPRESENTATION('',(#5203),#5207);
#5203 = LINE('',#5204,#5205);
#5204 = CARTESIAN_POINT('',(1.7,-1.6));
#5205 = VECTOR('',#5206,1.);
#5206 = DIRECTION('',(1.,0.));
#5207 = ( GEOMETRIC_REPRESENTATION_CONTEXT(2) 
PARAMETRIC_REPRESENTATION_CONTEXT() REPRESENTATION_CONTEXT('2D SPACE',''
  ) );
#5208 = ADVANCED_FACE('',(#5209),#2433,.T.);
#5209 = FACE_BOUND('',#5210,.F.);
#5210 = EDGE_LOOP('',(#5211,#5212,#5213,#5214));
#5211 = ORIENTED_EDGE('',*,*,#5142,.F.);
#5212 = ORIENTED_EDGE('',*,*,#3606,.T.);
#5213 = ORIENTED_EDGE('',*,*,#3580,.T.);
#5214 = ORIENTED_EDGE('',*,*,#2414,.F.);
#5215 = ADVANCED_FACE('',(#5216),#2177,.T.);
#5216 = FACE_BOUND('',#5217,.F.);
#5217 = EDGE_LOOP('',(#5218,#5219,#5220,#5241));
#5218 = ORIENTED_EDGE('',*,*,#5167,.F.);
#5219 = ORIENTED_EDGE('',*,*,#2160,.T.);
#5220 = ORIENTED_EDGE('',*,*,#5221,.T.);
#5221 = EDGE_CURVE('',#2161,#5222,#5224,.T.);
#5222 = VERTEX_POINT('',#5223);
#5223 = CARTESIAN_POINT('',(40.,-7.,1.6));
#5224 = SURFACE_CURVE('',#5225,(#5229,#5235),.PCURVE_S1.);
#5225 = LINE('',#5226,#5227);
#5226 = CARTESIAN_POINT('',(40.,-7.,1.6));
#5227 = VECTOR('',#5228,1.);
#5228 = DIRECTION('',(0.707106781187,-4.329780281177E-17,-0.707106781187
    ));
#5229 = PCURVE('',#2177,#5230);
#5230 = DEFINITIONAL_REPRESENTATION('',(#5231),#5234);
#5231 = B_SPLINE_CURVE_WITH_KNOTS('',1,(#5232,#5233),.UNSPECIFIED.,.F.,
  .F.,(2,2),(-0.565685424949,0.),.PIECEWISE_BEZIER_KNOTS.);
#5232 = CARTESIAN_POINT('',(-1.570796326795,-0.4));
#5233 = CARTESIAN_POINT('',(-1.570796326795,0.));
#5234 = ( GEOMETRIC_REPRESENTATION_CONTEXT(2) 
PARAMETRIC_REPRESENTATION_CONTEXT() REPRESENTATION_CONTEXT('2D SPACE',''
  ) );
#5235 = PCURVE('',#2205,#5236);
#5236 = DEFINITIONAL_REPRESENTATION('',(#5237),#5240);
#5237 = B_SPLINE_CURVE_WITH_KNOTS('',1,(#5238,#5239),.UNSPECIFIED.,.F.,
  .F.,(2,2),(-0.565685424949,0.),.PIECEWISE_BEZIER_KNOTS.);
#5238 = CARTESIAN_POINT('',(0.,-0.282842712475));
#5239 = CARTESIAN_POINT('',(0.,0.282842712475));
#5240 = ( GEOMETRIC_REPRESENTATION_CONTEXT(2) 
PARAMETRIC_REPRESENTATION_CONTEXT() REPRESENTATION_CONTEXT('2D SPACE',''
  ) );
#5241 = ORIENTED_EDGE('',*,*,#5242,.F.);
#5242 = EDGE_CURVE('',#5168,#5222,#5243,.T.);
#5243 = SURFACE_CURVE('',#5244,(#5249,#5256),.PCURVE_S1.);
#5244 = CIRCLE('',#5245,1.);
#5245 = AXIS2_PLACEMENT_3D('',#5246,#5247,#5248);
#5246 = CARTESIAN_POINT('',(39.,-7.,1.6));
#5247 = DIRECTION('',(0.,0.,1.));
#5248 = DIRECTION('',(0.,-1.,0.));
#5249 = PCURVE('',#2177,#5250);
#5250 = DEFINITIONAL_REPRESENTATION('',(#5251),#5255);
#5251 = LINE('',#5252,#5253);
#5252 = CARTESIAN_POINT('',(0.,0.));
#5253 = VECTOR('',#5254,1.);
#5254 = DIRECTION('',(-1.,0.));
#5255 = ( GEOMETRIC_REPRESENTATION_CONTEXT(2) 
PARAMETRIC_REPRESENTATION_CONTEXT() REPRESENTATION_CONTEXT('2D SPACE',''
  ) );
#5256 = PCURVE('',#3847,#5257);
#5257 = DEFINITIONAL_REPRESENTATION('',(#5258),#5262);
#5258 = LINE('',#5259,#5260);
#5259 = CARTESIAN_POINT('',(4.712388980385,-1.6));
#5260 = VECTOR('',#5261,1.);
#5261 = DIRECTION('',(-1.,0.));
#5262 = ( GEOMETRIC_REPRESENTATION_CONTEXT(2) 
PARAMETRIC_REPRESENTATION_CONTEXT() REPRESENTATION_CONTEXT('2D SPACE',''
  ) );
#5263 = ADVANCED_FACE('',(#5264),#2205,.F.);
#5264 = FACE_BOUND('',#5265,.F.);
#5265 = EDGE_LOOP('',(#5266,#5267,#5268,#5289));
#5266 = ORIENTED_EDGE('',*,*,#5221,.F.);
#5267 = ORIENTED_EDGE('',*,*,#2189,.T.);
#5268 = ORIENTED_EDGE('',*,*,#5269,.T.);
#5269 = EDGE_CURVE('',#2190,#5270,#5272,.T.);
#5270 = VERTEX_POINT('',#5271);
#5271 = CARTESIAN_POINT('',(40.,6.999999998418,1.6));
#5272 = SURFACE_CURVE('',#5273,(#5277,#5283),.PCURVE_S1.);
#5273 = LINE('',#5274,#5275);
#5274 = CARTESIAN_POINT('',(39.8,6.999999998418,1.8));
#5275 = VECTOR('',#5276,1.);
#5276 = DIRECTION('',(0.707106781187,0.,-0.707106781187));
#5277 = PCURVE('',#2205,#5278);
#5278 = DEFINITIONAL_REPRESENTATION('',(#5279),#5282);
#5279 = B_SPLINE_CURVE_WITH_KNOTS('',1,(#5280,#5281),.UNSPECIFIED.,.F.,
  .F.,(2,2),(-0.282842712475,0.282842712475),.PIECEWISE_BEZIER_KNOTS.);
#5280 = CARTESIAN_POINT('',(13.999999998418,-0.282842712475));
#5281 = CARTESIAN_POINT('',(13.999999998418,0.282842712475));
#5282 = ( GEOMETRIC_REPRESENTATION_CONTEXT(2) 
PARAMETRIC_REPRESENTATION_CONTEXT() REPRESENTATION_CONTEXT('2D SPACE',''
  ) );
#5283 = PCURVE('',#2234,#5284);
#5284 = DEFINITIONAL_REPRESENTATION('',(#5285),#5288);
#5285 = B_SPLINE_CURVE_WITH_KNOTS('',1,(#5286,#5287),.UNSPECIFIED.,.F.,
  .F.,(2,2),(-0.282842712475,0.282842712475),.PIECEWISE_BEZIER_KNOTS.);
#5286 = CARTESIAN_POINT('',(0.,-0.4));
#5287 = CARTESIAN_POINT('',(0.,-3.37569878617E-15));
#5288 = ( GEOMETRIC_REPRESENTATION_CONTEXT(2) 
PARAMETRIC_REPRESENTATION_CONTEXT() REPRESENTATION_CONTEXT('2D SPACE',''
  ) );
#5289 = ORIENTED_EDGE('',*,*,#5290,.F.);
#5290 = EDGE_CURVE('',#5222,#5270,#5291,.T.);
#5291 = SURFACE_CURVE('',#5292,(#5296,#5303),.PCURVE_S1.);
#5292 = LINE('',#5293,#5294);
#5293 = CARTESIAN_POINT('',(40.,-7.,1.6));
#5294 = VECTOR('',#5295,1.);
#5295 = DIRECTION('',(0.,1.,0.));
#5296 = PCURVE('',#2205,#5297);
#5297 = DEFINITIONAL_REPRESENTATION('',(#5298),#5302);
#5298 = LINE('',#5299,#5300);
#5299 = CARTESIAN_POINT('',(0.,0.282842712475));
#5300 = VECTOR('',#5301,1.);
#5301 = DIRECTION('',(1.,0.));
#5302 = ( GEOMETRIC_REPRESENTATION_CONTEXT(2) 
PARAMETRIC_REPRESENTATION_CONTEXT() REPRESENTATION_CONTEXT('2D SPACE',''
  ) );
#5303 = PCURVE('',#3899,#5304);
#5304 = DEFINITIONAL_REPRESENTATION('',(#5305),#5309);
#5305 = LINE('',#5306,#5307);
#5306 = CARTESIAN_POINT('',(0.,-1.6));
#5307 = VECTOR('',#5308,1.);
#5308 = DIRECTION('',(1.,0.));
#5309 = ( GEOMETRIC_REPRESENTATION_CONTEXT(2) 
PARAMETRIC_REPRESENTATION_CONTEXT() REPRESENTATION_CONTEXT('2D SPACE',''
  ) );
#5310 = ADVANCED_FACE('',(#5311),#2234,.T.);
#5311 = FACE_BOUND('',#5312,.F.);
#5312 = EDGE_LOOP('',(#5313,#5314,#5315,#5336));
#5313 = ORIENTED_EDGE('',*,*,#5269,.F.);
#5314 = ORIENTED_EDGE('',*,*,#2217,.T.);
#5315 = ORIENTED_EDGE('',*,*,#5316,.T.);
#5316 = EDGE_CURVE('',#2218,#5317,#5319,.T.);
#5317 = VERTEX_POINT('',#5318);
#5318 = CARTESIAN_POINT('',(39.,7.999999998418,1.6));
#5319 = SURFACE_CURVE('',#5320,(#5324,#5330),.PCURVE_S1.);
#5320 = LINE('',#5321,#5322);
#5321 = CARTESIAN_POINT('',(39.,7.999999998418,1.6));
#5322 = VECTOR('',#5323,1.);
#5323 = DIRECTION('',(4.329780281177E-17,0.707106781187,-0.707106781187)
  );
#5324 = PCURVE('',#2234,#5325);
#5325 = DEFINITIONAL_REPRESENTATION('',(#5326),#5329);
#5326 = B_SPLINE_CURVE_WITH_KNOTS('',1,(#5327,#5328),.UNSPECIFIED.,.F.,
  .F.,(2,2),(-0.565685424949,0.),.PIECEWISE_BEZIER_KNOTS.);
#5327 = CARTESIAN_POINT('',(-1.570796326795,-0.4));
#5328 = CARTESIAN_POINT('',(-1.570796326795,0.));
#5329 = ( GEOMETRIC_REPRESENTATION_CONTEXT(2) 
PARAMETRIC_REPRESENTATION_CONTEXT() REPRESENTATION_CONTEXT('2D SPACE',''
  ) );
#5330 = PCURVE('',#2262,#5331);
#5331 = DEFINITIONAL_REPRESENTATION('',(#5332),#5335);
#5332 = B_SPLINE_CURVE_WITH_KNOTS('',1,(#5333,#5334),.UNSPECIFIED.,.F.,
  .F.,(2,2),(-0.565685424949,0.),.PIECEWISE_BEZIER_KNOTS.);
#5333 = CARTESIAN_POINT('',(0.,-0.282842712475));
#5334 = CARTESIAN_POINT('',(0.,0.282842712475));
#5335 = ( GEOMETRIC_REPRESENTATION_CONTEXT(2) 
PARAMETRIC_REPRESENTATION_CONTEXT() REPRESENTATION_CONTEXT('2D SPACE',''
  ) );
#5336 = ORIENTED_EDGE('',*,*,#5337,.F.);
#5337 = EDGE_CURVE('',#5270,#5317,#5338,.T.);
#5338 = SURFACE_CURVE('',#5339,(#5344,#5351),.PCURVE_S1.);
#5339 = CIRCLE('',#5340,1.);
#5340 = AXIS2_PLACEMENT_3D('',#5341,#5342,#5343);
#5341 = CARTESIAN_POINT('',(39.,6.999999998418,1.6));
#5342 = DIRECTION('',(0.,0.,1.));
#5343 = DIRECTION('',(1.,0.,0.));
#5344 = PCURVE('',#2234,#5345);
#5345 = DEFINITIONAL_REPRESENTATION('',(#5346),#5350);
#5346 = LINE('',#5347,#5348);
#5347 = CARTESIAN_POINT('',(0.,0.));
#5348 = VECTOR('',#5349,1.);
#5349 = DIRECTION('',(-1.,0.));
#5350 = ( GEOMETRIC_REPRESENTATION_CONTEXT(2) 
PARAMETRIC_REPRESENTATION_CONTEXT() REPRESENTATION_CONTEXT('2D SPACE',''
  ) );
#5351 = PCURVE('',#3952,#5352);
#5352 = DEFINITIONAL_REPRESENTATION('',(#5353),#5357);
#5353 = LINE('',#5354,#5355);
#5354 = CARTESIAN_POINT('',(3.14159265359,-1.6));
#5355 = VECTOR('',#5356,1.);
#5356 = DIRECTION('',(-1.,0.));
#5357 = ( GEOMETRIC_REPRESENTATION_CONTEXT(2) 
PARAMETRIC_REPRESENTATION_CONTEXT() REPRESENTATION_CONTEXT('2D SPACE',''
  ) );
#5358 = ADVANCED_FACE('',(#5359),#2262,.T.);
#5359 = FACE_BOUND('',#5360,.F.);
#5360 = EDGE_LOOP('',(#5361,#5362,#5363,#5386));
#5361 = ORIENTED_EDGE('',*,*,#5316,.F.);
#5362 = ORIENTED_EDGE('',*,*,#2246,.T.);
#5363 = ORIENTED_EDGE('',*,*,#5364,.F.);
#5364 = EDGE_CURVE('',#5365,#2247,#5367,.T.);
#5365 = VERTEX_POINT('',#5366);
#5366 = CARTESIAN_POINT('',(16.7,8.,1.6));
#5367 = SURFACE_CURVE('',#5368,(#5372,#5379),.PCURVE_S1.);
#5368 = LINE('',#5369,#5370);
#5369 = CARTESIAN_POINT('',(21.283333332402,12.583333332403,
    -2.983333332402));
#5370 = VECTOR('',#5371,1.);
#5371 = DIRECTION('',(-0.57735026919,-0.57735026919,0.57735026919));
#5372 = PCURVE('',#2262,#5373);
#5373 = DEFINITIONAL_REPRESENTATION('',(#5374),#5378);
#5374 = LINE('',#5375,#5376);
#5375 = CARTESIAN_POINT('',(-17.71666666759,6.764654872035));
#5376 = VECTOR('',#5377,1.);
#5377 = DIRECTION('',(-0.57735026919,-0.816496580928));
#5378 = ( GEOMETRIC_REPRESENTATION_CONTEXT(2) 
PARAMETRIC_REPRESENTATION_CONTEXT() REPRESENTATION_CONTEXT('2D SPACE',''
  ) );
#5379 = PCURVE('',#2290,#5380);
#5380 = DEFINITIONAL_REPRESENTATION('',(#5381),#5385);
#5381 = LINE('',#5382,#5383);
#5382 = CARTESIAN_POINT('',(1.416666662012,-6.764654872035));
#5383 = VECTOR('',#5384,1.);
#5384 = DIRECTION('',(0.57735026919,0.816496580928));
#5385 = ( GEOMETRIC_REPRESENTATION_CONTEXT(2) 
PARAMETRIC_REPRESENTATION_CONTEXT() REPRESENTATION_CONTEXT('2D SPACE',''
  ) );
#5386 = ORIENTED_EDGE('',*,*,#5387,.F.);
#5387 = EDGE_CURVE('',#5317,#5365,#5388,.T.);
#5388 = SURFACE_CURVE('',#5389,(#5393,#5400),.PCURVE_S1.);
#5389 = LINE('',#5390,#5391);
#5390 = CARTESIAN_POINT('',(39.,8.,1.6));
#5391 = VECTOR('',#5392,1.);
#5392 = DIRECTION('',(-1.,0.,0.));
#5393 = PCURVE('',#2262,#5394);
#5394 = DEFINITIONAL_REPRESENTATION('',(#5395),#5399);
#5395 = LINE('',#5396,#5397);
#5396 = CARTESIAN_POINT('',(0.,0.282842712475));
#5397 = VECTOR('',#5398,1.);
#5398 = DIRECTION('',(-1.,0.));
#5399 = ( GEOMETRIC_REPRESENTATION_CONTEXT(2) 
PARAMETRIC_REPRESENTATION_CONTEXT() REPRESENTATION_CONTEXT('2D SPACE',''
  ) );
#5400 = PCURVE('',#4006,#5401);
#5401 = DEFINITIONAL_REPRESENTATION('',(#5402),#5406);
#5402 = LINE('',#5403,#5404);
#5403 = CARTESIAN_POINT('',(24.,-1.6));
#5404 = VECTOR('',#5405,1.);
#5405 = DIRECTION('',(-1.,0.));
#5406 = ( GEOMETRIC_REPRESENTATION_CONTEXT(2) 
PARAMETRIC_REPRESENTATION_CONTEXT() REPRESENTATION_CONTEXT('2D SPACE',''
  ) );
#5407 = ADVANCED_FACE('',(#5408),#2290,.F.);
#5408 = FACE_BOUND('',#5409,.F.);
#5409 = EDGE_LOOP('',(#5410,#5431,#5452,#5453));
#5410 = ORIENTED_EDGE('',*,*,#5411,.F.);
#5411 = EDGE_CURVE('',#5412,#2275,#5414,.T.);
#5412 = VERTEX_POINT('',#5413);
#5413 = CARTESIAN_POINT('',(16.7,13.999999994414,1.6));
#5414 = SURFACE_CURVE('',#5415,(#5419,#5425),.PCURVE_S1.);
#5415 = LINE('',#5416,#5417);
#5416 = CARTESIAN_POINT('',(16.7,13.999999994414,1.6));
#5417 = VECTOR('',#5418,1.);
#5418 = DIRECTION('',(-0.707106781187,-4.329780281177E-17,0.707106781187
    ));
#5419 = PCURVE('',#2290,#5420);
#5420 = DEFINITIONAL_REPRESENTATION('',(#5421),#5424);
#5421 = B_SPLINE_CURVE_WITH_KNOTS('',1,(#5422,#5423),.UNSPECIFIED.,.F.,
  .F.,(2,2),(0.,0.565685424949),.PIECEWISE_BEZIER_KNOTS.);
#5422 = CARTESIAN_POINT('',(3.552713678801E-15,-0.282842712475));
#5423 = CARTESIAN_POINT('',(3.552713678801E-15,0.282842712475));
#5424 = ( GEOMETRIC_REPRESENTATION_CONTEXT(2) 
PARAMETRIC_REPRESENTATION_CONTEXT() REPRESENTATION_CONTEXT('2D SPACE',''
  ) );
#5425 = PCURVE('',#2323,#5426);
#5426 = DEFINITIONAL_REPRESENTATION('',(#5427),#5430);
#5427 = B_SPLINE_CURVE_WITH_KNOTS('',1,(#5428,#5429),.UNSPECIFIED.,.F.,
  .F.,(2,2),(0.,0.565685424949),.PIECEWISE_BEZIER_KNOTS.);
#5428 = CARTESIAN_POINT('',(1.570796326795,0.));
#5429 = CARTESIAN_POINT('',(1.570796326795,-0.4));
#5430 = ( GEOMETRIC_REPRESENTATION_CONTEXT(2) 
PARAMETRIC_REPRESENTATION_CONTEXT() REPRESENTATION_CONTEXT('2D SPACE',''
  ) );
#5431 = ORIENTED_EDGE('',*,*,#5432,.T.);
#5432 = EDGE_CURVE('',#5412,#5365,#5433,.T.);
#5433 = SURFACE_CURVE('',#5434,(#5438,#5445),.PCURVE_S1.);
#5434 = LINE('',#5435,#5436);
#5435 = CARTESIAN_POINT('',(16.7,13.999999994414,1.6));
#5436 = VECTOR('',#5437,1.);
#5437 = DIRECTION('',(0.,-1.,0.));
#5438 = PCURVE('',#2290,#5439);
#5439 = DEFINITIONAL_REPRESENTATION('',(#5440),#5444);
#5440 = LINE('',#5441,#5442);
#5441 = CARTESIAN_POINT('',(0.,-0.282842712475));
#5442 = VECTOR('',#5443,1.);
#5443 = DIRECTION('',(1.,0.));
#5444 = ( GEOMETRIC_REPRESENTATION_CONTEXT(2) 
PARAMETRIC_REPRESENTATION_CONTEXT() REPRESENTATION_CONTEXT('2D SPACE',''
  ) );
#5445 = PCURVE('',#4056,#5446);
#5446 = DEFINITIONAL_REPRESENTATION('',(#5447),#5451);
#5447 = LINE('',#5448,#5449);
#5448 = CARTESIAN_POINT('',(27.999999994416,-1.6));
#5449 = VECTOR('',#5450,1.);
#5450 = DIRECTION('',(-1.,0.));
#5451 = ( GEOMETRIC_REPRESENTATION_CONTEXT(2) 
PARAMETRIC_REPRESENTATION_CONTEXT() REPRESENTATION_CONTEXT('2D SPACE',''
  ) );
#5452 = ORIENTED_EDGE('',*,*,#5364,.T.);
#5453 = ORIENTED_EDGE('',*,*,#2274,.F.);
#5454 = ADVANCED_FACE('',(#5455),#2351,.T.);
#5455 = FACE_BOUND('',#5456,.F.);
#5456 = EDGE_LOOP('',(#5457,#5458,#5459,#5478));
#5457 = ORIENTED_EDGE('',*,*,#3456,.F.);
#5458 = ORIENTED_EDGE('',*,*,#3480,.T.);
#5459 = ORIENTED_EDGE('',*,*,#5460,.T.);
#5460 = EDGE_CURVE('',#3481,#2303,#5461,.T.);
#5461 = SURFACE_CURVE('',#5462,(#5466,#5472),.PCURVE_S1.);
#5462 = LINE('',#5463,#5464);
#5463 = CARTESIAN_POINT('',(15.7,14.800000000001,1.8));
#5464 = VECTOR('',#5465,1.);
#5465 = DIRECTION('',(0.,-0.707106781187,0.707106781187));
#5466 = PCURVE('',#2351,#5467);
#5467 = DEFINITIONAL_REPRESENTATION('',(#5468),#5471);
#5468 = B_SPLINE_CURVE_WITH_KNOTS('',1,(#5469,#5470),.UNSPECIFIED.,.F.,
  .F.,(2,2),(-0.282842712475,0.282842712475),.PIECEWISE_BEZIER_KNOTS.);
#5469 = CARTESIAN_POINT('',(-31.4,-0.282842712475));
#5470 = CARTESIAN_POINT('',(-31.4,0.282842712475));
#5471 = ( GEOMETRIC_REPRESENTATION_CONTEXT(2) 
PARAMETRIC_REPRESENTATION_CONTEXT() REPRESENTATION_CONTEXT('2D SPACE',''
  ) );
#5472 = PCURVE('',#2323,#5473);
#5473 = DEFINITIONAL_REPRESENTATION('',(#5474),#5477);
#5474 = B_SPLINE_CURVE_WITH_KNOTS('',1,(#5475,#5476),.UNSPECIFIED.,.F.,
  .F.,(2,2),(-0.282842712475,0.282842712475),.PIECEWISE_BEZIER_KNOTS.);
#5475 = CARTESIAN_POINT('',(0.,0.));
#5476 = CARTESIAN_POINT('',(0.,-0.4));
#5477 = ( GEOMETRIC_REPRESENTATION_CONTEXT(2) 
PARAMETRIC_REPRESENTATION_CONTEXT() REPRESENTATION_CONTEXT('2D SPACE',''
  ) );
#5478 = ORIENTED_EDGE('',*,*,#2335,.F.);
#5479 = ADVANCED_FACE('',(#5480),#2323,.T.);
#5480 = FACE_BOUND('',#5481,.F.);
#5481 = EDGE_LOOP('',(#5482,#5483,#5505,#5506));
#5482 = ORIENTED_EDGE('',*,*,#5460,.F.);
#5483 = ORIENTED_EDGE('',*,*,#5484,.T.);
#5484 = EDGE_CURVE('',#3481,#5412,#5485,.T.);
#5485 = SURFACE_CURVE('',#5486,(#5491,#5498),.PCURVE_S1.);
#5486 = CIRCLE('',#5487,1.);
#5487 = AXIS2_PLACEMENT_3D('',#5488,#5489,#5490);
#5488 = CARTESIAN_POINT('',(15.7,13.999999994414,1.6));
#5489 = DIRECTION('',(0.,0.,-1.));
#5490 = DIRECTION('',(0.,1.,0.));
#5491 = PCURVE('',#2323,#5492);
#5492 = DEFINITIONAL_REPRESENTATION('',(#5493),#5497);
#5493 = LINE('',#5494,#5495);
#5494 = CARTESIAN_POINT('',(0.,0.));
#5495 = VECTOR('',#5496,1.);
#5496 = DIRECTION('',(1.,0.));
#5497 = ( GEOMETRIC_REPRESENTATION_CONTEXT(2) 
PARAMETRIC_REPRESENTATION_CONTEXT() REPRESENTATION_CONTEXT('2D SPACE',''
  ) );
#5498 = PCURVE('',#3519,#5499);
#5499 = DEFINITIONAL_REPRESENTATION('',(#5500),#5504);
#5500 = LINE('',#5501,#5502);
#5501 = CARTESIAN_POINT('',(-1.570796326795,-1.6));
#5502 = VECTOR('',#5503,1.);
#5503 = DIRECTION('',(1.,0.));
#5504 = ( GEOMETRIC_REPRESENTATION_CONTEXT(2) 
PARAMETRIC_REPRESENTATION_CONTEXT() REPRESENTATION_CONTEXT('2D SPACE',''
  ) );
#5505 = ORIENTED_EDGE('',*,*,#5411,.T.);
#5506 = ORIENTED_EDGE('',*,*,#2302,.F.);
#5507 = ADVANCED_FACE('',(#5508),#2464,.T.);
#5508 = FACE_BOUND('',#5509,.T.);
#5509 = EDGE_LOOP('',(#5510,#5533,#5560,#5561));
#5510 = ORIENTED_EDGE('',*,*,#5511,.T.);
#5511 = EDGE_CURVE('',#2448,#5512,#5514,.T.);
#5512 = VERTEX_POINT('',#5513);
#5513 = CARTESIAN_POINT('',(-7.71,-6.35,12.));
#5514 = SEAM_CURVE('',#5515,(#5519,#5526),.PCURVE_S1.);
#5515 = LINE('',#5516,#5517);
#5516 = CARTESIAN_POINT('',(-7.71,-6.35,1.8));
#5517 = VECTOR('',#5518,1.);
#5518 = DIRECTION('',(0.,0.,1.));
#5519 = PCURVE('',#2464,#5520);
#5520 = DEFINITIONAL_REPRESENTATION('',(#5521),#5525);
#5521 = LINE('',#5522,#5523);
#5522 = CARTESIAN_POINT('',(6.28318530718,0.));
#5523 = VECTOR('',#5524,1.);
#5524 = DIRECTION('',(0.,1.));
#5525 = ( GEOMETRIC_REPRESENTATION_CONTEXT(2) 
PARAMETRIC_REPRESENTATION_CONTEXT() REPRESENTATION_CONTEXT('2D SPACE',''
  ) );
#5526 = PCURVE('',#2464,#5527);
#5527 = DEFINITIONAL_REPRESENTATION('',(#5528),#5532);
#5528 = LINE('',#5529,#5530);
#5529 = CARTESIAN_POINT('',(0.,0.));
#5530 = VECTOR('',#5531,1.);
#5531 = DIRECTION('',(0.,1.));
#5532 = ( GEOMETRIC_REPRESENTATION_CONTEXT(2) 
PARAMETRIC_REPRESENTATION_CONTEXT() REPRESENTATION_CONTEXT('2D SPACE',''
  ) );
#5533 = ORIENTED_EDGE('',*,*,#5534,.F.);
#5534 = EDGE_CURVE('',#5512,#5512,#5535,.T.);
#5535 = SURFACE_CURVE('',#5536,(#5541,#5548),.PCURVE_S1.);
#5536 = CIRCLE('',#5537,2.45);
#5537 = AXIS2_PLACEMENT_3D('',#5538,#5539,#5540);
#5538 = CARTESIAN_POINT('',(-10.16,-6.35,12.));
#5539 = DIRECTION('',(0.,0.,1.));
#5540 = DIRECTION('',(1.,0.,0.));
#5541 = PCURVE('',#2464,#5542);
#5542 = DEFINITIONAL_REPRESENTATION('',(#5543),#5547);
#5543 = LINE('',#5544,#5545);
#5544 = CARTESIAN_POINT('',(0.,10.2));
#5545 = VECTOR('',#5546,1.);
#5546 = DIRECTION('',(1.,0.));
#5547 = ( GEOMETRIC_REPRESENTATION_CONTEXT(2) 
PARAMETRIC_REPRESENTATION_CONTEXT() REPRESENTATION_CONTEXT('2D SPACE',''
  ) );
#5548 = PCURVE('',#5549,#5554);
#5549 = PLANE('',#5550);
#5550 = AXIS2_PLACEMENT_3D('',#5551,#5552,#5553);
#5551 = CARTESIAN_POINT('',(-10.16,-6.35,12.));
#5552 = DIRECTION('',(0.,0.,1.));
#5553 = DIRECTION('',(1.,0.,0.));
#5554 = DEFINITIONAL_REPRESENTATION('',(#5555),#5559);
#5555 = CIRCLE('',#5556,2.45);
#5556 = AXIS2_PLACEMENT_2D('',#5557,#5558);
#5557 = CARTESIAN_POINT('',(0.,0.));
#5558 = DIRECTION('',(1.,0.));
#5559 = ( GEOMETRIC_REPRESENTATION_CONTEXT(2) 
PARAMETRIC_REPRESENTATION_CONTEXT() REPRESENTATION_CONTEXT('2D SPACE',''
  ) );
#5560 = ORIENTED_EDGE('',*,*,#5511,.F.);
#5561 = ORIENTED_EDGE('',*,*,#2447,.T.);
#5562 = ADVANCED_FACE('',(#5563),#2495,.T.);
#5563 = FACE_BOUND('',#5564,.T.);
#5564 = EDGE_LOOP('',(#5565,#5588,#5615,#5616));
#5565 = ORIENTED_EDGE('',*,*,#5566,.T.);
#5566 = EDGE_CURVE('',#2479,#5567,#5569,.T.);
#5567 = VERTEX_POINT('',#5568);
#5568 = CARTESIAN_POINT('',(12.61,-6.35,12.));
#5569 = SEAM_CURVE('',#5570,(#5574,#5581),.PCURVE_S1.);
#5570 = LINE('',#5571,#5572);
#5571 = CARTESIAN_POINT('',(12.61,-6.35,1.8));
#5572 = VECTOR('',#5573,1.);
#5573 = DIRECTION('',(0.,0.,1.));
#5574 = PCURVE('',#2495,#5575);
#5575 = DEFINITIONAL_REPRESENTATION('',(#5576),#5580);
#5576 = LINE('',#5577,#5578);
#5577 = CARTESIAN_POINT('',(6.28318530718,0.));
#5578 = VECTOR('',#5579,1.);
#5579 = DIRECTION('',(0.,1.));
#5580 = ( GEOMETRIC_REPRESENTATION_CONTEXT(2) 
PARAMETRIC_REPRESENTATION_CONTEXT() REPRESENTATION_CONTEXT('2D SPACE',''
  ) );
#5581 = PCURVE('',#2495,#5582);
#5582 = DEFINITIONAL_REPRESENTATION('',(#5583),#5587);
#5583 = LINE('',#5584,#5585);
#5584 = CARTESIAN_POINT('',(0.,0.));
#5585 = VECTOR('',#5586,1.);
#5586 = DIRECTION('',(0.,1.));
#5587 = ( GEOMETRIC_REPRESENTATION_CONTEXT(2) 
PARAMETRIC_REPRESENTATION_CONTEXT() REPRESENTATION_CONTEXT('2D SPACE',''
  ) );
#5588 = ORIENTED_EDGE('',*,*,#5589,.F.);
#5589 = EDGE_CURVE('',#5567,#5567,#5590,.T.);
#5590 = SURFACE_CURVE('',#5591,(#5596,#5603),.PCURVE_S1.);
#5591 = CIRCLE('',#5592,2.45);
#5592 = AXIS2_PLACEMENT_3D('',#5593,#5594,#5595);
#5593 = CARTESIAN_POINT('',(10.16,-6.35,12.));
#5594 = DIRECTION('',(0.,0.,1.));
#5595 = DIRECTION('',(1.,0.,0.));
#5596 = PCURVE('',#2495,#5597);
#5597 = DEFINITIONAL_REPRESENTATION('',(#5598),#5602);
#5598 = LINE('',#5599,#5600);
#5599 = CARTESIAN_POINT('',(0.,10.2));
#5600 = VECTOR('',#5601,1.);
#5601 = DIRECTION('',(1.,0.));
#5602 = ( GEOMETRIC_REPRESENTATION_CONTEXT(2) 
PARAMETRIC_REPRESENTATION_CONTEXT() REPRESENTATION_CONTEXT('2D SPACE',''
  ) );
#5603 = PCURVE('',#5604,#5609);
#5604 = PLANE('',#5605);
#5605 = AXIS2_PLACEMENT_3D('',#5606,#5607,#5608);
#5606 = CARTESIAN_POINT('',(10.16,-6.35,12.));
#5607 = DIRECTION('',(0.,0.,1.));
#5608 = DIRECTION('',(1.,0.,0.));
#5609 = DEFINITIONAL_REPRESENTATION('',(#5610),#5614);
#5610 = CIRCLE('',#5611,2.45);
#5611 = AXIS2_PLACEMENT_2D('',#5612,#5613);
#5612 = CARTESIAN_POINT('',(0.,0.));
#5613 = DIRECTION('',(1.,0.));
#5614 = ( GEOMETRIC_REPRESENTATION_CONTEXT(2) 
PARAMETRIC_REPRESENTATION_CONTEXT() REPRESENTATION_CONTEXT('2D SPACE',''
  ) );
#5615 = ORIENTED_EDGE('',*,*,#5566,.F.);
#5616 = ORIENTED_EDGE('',*,*,#2478,.T.);
#5617 = ADVANCED_FACE('',(#5618),#3012,.T.);
#5618 = FACE_BOUND('',#5619,.T.);
#5619 = EDGE_LOOP('',(#5620,#5643,#5670,#5671));
#5620 = ORIENTED_EDGE('',*,*,#5621,.T.);
#5621 = EDGE_CURVE('',#2996,#5622,#5624,.T.);
#5622 = VERTEX_POINT('',#5623);
#5623 = CARTESIAN_POINT('',(-7.71,6.35,12.));
#5624 = SEAM_CURVE('',#5625,(#5629,#5636),.PCURVE_S1.);
#5625 = LINE('',#5626,#5627);
#5626 = CARTESIAN_POINT('',(-7.71,6.35,1.8));
#5627 = VECTOR('',#5628,1.);
#5628 = DIRECTION('',(0.,0.,1.));
#5629 = PCURVE('',#3012,#5630);
#5630 = DEFINITIONAL_REPRESENTATION('',(#5631),#5635);
#5631 = LINE('',#5632,#5633);
#5632 = CARTESIAN_POINT('',(6.28318530718,0.));
#5633 = VECTOR('',#5634,1.);
#5634 = DIRECTION('',(0.,1.));
#5635 = ( GEOMETRIC_REPRESENTATION_CONTEXT(2) 
PARAMETRIC_REPRESENTATION_CONTEXT() REPRESENTATION_CONTEXT('2D SPACE',''
  ) );
#5636 = PCURVE('',#3012,#5637);
#5637 = DEFINITIONAL_REPRESENTATION('',(#5638),#5642);
#5638 = LINE('',#5639,#5640);
#5639 = CARTESIAN_POINT('',(0.,0.));
#5640 = VECTOR('',#5641,1.);
#5641 = DIRECTION('',(0.,1.));
#5642 = ( GEOMETRIC_REPRESENTATION_CONTEXT(2) 
PARAMETRIC_REPRESENTATION_CONTEXT() REPRESENTATION_CONTEXT('2D SPACE',''
  ) );
#5643 = ORIENTED_EDGE('',*,*,#5644,.F.);
#5644 = EDGE_CURVE('',#5622,#5622,#5645,.T.);
#5645 = SURFACE_CURVE('',#5646,(#5651,#5658),.PCURVE_S1.);
#5646 = CIRCLE('',#5647,2.45);
#5647 = AXIS2_PLACEMENT_3D('',#5648,#5649,#5650);
#5648 = CARTESIAN_POINT('',(-10.16,6.35,12.));
#5649 = DIRECTION('',(0.,0.,1.));
#5650 = DIRECTION('',(1.,0.,0.));
#5651 = PCURVE('',#3012,#5652);
#5652 = DEFINITIONAL_REPRESENTATION('',(#5653),#5657);
#5653 = LINE('',#5654,#5655);
#5654 = CARTESIAN_POINT('',(0.,10.2));
#5655 = VECTOR('',#5656,1.);
#5656 = DIRECTION('',(1.,0.));
#5657 = ( GEOMETRIC_REPRESENTATION_CONTEXT(2) 
PARAMETRIC_REPRESENTATION_CONTEXT() REPRESENTATION_CONTEXT('2D SPACE',''
  ) );
#5658 = PCURVE('',#5659,#5664);
#5659 = PLANE('',#5660);
#5660 = AXIS2_PLACEMENT_3D('',#5661,#5662,#5663);
#5661 = CARTESIAN_POINT('',(-10.16,6.35,12.));
#5662 = DIRECTION('',(0.,0.,1.));
#5663 = DIRECTION('',(1.,0.,0.));
#5664 = DEFINITIONAL_REPRESENTATION('',(#5665),#5669);
#5665 = CIRCLE('',#5666,2.45);
#5666 = AXIS2_PLACEMENT_2D('',#5667,#5668);
#5667 = CARTESIAN_POINT('',(0.,0.));
#5668 = DIRECTION('',(1.,0.));
#5669 = ( GEOMETRIC_REPRESENTATION_CONTEXT(2) 
PARAMETRIC_REPRESENTATION_CONTEXT() REPRESENTATION_CONTEXT('2D SPACE',''
  ) );
#5670 = ORIENTED_EDGE('',*,*,#5621,.F.);
#5671 = ORIENTED_EDGE('',*,*,#2995,.T.);
#5672 = ADVANCED_FACE('',(#5673),#3043,.T.);
#5673 = FACE_BOUND('',#5674,.T.);
#5674 = EDGE_LOOP('',(#5675,#5698,#5725,#5726));
#5675 = ORIENTED_EDGE('',*,*,#5676,.T.);
#5676 = EDGE_CURVE('',#3027,#5677,#5679,.T.);
#5677 = VERTEX_POINT('',#5678);
#5678 = CARTESIAN_POINT('',(12.61,6.35,12.));
#5679 = SEAM_CURVE('',#5680,(#5684,#5691),.PCURVE_S1.);
#5680 = LINE('',#5681,#5682);
#5681 = CARTESIAN_POINT('',(12.61,6.35,1.8));
#5682 = VECTOR('',#5683,1.);
#5683 = DIRECTION('',(0.,0.,1.));
#5684 = PCURVE('',#3043,#5685);
#5685 = DEFINITIONAL_REPRESENTATION('',(#5686),#5690);
#5686 = LINE('',#5687,#5688);
#5687 = CARTESIAN_POINT('',(6.28318530718,0.));
#5688 = VECTOR('',#5689,1.);
#5689 = DIRECTION('',(0.,1.));
#5690 = ( GEOMETRIC_REPRESENTATION_CONTEXT(2) 
PARAMETRIC_REPRESENTATION_CONTEXT() REPRESENTATION_CONTEXT('2D SPACE',''
  ) );
#5691 = PCURVE('',#3043,#5692);
#5692 = DEFINITIONAL_REPRESENTATION('',(#5693),#5697);
#5693 = LINE('',#5694,#5695);
#5694 = CARTESIAN_POINT('',(0.,0.));
#5695 = VECTOR('',#5696,1.);
#5696 = DIRECTION('',(0.,1.));
#5697 = ( GEOMETRIC_REPRESENTATION_CONTEXT(2) 
PARAMETRIC_REPRESENTATION_CONTEXT() REPRESENTATION_CONTEXT('2D SPACE',''
  ) );
#5698 = ORIENTED_EDGE('',*,*,#5699,.F.);
#5699 = EDGE_CURVE('',#5677,#5677,#5700,.T.);
#5700 = SURFACE_CURVE('',#5701,(#5706,#5713),.PCURVE_S1.);
#5701 = CIRCLE('',#5702,2.45);
#5702 = AXIS2_PLACEMENT_3D('',#5703,#5704,#5705);
#5703 = CARTESIAN_POINT('',(10.16,6.35,12.));
#5704 = DIRECTION('',(0.,0.,1.));
#5705 = DIRECTION('',(1.,0.,0.));
#5706 = PCURVE('',#3043,#5707);
#5707 = DEFINITIONAL_REPRESENTATION('',(#5708),#5712);
#5708 = LINE('',#5709,#5710);
#5709 = CARTESIAN_POINT('',(0.,10.2));
#5710 = VECTOR('',#5711,1.);
#5711 = DIRECTION('',(1.,0.));
#5712 = ( GEOMETRIC_REPRESENTATION_CONTEXT(2) 
PARAMETRIC_REPRESENTATION_CONTEXT() REPRESENTATION_CONTEXT('2D SPACE',''
  ) );
#5713 = PCURVE('',#5714,#5719);
#5714 = PLANE('',#5715);
#5715 = AXIS2_PLACEMENT_3D('',#5716,#5717,#5718);
#5716 = CARTESIAN_POINT('',(10.16,6.35,12.));
#5717 = DIRECTION('',(0.,0.,1.));
#5718 = DIRECTION('',(1.,0.,0.));
#5719 = DEFINITIONAL_REPRESENTATION('',(#5720),#5724);
#5720 = CIRCLE('',#5721,2.45);
#5721 = AXIS2_PLACEMENT_2D('',#5722,#5723);
#5722 = CARTESIAN_POINT('',(0.,0.));
#5723 = DIRECTION('',(1.,0.));
#5724 = ( GEOMETRIC_REPRESENTATION_CONTEXT(2) 
PARAMETRIC_REPRESENTATION_CONTEXT() REPRESENTATION_CONTEXT('2D SPACE',''
  ) );
#5725 = ORIENTED_EDGE('',*,*,#5676,.F.);
#5726 = ORIENTED_EDGE('',*,*,#3026,.T.);
#5727 = ADVANCED_FACE('',(#5728),#3519,.T.);
#5728 = FACE_BOUND('',#5729,.F.);
#5729 = EDGE_LOOP('',(#5730,#5751,#5752,#5753));
#5730 = ORIENTED_EDGE('',*,*,#5731,.T.);
#5731 = EDGE_CURVE('',#4022,#5412,#5732,.T.);
#5732 = SURFACE_CURVE('',#5733,(#5737,#5744),.PCURVE_S1.);
#5733 = LINE('',#5734,#5735);
#5734 = CARTESIAN_POINT('',(16.7,13.999999994414,0.));
#5735 = VECTOR('',#5736,1.);
#5736 = DIRECTION('',(0.,0.,1.));
#5737 = PCURVE('',#3519,#5738);
#5738 = DEFINITIONAL_REPRESENTATION('',(#5739),#5743);
#5739 = LINE('',#5740,#5741);
#5740 = CARTESIAN_POINT('',(0.,0.));
#5741 = VECTOR('',#5742,1.);
#5742 = DIRECTION('',(0.,-1.));
#5743 = ( GEOMETRIC_REPRESENTATION_CONTEXT(2) 
PARAMETRIC_REPRESENTATION_CONTEXT() REPRESENTATION_CONTEXT('2D SPACE',''
  ) );
#5744 = PCURVE('',#4056,#5745);
#5745 = DEFINITIONAL_REPRESENTATION('',(#5746),#5750);
#5746 = LINE('',#5747,#5748);
#5747 = CARTESIAN_POINT('',(27.999999994416,0.));
#5748 = VECTOR('',#5749,1.);
#5749 = DIRECTION('',(0.,-1.));
#5750 = ( GEOMETRIC_REPRESENTATION_CONTEXT(2) 
PARAMETRIC_REPRESENTATION_CONTEXT() REPRESENTATION_CONTEXT('2D SPACE',''
  ) );
#5751 = ORIENTED_EDGE('',*,*,#5484,.F.);
#5752 = ORIENTED_EDGE('',*,*,#3503,.F.);
#5753 = ORIENTED_EDGE('',*,*,#4099,.T.);
#5754 = ADVANCED_FACE('',(#5755),#3646,.F.);
#5755 = FACE_BOUND('',#5756,.F.);
#5756 = EDGE_LOOP('',(#5757,#5776,#5777,#5778));
#5757 = ORIENTED_EDGE('',*,*,#5758,.T.);
#5758 = EDGE_CURVE('',#5099,#3684,#5759,.T.);
#5759 = SURFACE_CURVE('',#5760,(#5764,#5770),.PCURVE_S1.);
#5760 = LINE('',#5761,#5762);
#5761 = CARTESIAN_POINT('',(16.7,-8.,0.));
#5762 = VECTOR('',#5763,1.);
#5763 = DIRECTION('',(0.,0.,-1.));
#5764 = PCURVE('',#3646,#5765);
#5765 = DEFINITIONAL_REPRESENTATION('',(#5766),#5769);
#5766 = B_SPLINE_CURVE_WITH_KNOTS('',1,(#5767,#5768),.UNSPECIFIED.,.F.,
  .F.,(2,2),(-2.,0.),.PIECEWISE_BEZIER_KNOTS.);
#5767 = CARTESIAN_POINT('',(6.000000000001,-2.));
#5768 = CARTESIAN_POINT('',(6.000000000001,0.));
#5769 = ( GEOMETRIC_REPRESENTATION_CONTEXT(2) 
PARAMETRIC_REPRESENTATION_CONTEXT() REPRESENTATION_CONTEXT('2D SPACE',''
  ) );
#5770 = PCURVE('',#3787,#5771);
#5771 = DEFINITIONAL_REPRESENTATION('',(#5772),#5775);
#5772 = B_SPLINE_CURVE_WITH_KNOTS('',1,(#5773,#5774),.UNSPECIFIED.,.F.,
  .F.,(2,2),(-2.,0.),.PIECEWISE_BEZIER_KNOTS.);
#5773 = CARTESIAN_POINT('',(1.7,-2.));
#5774 = CARTESIAN_POINT('',(1.7,0.));
#5775 = ( GEOMETRIC_REPRESENTATION_CONTEXT(2) 
PARAMETRIC_REPRESENTATION_CONTEXT() REPRESENTATION_CONTEXT('2D SPACE',''
  ) );
#5776 = ORIENTED_EDGE('',*,*,#3706,.T.);
#5777 = ORIENTED_EDGE('',*,*,#3630,.T.);
#5778 = ORIENTED_EDGE('',*,*,#5121,.F.);
#5779 = ADVANCED_FACE('',(#5780),#3787,.F.);
#5780 = FACE_BOUND('',#5781,.F.);
#5781 = EDGE_LOOP('',(#5782,#5803,#5804,#5805));
#5782 = ORIENTED_EDGE('',*,*,#5783,.F.);
#5783 = EDGE_CURVE('',#3753,#5168,#5784,.T.);
#5784 = SURFACE_CURVE('',#5785,(#5789,#5796),.PCURVE_S1.);
#5785 = LINE('',#5786,#5787);
#5786 = CARTESIAN_POINT('',(39.,-8.,0.));
#5787 = VECTOR('',#5788,1.);
#5788 = DIRECTION('',(0.,0.,1.));
#5789 = PCURVE('',#3787,#5790);
#5790 = DEFINITIONAL_REPRESENTATION('',(#5791),#5795);
#5791 = LINE('',#5792,#5793);
#5792 = CARTESIAN_POINT('',(24.,0.));
#5793 = VECTOR('',#5794,1.);
#5794 = DIRECTION('',(0.,-1.));
#5795 = ( GEOMETRIC_REPRESENTATION_CONTEXT(2) 
PARAMETRIC_REPRESENTATION_CONTEXT() REPRESENTATION_CONTEXT('2D SPACE',''
  ) );
#5796 = PCURVE('',#3847,#5797);
#5797 = DEFINITIONAL_REPRESENTATION('',(#5798),#5802);
#5798 = LINE('',#5799,#5800);
#5799 = CARTESIAN_POINT('',(4.712388980385,0.));
#5800 = VECTOR('',#5801,1.);
#5801 = DIRECTION('',(0.,-1.));
#5802 = ( GEOMETRIC_REPRESENTATION_CONTEXT(2) 
PARAMETRIC_REPRESENTATION_CONTEXT() REPRESENTATION_CONTEXT('2D SPACE',''
  ) );
#5803 = ORIENTED_EDGE('',*,*,#3773,.F.);
#5804 = ORIENTED_EDGE('',*,*,#5758,.F.);
#5805 = ORIENTED_EDGE('',*,*,#5188,.T.);
#5806 = ADVANCED_FACE('',(#5807),#3847,.T.);
#5807 = FACE_BOUND('',#5808,.T.);
#5808 = EDGE_LOOP('',(#5809,#5830,#5831,#5832));
#5809 = ORIENTED_EDGE('',*,*,#5810,.T.);
#5810 = EDGE_CURVE('',#3812,#5222,#5811,.T.);
#5811 = SURFACE_CURVE('',#5812,(#5816,#5823),.PCURVE_S1.);
#5812 = LINE('',#5813,#5814);
#5813 = CARTESIAN_POINT('',(40.,-7.,0.));
#5814 = VECTOR('',#5815,1.);
#5815 = DIRECTION('',(0.,0.,1.));
#5816 = PCURVE('',#3847,#5817);
#5817 = DEFINITIONAL_REPRESENTATION('',(#5818),#5822);
#5818 = LINE('',#5819,#5820);
#5819 = CARTESIAN_POINT('',(3.14159265359,0.));
#5820 = VECTOR('',#5821,1.);
#5821 = DIRECTION('',(0.,-1.));
#5822 = ( GEOMETRIC_REPRESENTATION_CONTEXT(2) 
PARAMETRIC_REPRESENTATION_CONTEXT() REPRESENTATION_CONTEXT('2D SPACE',''
  ) );
#5823 = PCURVE('',#3899,#5824);
#5824 = DEFINITIONAL_REPRESENTATION('',(#5825),#5829);
#5825 = LINE('',#5826,#5827);
#5826 = CARTESIAN_POINT('',(0.,0.));
#5827 = VECTOR('',#5828,1.);
#5828 = DIRECTION('',(0.,-1.));
#5829 = ( GEOMETRIC_REPRESENTATION_CONTEXT(2) 
PARAMETRIC_REPRESENTATION_CONTEXT() REPRESENTATION_CONTEXT('2D SPACE',''
  ) );
#5830 = ORIENTED_EDGE('',*,*,#5242,.F.);
#5831 = ORIENTED_EDGE('',*,*,#5783,.F.);
#5832 = ORIENTED_EDGE('',*,*,#3832,.T.);
#5833 = ADVANCED_FACE('',(#5834),#3899,.F.);
#5834 = FACE_BOUND('',#5835,.F.);
#5835 = EDGE_LOOP('',(#5836,#5837,#5838,#5859));
#5836 = ORIENTED_EDGE('',*,*,#5810,.T.);
#5837 = ORIENTED_EDGE('',*,*,#5290,.T.);
#5838 = ORIENTED_EDGE('',*,*,#5839,.F.);
#5839 = EDGE_CURVE('',#3865,#5270,#5840,.T.);
#5840 = SURFACE_CURVE('',#5841,(#5845,#5852),.PCURVE_S1.);
#5841 = LINE('',#5842,#5843);
#5842 = CARTESIAN_POINT('',(40.,6.999999998418,0.));
#5843 = VECTOR('',#5844,1.);
#5844 = DIRECTION('',(0.,0.,1.));
#5845 = PCURVE('',#3899,#5846);
#5846 = DEFINITIONAL_REPRESENTATION('',(#5847),#5851);
#5847 = LINE('',#5848,#5849);
#5848 = CARTESIAN_POINT('',(13.999999998418,0.));
#5849 = VECTOR('',#5850,1.);
#5850 = DIRECTION('',(0.,-1.));
#5851 = ( GEOMETRIC_REPRESENTATION_CONTEXT(2) 
PARAMETRIC_REPRESENTATION_CONTEXT() REPRESENTATION_CONTEXT('2D SPACE',''
  ) );
#5852 = PCURVE('',#3952,#5853);
#5853 = DEFINITIONAL_REPRESENTATION('',(#5854),#5858);
#5854 = LINE('',#5855,#5856);
#5855 = CARTESIAN_POINT('',(3.14159265359,0.));
#5856 = VECTOR('',#5857,1.);
#5857 = DIRECTION('',(0.,-1.));
#5858 = ( GEOMETRIC_REPRESENTATION_CONTEXT(2) 
PARAMETRIC_REPRESENTATION_CONTEXT() REPRESENTATION_CONTEXT('2D SPACE',''
  ) );
#5859 = ORIENTED_EDGE('',*,*,#3885,.F.);
#5860 = ADVANCED_FACE('',(#5861),#3952,.T.);
#5861 = FACE_BOUND('',#5862,.T.);
#5862 = EDGE_LOOP('',(#5863,#5884,#5885,#5886));
#5863 = ORIENTED_EDGE('',*,*,#5864,.T.);
#5864 = EDGE_CURVE('',#3917,#5317,#5865,.T.);
#5865 = SURFACE_CURVE('',#5866,(#5870,#5877),.PCURVE_S1.);
#5866 = LINE('',#5867,#5868);
#5867 = CARTESIAN_POINT('',(39.,7.999999999209,0.));
#5868 = VECTOR('',#5869,1.);
#5869 = DIRECTION('',(0.,0.,1.));
#5870 = PCURVE('',#3952,#5871);
#5871 = DEFINITIONAL_REPRESENTATION('',(#5872),#5876);
#5872 = LINE('',#5873,#5874);
#5873 = CARTESIAN_POINT('',(1.570796326795,0.));
#5874 = VECTOR('',#5875,1.);
#5875 = DIRECTION('',(0.,-1.));
#5876 = ( GEOMETRIC_REPRESENTATION_CONTEXT(2) 
PARAMETRIC_REPRESENTATION_CONTEXT() REPRESENTATION_CONTEXT('2D SPACE',''
  ) );
#5877 = PCURVE('',#4006,#5878);
#5878 = DEFINITIONAL_REPRESENTATION('',(#5879),#5883);
#5879 = LINE('',#5880,#5881);
#5880 = CARTESIAN_POINT('',(24.,0.));
#5881 = VECTOR('',#5882,1.);
#5882 = DIRECTION('',(0.,-1.));
#5883 = ( GEOMETRIC_REPRESENTATION_CONTEXT(2) 
PARAMETRIC_REPRESENTATION_CONTEXT() REPRESENTATION_CONTEXT('2D SPACE',''
  ) );
#5884 = ORIENTED_EDGE('',*,*,#5337,.F.);
#5885 = ORIENTED_EDGE('',*,*,#5839,.F.);
#5886 = ORIENTED_EDGE('',*,*,#3937,.T.);
#5887 = ADVANCED_FACE('',(#5888),#4006,.T.);
#5888 = FACE_BOUND('',#5889,.T.);
#5889 = EDGE_LOOP('',(#5890,#5891,#5892,#5911));
#5890 = ORIENTED_EDGE('',*,*,#5864,.F.);
#5891 = ORIENTED_EDGE('',*,*,#3992,.T.);
#5892 = ORIENTED_EDGE('',*,*,#5893,.F.);
#5893 = EDGE_CURVE('',#5365,#3970,#5894,.T.);
#5894 = SURFACE_CURVE('',#5895,(#5899,#5905),.PCURVE_S1.);
#5895 = LINE('',#5896,#5897);
#5896 = CARTESIAN_POINT('',(16.7,8.,0.));
#5897 = VECTOR('',#5898,1.);
#5898 = DIRECTION('',(0.,0.,-1.));
#5899 = PCURVE('',#4006,#5900);
#5900 = DEFINITIONAL_REPRESENTATION('',(#5901),#5904);
#5901 = B_SPLINE_CURVE_WITH_KNOTS('',1,(#5902,#5903),.UNSPECIFIED.,.F.,
  .F.,(2,2),(-2.,0.),.PIECEWISE_BEZIER_KNOTS.);
#5902 = CARTESIAN_POINT('',(1.7,-2.));
#5903 = CARTESIAN_POINT('',(1.7,0.));
#5904 = ( GEOMETRIC_REPRESENTATION_CONTEXT(2) 
PARAMETRIC_REPRESENTATION_CONTEXT() REPRESENTATION_CONTEXT('2D SPACE',''
  ) );
#5905 = PCURVE('',#4056,#5906);
#5906 = DEFINITIONAL_REPRESENTATION('',(#5907),#5910);
#5907 = B_SPLINE_CURVE_WITH_KNOTS('',1,(#5908,#5909),.UNSPECIFIED.,.F.,
  .F.,(2,2),(-2.,0.),.PIECEWISE_BEZIER_KNOTS.);
#5908 = CARTESIAN_POINT('',(22.000000000001,-2.));
#5909 = CARTESIAN_POINT('',(22.000000000001,0.));
#5910 = ( GEOMETRIC_REPRESENTATION_CONTEXT(2) 
PARAMETRIC_REPRESENTATION_CONTEXT() REPRESENTATION_CONTEXT('2D SPACE',''
  ) );
#5911 = ORIENTED_EDGE('',*,*,#5387,.F.);
#5912 = ADVANCED_FACE('',(#5913),#4056,.F.);
#5913 = FACE_BOUND('',#5914,.F.);
#5914 = EDGE_LOOP('',(#5915,#5916,#5917,#5918));
#5915 = ORIENTED_EDGE('',*,*,#5731,.F.);
#5916 = ORIENTED_EDGE('',*,*,#4042,.T.);
#5917 = ORIENTED_EDGE('',*,*,#5893,.F.);
#5918 = ORIENTED_EDGE('',*,*,#5432,.F.);
#5919 = ADVANCED_FACE('',(#5920,#5923),#5549,.T.);
#5920 = FACE_BOUND('',#5921,.T.);
#5921 = EDGE_LOOP('',(#5922));
#5922 = ORIENTED_EDGE('',*,*,#5534,.T.);
#5923 = FACE_BOUND('',#5924,.T.);
#5924 = EDGE_LOOP('',(#5925));
#5925 = ORIENTED_EDGE('',*,*,#5926,.F.);
#5926 = EDGE_CURVE('',#5927,#5927,#5929,.T.);
#5927 = VERTEX_POINT('',#5928);
#5928 = CARTESIAN_POINT('',(-9.36,-6.35,12.));
#5929 = SURFACE_CURVE('',#5930,(#5935,#5942),.PCURVE_S1.);
#5930 = CIRCLE('',#5931,0.8);
#5931 = AXIS2_PLACEMENT_3D('',#5932,#5933,#5934);
#5932 = CARTESIAN_POINT('',(-10.16,-6.35,12.));
#5933 = DIRECTION('',(0.,0.,1.));
#5934 = DIRECTION('',(1.,0.,0.));
#5935 = PCURVE('',#5549,#5936);
#5936 = DEFINITIONAL_REPRESENTATION('',(#5937),#5941);
#5937 = CIRCLE('',#5938,0.8);
#5938 = AXIS2_PLACEMENT_2D('',#5939,#5940);
#5939 = CARTESIAN_POINT('',(0.,0.));
#5940 = DIRECTION('',(1.,0.));
#5941 = ( GEOMETRIC_REPRESENTATION_CONTEXT(2) 
PARAMETRIC_REPRESENTATION_CONTEXT() REPRESENTATION_CONTEXT('2D SPACE',''
  ) );
#5942 = PCURVE('',#5943,#5948);
#5943 = CYLINDRICAL_SURFACE('',#5944,0.8);
#5944 = AXIS2_PLACEMENT_3D('',#5945,#5946,#5947);
#5945 = CARTESIAN_POINT('',(-10.16,-6.35,6.));
#5946 = DIRECTION('',(0.,0.,1.));
#5947 = DIRECTION('',(1.,0.,0.));
#5948 = DEFINITIONAL_REPRESENTATION('',(#5949),#5953);
#5949 = LINE('',#5950,#5951);
#5950 = CARTESIAN_POINT('',(0.,6.));
#5951 = VECTOR('',#5952,1.);
#5952 = DIRECTION('',(1.,0.));
#5953 = ( GEOMETRIC_REPRESENTATION_CONTEXT(2) 
PARAMETRIC_REPRESENTATION_CONTEXT() REPRESENTATION_CONTEXT('2D SPACE',''
  ) );
#5954 = ADVANCED_FACE('',(#5955,#5958),#5604,.T.);
#5955 = FACE_BOUND('',#5956,.T.);
#5956 = EDGE_LOOP('',(#5957));
#5957 = ORIENTED_EDGE('',*,*,#5589,.T.);
#5958 = FACE_BOUND('',#5959,.T.);
#5959 = EDGE_LOOP('',(#5960));
#5960 = ORIENTED_EDGE('',*,*,#5961,.F.);
#5961 = EDGE_CURVE('',#5962,#5962,#5964,.T.);
#5962 = VERTEX_POINT('',#5963);
#5963 = CARTESIAN_POINT('',(10.96,-6.35,12.));
#5964 = SURFACE_CURVE('',#5965,(#5970,#5977),.PCURVE_S1.);
#5965 = CIRCLE('',#5966,0.8);
#5966 = AXIS2_PLACEMENT_3D('',#5967,#5968,#5969);
#5967 = CARTESIAN_POINT('',(10.16,-6.35,12.));
#5968 = DIRECTION('',(0.,0.,1.));
#5969 = DIRECTION('',(1.,0.,0.));
#5970 = PCURVE('',#5604,#5971);
#5971 = DEFINITIONAL_REPRESENTATION('',(#5972),#5976);
#5972 = CIRCLE('',#5973,0.8);
#5973 = AXIS2_PLACEMENT_2D('',#5974,#5975);
#5974 = CARTESIAN_POINT('',(0.,0.));
#5975 = DIRECTION('',(1.,0.));
#5976 = ( GEOMETRIC_REPRESENTATION_CONTEXT(2) 
PARAMETRIC_REPRESENTATION_CONTEXT() REPRESENTATION_CONTEXT('2D SPACE',''
  ) );
#5977 = PCURVE('',#5978,#5983);
#5978 = CYLINDRICAL_SURFACE('',#5979,0.8);
#5979 = AXIS2_PLACEMENT_3D('',#5980,#5981,#5982);
#5980 = CARTESIAN_POINT('',(10.16,-6.35,6.));
#5981 = DIRECTION('',(0.,0.,1.));
#5982 = DIRECTION('',(1.,0.,0.));
#5983 = DEFINITIONAL_REPRESENTATION('',(#5984),#5988);
#5984 = LINE('',#5985,#5986);
#5985 = CARTESIAN_POINT('',(0.,6.));
#5986 = VECTOR('',#5987,1.);
#5987 = DIRECTION('',(1.,0.));
#5988 = ( GEOMETRIC_REPRESENTATION_CONTEXT(2) 
PARAMETRIC_REPRESENTATION_CONTEXT() REPRESENTATION_CONTEXT('2D SPACE',''
  ) );
#5989 = ADVANCED_FACE('',(#5990,#5993),#5659,.T.);
#5990 = FACE_BOUND('',#5991,.T.);
#5991 = EDGE_LOOP('',(#5992));
#5992 = ORIENTED_EDGE('',*,*,#5644,.T.);
#5993 = FACE_BOUND('',#5994,.T.);
#5994 = EDGE_LOOP('',(#5995));
#5995 = ORIENTED_EDGE('',*,*,#5996,.F.);
#5996 = EDGE_CURVE('',#5997,#5997,#5999,.T.);
#5997 = VERTEX_POINT('',#5998);
#5998 = CARTESIAN_POINT('',(-9.36,6.35,12.));
#5999 = SURFACE_CURVE('',#6000,(#6005,#6012),.PCURVE_S1.);
#6000 = CIRCLE('',#6001,0.8);
#6001 = AXIS2_PLACEMENT_3D('',#6002,#6003,#6004);
#6002 = CARTESIAN_POINT('',(-10.16,6.35,12.));
#6003 = DIRECTION('',(0.,0.,1.));
#6004 = DIRECTION('',(1.,0.,0.));
#6005 = PCURVE('',#5659,#6006);
#6006 = DEFINITIONAL_REPRESENTATION('',(#6007),#6011);
#6007 = CIRCLE('',#6008,0.8);
#6008 = AXIS2_PLACEMENT_2D('',#6009,#6010);
#6009 = CARTESIAN_POINT('',(0.,0.));
#6010 = DIRECTION('',(1.,0.));
#6011 = ( GEOMETRIC_REPRESENTATION_CONTEXT(2) 
PARAMETRIC_REPRESENTATION_CONTEXT() REPRESENTATION_CONTEXT('2D SPACE',''
  ) );
#6012 = PCURVE('',#6013,#6018);
#6013 = CYLINDRICAL_SURFACE('',#6014,0.8);
#6014 = AXIS2_PLACEMENT_3D('',#6015,#6016,#6017);
#6015 = CARTESIAN_POINT('',(-10.16,6.35,6.));
#6016 = DIRECTION('',(0.,0.,1.));
#6017 = DIRECTION('',(1.,0.,0.));
#6018 = DEFINITIONAL_REPRESENTATION('',(#6019),#6023);
#6019 = LINE('',#6020,#6021);
#6020 = CARTESIAN_POINT('',(0.,6.));
#6021 = VECTOR('',#6022,1.);
#6022 = DIRECTION('',(1.,0.));
#6023 = ( GEOMETRIC_REPRESENTATION_CONTEXT(2) 
PARAMETRIC_REPRESENTATION_CONTEXT() REPRESENTATION_CONTEXT('2D SPACE',''
  ) );
#6024 = ADVANCED_FACE('',(#6025,#6028),#5714,.T.);
#6025 = FACE_BOUND('',#6026,.T.);
#6026 = EDGE_LOOP('',(#6027));
#6027 = ORIENTED_EDGE('',*,*,#5699,.T.);
#6028 = FACE_BOUND('',#6029,.T.);
#6029 = EDGE_LOOP('',(#6030));
#6030 = ORIENTED_EDGE('',*,*,#6031,.F.);
#6031 = EDGE_CURVE('',#6032,#6032,#6034,.T.);
#6032 = VERTEX_POINT('',#6033);
#6033 = CARTESIAN_POINT('',(10.96,6.35,12.));
#6034 = SURFACE_CURVE('',#6035,(#6040,#6047),.PCURVE_S1.);
#6035 = CIRCLE('',#6036,0.8);
#6036 = AXIS2_PLACEMENT_3D('',#6037,#6038,#6039);
#6037 = CARTESIAN_POINT('',(10.16,6.35,12.));
#6038 = DIRECTION('',(0.,0.,1.));
#6039 = DIRECTION('',(1.,0.,0.));
#6040 = PCURVE('',#5714,#6041);
#6041 = DEFINITIONAL_REPRESENTATION('',(#6042),#6046);
#6042 = CIRCLE('',#6043,0.8);
#6043 = AXIS2_PLACEMENT_2D('',#6044,#6045);
#6044 = CARTESIAN_POINT('',(0.,0.));
#6045 = DIRECTION('',(1.,0.));
#6046 = ( GEOMETRIC_REPRESENTATION_CONTEXT(2) 
PARAMETRIC_REPRESENTATION_CONTEXT() REPRESENTATION_CONTEXT('2D SPACE',''
  ) );
#6047 = PCURVE('',#6048,#6053);
#6048 = CYLINDRICAL_SURFACE('',#6049,0.8);
#6049 = AXIS2_PLACEMENT_3D('',#6050,#6051,#6052);
#6050 = CARTESIAN_POINT('',(10.16,6.35,6.));
#6051 = DIRECTION('',(0.,0.,1.));
#6052 = DIRECTION('',(1.,0.,0.));
#6053 = DEFINITIONAL_REPRESENTATION('',(#6054),#6058);
#6054 = LINE('',#6055,#6056);
#6055 = CARTESIAN_POINT('',(0.,6.));
#6056 = VECTOR('',#6057,1.);
#6057 = DIRECTION('',(1.,0.));
#6058 = ( GEOMETRIC_REPRESENTATION_CONTEXT(2) 
PARAMETRIC_REPRESENTATION_CONTEXT() REPRESENTATION_CONTEXT('2D SPACE',''
  ) );
#6059 = ADVANCED_FACE('',(#6060),#5943,.F.);
#6060 = FACE_BOUND('',#6061,.F.);
#6061 = EDGE_LOOP('',(#6062,#6063,#6086,#6113));
#6062 = ORIENTED_EDGE('',*,*,#5926,.F.);
#6063 = ORIENTED_EDGE('',*,*,#6064,.F.);
#6064 = EDGE_CURVE('',#6065,#5927,#6067,.T.);
#6065 = VERTEX_POINT('',#6066);
#6066 = CARTESIAN_POINT('',(-9.36,-6.35,6.));
#6067 = SEAM_CURVE('',#6068,(#6072,#6079),.PCURVE_S1.);
#6068 = LINE('',#6069,#6070);
#6069 = CARTESIAN_POINT('',(-9.36,-6.35,6.));
#6070 = VECTOR('',#6071,1.);
#6071 = DIRECTION('',(0.,0.,1.));
#6072 = PCURVE('',#5943,#6073);
#6073 = DEFINITIONAL_REPRESENTATION('',(#6074),#6078);
#6074 = LINE('',#6075,#6076);
#6075 = CARTESIAN_POINT('',(6.28318530718,0.));
#6076 = VECTOR('',#6077,1.);
#6077 = DIRECTION('',(0.,1.));
#6078 = ( GEOMETRIC_REPRESENTATION_CONTEXT(2) 
PARAMETRIC_REPRESENTATION_CONTEXT() REPRESENTATION_CONTEXT('2D SPACE',''
  ) );
#6079 = PCURVE('',#5943,#6080);
#6080 = DEFINITIONAL_REPRESENTATION('',(#6081),#6085);
#6081 = LINE('',#6082,#6083);
#6082 = CARTESIAN_POINT('',(0.,0.));
#6083 = VECTOR('',#6084,1.);
#6084 = DIRECTION('',(0.,1.));
#6085 = ( GEOMETRIC_REPRESENTATION_CONTEXT(2) 
PARAMETRIC_REPRESENTATION_CONTEXT() REPRESENTATION_CONTEXT('2D SPACE',''
  ) );
#6086 = ORIENTED_EDGE('',*,*,#6087,.T.);
#6087 = EDGE_CURVE('',#6065,#6065,#6088,.T.);
#6088 = SURFACE_CURVE('',#6089,(#6094,#6101),.PCURVE_S1.);
#6089 = CIRCLE('',#6090,0.8);
#6090 = AXIS2_PLACEMENT_3D('',#6091,#6092,#6093);
#6091 = CARTESIAN_POINT('',(-10.16,-6.35,6.));
#6092 = DIRECTION('',(0.,0.,1.));
#6093 = DIRECTION('',(1.,0.,0.));
#6094 = PCURVE('',#5943,#6095);
#6095 = DEFINITIONAL_REPRESENTATION('',(#6096),#6100);
#6096 = LINE('',#6097,#6098);
#6097 = CARTESIAN_POINT('',(0.,0.));
#6098 = VECTOR('',#6099,1.);
#6099 = DIRECTION('',(1.,0.));
#6100 = ( GEOMETRIC_REPRESENTATION_CONTEXT(2) 
PARAMETRIC_REPRESENTATION_CONTEXT() REPRESENTATION_CONTEXT('2D SPACE',''
  ) );
#6101 = PCURVE('',#6102,#6107);
#6102 = PLANE('',#6103);
#6103 = AXIS2_PLACEMENT_3D('',#6104,#6105,#6106);
#6104 = CARTESIAN_POINT('',(-10.16,-6.35,6.));
#6105 = DIRECTION('',(0.,0.,1.));
#6106 = DIRECTION('',(1.,0.,0.));
#6107 = DEFINITIONAL_REPRESENTATION('',(#6108),#6112);
#6108 = CIRCLE('',#6109,0.8);
#6109 = AXIS2_PLACEMENT_2D('',#6110,#6111);
#6110 = CARTESIAN_POINT('',(0.,0.));
#6111 = DIRECTION('',(1.,0.));
#6112 = ( GEOMETRIC_REPRESENTATION_CONTEXT(2) 
PARAMETRIC_REPRESENTATION_CONTEXT() REPRESENTATION_CONTEXT('2D SPACE',''
  ) );
#6113 = ORIENTED_EDGE('',*,*,#6064,.T.);
#6114 = ADVANCED_FACE('',(#6115),#5978,.F.);
#6115 = FACE_BOUND('',#6116,.F.);
#6116 = EDGE_LOOP('',(#6117,#6118,#6141,#6168));
#6117 = ORIENTED_EDGE('',*,*,#5961,.F.);
#6118 = ORIENTED_EDGE('',*,*,#6119,.F.);
#6119 = EDGE_CURVE('',#6120,#5962,#6122,.T.);
#6120 = VERTEX_POINT('',#6121);
#6121 = CARTESIAN_POINT('',(10.96,-6.35,6.));
#6122 = SEAM_CURVE('',#6123,(#6127,#6134),.PCURVE_S1.);
#6123 = LINE('',#6124,#6125);
#6124 = CARTESIAN_POINT('',(10.96,-6.35,6.));
#6125 = VECTOR('',#6126,1.);
#6126 = DIRECTION('',(0.,0.,1.));
#6127 = PCURVE('',#5978,#6128);
#6128 = DEFINITIONAL_REPRESENTATION('',(#6129),#6133);
#6129 = LINE('',#6130,#6131);
#6130 = CARTESIAN_POINT('',(6.28318530718,0.));
#6131 = VECTOR('',#6132,1.);
#6132 = DIRECTION('',(0.,1.));
#6133 = ( GEOMETRIC_REPRESENTATION_CONTEXT(2) 
PARAMETRIC_REPRESENTATION_CONTEXT() REPRESENTATION_CONTEXT('2D SPACE',''
  ) );
#6134 = PCURVE('',#5978,#6135);
#6135 = DEFINITIONAL_REPRESENTATION('',(#6136),#6140);
#6136 = LINE('',#6137,#6138);
#6137 = CARTESIAN_POINT('',(0.,0.));
#6138 = VECTOR('',#6139,1.);
#6139 = DIRECTION('',(0.,1.));
#6140 = ( GEOMETRIC_REPRESENTATION_CONTEXT(2) 
PARAMETRIC_REPRESENTATION_CONTEXT() REPRESENTATION_CONTEXT('2D SPACE',''
  ) );
#6141 = ORIENTED_EDGE('',*,*,#6142,.T.);
#6142 = EDGE_CURVE('',#6120,#6120,#6143,.T.);
#6143 = SURFACE_CURVE('',#6144,(#6149,#6156),.PCURVE_S1.);
#6144 = CIRCLE('',#6145,0.8);
#6145 = AXIS2_PLACEMENT_3D('',#6146,#6147,#6148);
#6146 = CARTESIAN_POINT('',(10.16,-6.35,6.));
#6147 = DIRECTION('',(0.,0.,1.));
#6148 = DIRECTION('',(1.,0.,0.));
#6149 = PCURVE('',#5978,#6150);
#6150 = DEFINITIONAL_REPRESENTATION('',(#6151),#6155);
#6151 = LINE('',#6152,#6153);
#6152 = CARTESIAN_POINT('',(0.,0.));
#6153 = VECTOR('',#6154,1.);
#6154 = DIRECTION('',(1.,0.));
#6155 = ( GEOMETRIC_REPRESENTATION_CONTEXT(2) 
PARAMETRIC_REPRESENTATION_CONTEXT() REPRESENTATION_CONTEXT('2D SPACE',''
  ) );
#6156 = PCURVE('',#6157,#6162);
#6157 = PLANE('',#6158);
#6158 = AXIS2_PLACEMENT_3D('',#6159,#6160,#6161);
#6159 = CARTESIAN_POINT('',(10.16,-6.35,6.));
#6160 = DIRECTION('',(0.,0.,1.));
#6161 = DIRECTION('',(1.,0.,0.));
#6162 = DEFINITIONAL_REPRESENTATION('',(#6163),#6167);
#6163 = CIRCLE('',#6164,0.8);
#6164 = AXIS2_PLACEMENT_2D('',#6165,#6166);
#6165 = CARTESIAN_POINT('',(0.,0.));
#6166 = DIRECTION('',(1.,0.));
#6167 = ( GEOMETRIC_REPRESENTATION_CONTEXT(2) 
PARAMETRIC_REPRESENTATION_CONTEXT() REPRESENTATION_CONTEXT('2D SPACE',''
  ) );
#6168 = ORIENTED_EDGE('',*,*,#6119,.T.);
#6169 = ADVANCED_FACE('',(#6170),#6013,.F.);
#6170 = FACE_BOUND('',#6171,.F.);
#6171 = EDGE_LOOP('',(#6172,#6173,#6196,#6223));
#6172 = ORIENTED_EDGE('',*,*,#5996,.F.);
#6173 = ORIENTED_EDGE('',*,*,#6174,.F.);
#6174 = EDGE_CURVE('',#6175,#5997,#6177,.T.);
#6175 = VERTEX_POINT('',#6176);
#6176 = CARTESIAN_POINT('',(-9.36,6.35,6.));
#6177 = SEAM_CURVE('',#6178,(#6182,#6189),.PCURVE_S1.);
#6178 = LINE('',#6179,#6180);
#6179 = CARTESIAN_POINT('',(-9.36,6.35,6.));
#6180 = VECTOR('',#6181,1.);
#6181 = DIRECTION('',(0.,0.,1.));
#6182 = PCURVE('',#6013,#6183);
#6183 = DEFINITIONAL_REPRESENTATION('',(#6184),#6188);
#6184 = LINE('',#6185,#6186);
#6185 = CARTESIAN_POINT('',(6.28318530718,0.));
#6186 = VECTOR('',#6187,1.);
#6187 = DIRECTION('',(0.,1.));
#6188 = ( GEOMETRIC_REPRESENTATION_CONTEXT(2) 
PARAMETRIC_REPRESENTATION_CONTEXT() REPRESENTATION_CONTEXT('2D SPACE',''
  ) );
#6189 = PCURVE('',#6013,#6190);
#6190 = DEFINITIONAL_REPRESENTATION('',(#6191),#6195);
#6191 = LINE('',#6192,#6193);
#6192 = CARTESIAN_POINT('',(0.,0.));
#6193 = VECTOR('',#6194,1.);
#6194 = DIRECTION('',(0.,1.));
#6195 = ( GEOMETRIC_REPRESENTATION_CONTEXT(2) 
PARAMETRIC_REPRESENTATION_CONTEXT() REPRESENTATION_CONTEXT('2D SPACE',''
  ) );
#6196 = ORIENTED_EDGE('',*,*,#6197,.T.);
#6197 = EDGE_CURVE('',#6175,#6175,#6198,.T.);
#6198 = SURFACE_CURVE('',#6199,(#6204,#6211),.PCURVE_S1.);
#6199 = CIRCLE('',#6200,0.8);
#6200 = AXIS2_PLACEMENT_3D('',#6201,#6202,#6203);
#6201 = CARTESIAN_POINT('',(-10.16,6.35,6.));
#6202 = DIRECTION('',(0.,0.,1.));
#6203 = DIRECTION('',(1.,0.,0.));
#6204 = PCURVE('',#6013,#6205);
#6205 = DEFINITIONAL_REPRESENTATION('',(#6206),#6210);
#6206 = LINE('',#6207,#6208);
#6207 = CARTESIAN_POINT('',(0.,0.));
#6208 = VECTOR('',#6209,1.);
#6209 = DIRECTION('',(1.,0.));
#6210 = ( GEOMETRIC_REPRESENTATION_CONTEXT(2) 
PARAMETRIC_REPRESENTATION_CONTEXT() REPRESENTATION_CONTEXT('2D SPACE',''
  ) );
#6211 = PCURVE('',#6212,#6217);
#6212 = PLANE('',#6213);
#6213 = AXIS2_PLACEMENT_3D('',#6214,#6215,#6216);
#6214 = CARTESIAN_POINT('',(-10.16,6.35,6.));
#6215 = DIRECTION('',(0.,0.,1.));
#6216 = DIRECTION('',(1.,0.,0.));
#6217 = DEFINITIONAL_REPRESENTATION('',(#6218),#6222);
#6218 = CIRCLE('',#6219,0.8);
#6219 = AXIS2_PLACEMENT_2D('',#6220,#6221);
#6220 = CARTESIAN_POINT('',(0.,0.));
#6221 = DIRECTION('',(1.,0.));
#6222 = ( GEOMETRIC_REPRESENTATION_CONTEXT(2) 
PARAMETRIC_REPRESENTATION_CONTEXT() REPRESENTATION_CONTEXT('2D SPACE',''
  ) );
#6223 = ORIENTED_EDGE('',*,*,#6174,.T.);
#6224 = ADVANCED_FACE('',(#6225),#6048,.F.);
#6225 = FACE_BOUND('',#6226,.F.);
#6226 = EDGE_LOOP('',(#6227,#6228,#6251,#6278));
#6227 = ORIENTED_EDGE('',*,*,#6031,.F.);
#6228 = ORIENTED_EDGE('',*,*,#6229,.F.);
#6229 = EDGE_CURVE('',#6230,#6032,#6232,.T.);
#6230 = VERTEX_POINT('',#6231);
#6231 = CARTESIAN_POINT('',(10.96,6.35,6.));
#6232 = SEAM_CURVE('',#6233,(#6237,#6244),.PCURVE_S1.);
#6233 = LINE('',#6234,#6235);
#6234 = CARTESIAN_POINT('',(10.96,6.35,6.));
#6235 = VECTOR('',#6236,1.);
#6236 = DIRECTION('',(0.,0.,1.));
#6237 = PCURVE('',#6048,#6238);
#6238 = DEFINITIONAL_REPRESENTATION('',(#6239),#6243);
#6239 = LINE('',#6240,#6241);
#6240 = CARTESIAN_POINT('',(6.28318530718,0.));
#6241 = VECTOR('',#6242,1.);
#6242 = DIRECTION('',(0.,1.));
#6243 = ( GEOMETRIC_REPRESENTATION_CONTEXT(2) 
PARAMETRIC_REPRESENTATION_CONTEXT() REPRESENTATION_CONTEXT('2D SPACE',''
  ) );
#6244 = PCURVE('',#6048,#6245);
#6245 = DEFINITIONAL_REPRESENTATION('',(#6246),#6250);
#6246 = LINE('',#6247,#6248);
#6247 = CARTESIAN_POINT('',(0.,0.));
#6248 = VECTOR('',#6249,1.);
#6249 = DIRECTION('',(0.,1.));
#6250 = ( GEOMETRIC_REPRESENTATION_CONTEXT(2) 
PARAMETRIC_REPRESENTATION_CONTEXT() REPRESENTATION_CONTEXT('2D SPACE',''
  ) );
#6251 = ORIENTED_EDGE('',*,*,#6252,.T.);
#6252 = EDGE_CURVE('',#6230,#6230,#6253,.T.);
#6253 = SURFACE_CURVE('',#6254,(#6259,#6266),.PCURVE_S1.);
#6254 = CIRCLE('',#6255,0.8);
#6255 = AXIS2_PLACEMENT_3D('',#6256,#6257,#6258);
#6256 = CARTESIAN_POINT('',(10.16,6.35,6.));
#6257 = DIRECTION('',(0.,0.,1.));
#6258 = DIRECTION('',(1.,0.,0.));
#6259 = PCURVE('',#6048,#6260);
#6260 = DEFINITIONAL_REPRESENTATION('',(#6261),#6265);
#6261 = LINE('',#6262,#6263);
#6262 = CARTESIAN_POINT('',(0.,0.));
#6263 = VECTOR('',#6264,1.);
#6264 = DIRECTION('',(1.,0.));
#6265 = ( GEOMETRIC_REPRESENTATION_CONTEXT(2) 
PARAMETRIC_REPRESENTATION_CONTEXT() REPRESENTATION_CONTEXT('2D SPACE',''
  ) );
#6266 = PCURVE('',#6267,#6272);
#6267 = PLANE('',#6268);
#6268 = AXIS2_PLACEMENT_3D('',#6269,#6270,#6271);
#6269 = CARTESIAN_POINT('',(10.16,6.35,6.));
#6270 = DIRECTION('',(0.,0.,1.));
#6271 = DIRECTION('',(1.,0.,0.));
#6272 = DEFINITIONAL_REPRESENTATION('',(#6273),#6277);
#6273 = CIRCLE('',#6274,0.8);
#6274 = AXIS2_PLACEMENT_2D('',#6275,#6276);
#6275 = CARTESIAN_POINT('',(0.,0.));
#6276 = DIRECTION('',(1.,0.));
#6277 = ( GEOMETRIC_REPRESENTATION_CONTEXT(2) 
PARAMETRIC_REPRESENTATION_CONTEXT() REPRESENTATION_CONTEXT('2D SPACE',''
  ) );
#6278 = ORIENTED_EDGE('',*,*,#6229,.T.);
#6279 = ADVANCED_FACE('',(#6280),#6102,.T.);
#6280 = FACE_BOUND('',#6281,.F.);
#6281 = EDGE_LOOP('',(#6282));
#6282 = ORIENTED_EDGE('',*,*,#6087,.F.);
#6283 = ADVANCED_FACE('',(#6284),#6157,.T.);
#6284 = FACE_BOUND('',#6285,.F.);
#6285 = EDGE_LOOP('',(#6286));
#6286 = ORIENTED_EDGE('',*,*,#6142,.F.);
#6287 = ADVANCED_FACE('',(#6288),#6212,.T.);
#6288 = FACE_BOUND('',#6289,.F.);
#6289 = EDGE_LOOP('',(#6290));
#6290 = ORIENTED_EDGE('',*,*,#6197,.F.);
#6291 = ADVANCED_FACE('',(#6292),#6267,.T.);
#6292 = FACE_BOUND('',#6293,.F.);
#6293 = EDGE_LOOP('',(#6294));
#6294 = ORIENTED_EDGE('',*,*,#6252,.F.);
#6295 = ( GEOMETRIC_REPRESENTATION_CONTEXT(3) 
GLOBAL_UNCERTAINTY_ASSIGNED_CONTEXT((#6299)) 
GLOBAL_UNIT_ASSIGNED_CONTEXT((#6296,#6297,#6298)) REPRESENTATION_CONTEXT
('Context #1','3D Context with UNIT and UNCERTAINTY') );
#6296 = ( LENGTH_UNIT() NAMED_UNIT(*) SI_UNIT(.MILLI.,.METRE.) );
#6297 = ( NAMED_UNIT(*) PLANE_ANGLE_UNIT() SI_UNIT($,.RADIAN.) );
#6298 = ( NAMED_UNIT(*) SI_UNIT($,.STERADIAN.) SOLID_ANGLE_UNIT() );
#6299 = UNCERTAINTY_MEASURE_WITH_UNIT(LENGTH_MEASURE(5.E-06),#6296,
  'distance_accuracy_value','confusion accuracy');
#6300 = CONTEXT_DEPENDENT_SHAPE_REPRESENTATION(#6301,#6303);
#6301 = ( REPRESENTATION_RELATIONSHIP('','',#32,#10) 
REPRESENTATION_RELATIONSHIP_WITH_TRANSFORMATION(#6302) 
SHAPE_REPRESENTATION_RELATIONSHIP() );
#6302 = ITEM_DEFINED_TRANSFORMATION('','',#11,#15);
#6303 = PRODUCT_DEFINITION_SHAPE('Placement','Placement of an item',
  #6304);
#6304 = NEXT_ASSEMBLY_USAGE_OCCURRENCE('1','=>[0:1:1:2]','',#5,#27,$);
#6305 = PRODUCT_RELATED_PRODUCT_CATEGORY('part',$,(#29));
ENDSEC;
END-ISO-10303-21;
